ds,daily_items_sold,daily_net_sales,avg_discount_rate_daily,is_mega_sale_day,is_payday,platform_name,scaled_discount_rate,is_weekend,lag_1_net_sales,lag_7_net_sales,lag_14_net_sales,lag_30_net_sales,lag_60_net_sales,rolling_7_net_sales,rolling_14_net_sales,daily_sales_growth_smoothed,daily_growth_rate,scaled_discount_on_event,fourier_week_fourier_1,fourier_week_fourier_2,fourier_week_fourier_3,fourier_week_fourier_4,fourier_week_fourier_5,fourier_week_fourier_6,fourier_month_fourier_1,fourier_month_fourier_2,fourier_month_fourier_3,fourier_month_fourier_4,fourier_month_fourier_5,fourier_month_fourier_6,fourier_month_fourier_7,fourier_month_fourier_8,fourier_year_fourier_1,fourier_year_fourier_2,fourier_year_fourier_3,fourier_year_fourier_4,fourier_year_fourier_5,fourier_year_fourier_6,fourier_year_fourier_7,fourier_year_fourier_8,fourier_year_fourier_9,fourier_year_fourier_10,fourier_year_fourier_11,fourier_year_fourier_12,fourier_year_fourier_13,fourier_year_fourier_14,fourier_year_fourier_15,fourier_year_fourier_16,fourier_year_fourier_17,fourier_year_fourier_18,fourier_year_fourier_19,fourier_year_fourier_20
2022-10-05,1.0,350.0,0.0,0,0,Lazada,0.0,0,6750.0,8164.0,14022.0,13157.0,10339.0,15455.857142857143,13313.714285714286,0.2236218377978583,-0.9481481481481482,0.0,-0.4338837391175218,-0.9009688679024366,0.7818314824679795,0.6234898018587965,-0.974927912181822,-0.22252093395632147,0.2546711202412336,-0.967027724791319,-0.49254806795387324,0.8702852410301503,0.6979441547663747,-0.7161521883143629,-0.8573146280763427,0.5147928015098133,0.26348932231871813,0.9646623124306364,0.5083564379375117,0.8611467540480454,0.7172952716008847,0.6967693257736114,0.8755389928586298,0.48314746401496944,0.9719036673475078,0.23537897398974478,0.9995786855478959,-0.029025013321973853,0.9566081051665105,-0.2913776469287554,0.8460288880917349,-0.5331370560318076,0.6756562619728756,-0.7372168036994551,0.4575313760742532,-0.8891934772070701
2022-10-06,0.0,0.0,0.0,0,0,Lazada,0.0,0,7143.0,13876.0,7418.0,7814.0,17709.0,10377.857142857143,12116.142857142857,2.4720347313184448,-1.0,0.0,-0.9749279121818067,-0.2225209339563884,0.43388373911769484,-0.9009688679023533,0.7818314824679587,0.6234898018588226,0.0514787547703495,-0.9986740898848303,-0.10282099713736631,0.9946998756145884,0.15389057670409867,-0.9880878960910714,-0.20455206612621246,0.9788556850953554,0.28004404847434183,0.9599871514317785,0.5376773767406127,0.843150661828201,0.752282698098721,0.6588404527207696,0.9066860720977971,0.42180607708266654,0.9885312610933429,0.15101637606963442,0.9912685467787268,-0.13185851571738255,0.9146788759587116,-0.4041813378607527,0.764891390434127,-0.6441592666722631,0.5538929381563789,-0.8325879011014357,0.2985688173637245,-0.9543881083175895
2022-10-07,0.0,0.0,0.0,0,0,Lazada,0.0,0,10519.0,10131.0,11875.0,21720.0,13375.0,7084.0,11510.57142857143,2.7283769436667096,-1.0,0.0,-0.7818314824680284,0.6234898018587353,-0.9749279121818246,-0.22252093395631,-0.4338837391175642,-0.9009688679024161,-0.15389057670406092,-0.9880878960910773,0.30411483232751624,0.9526353808033831,-0.4470937929850861,-0.8944870822288095,0.5794210982045608,0.8150283375168134,0.29651590509054826,0.9550279147901034,0.566361933081453,0.824156636056666,0.7852670068439949,0.6191572723971457,0.9335418911179217,0.3584683215124796,0.9978501244431207,0.06553723482760446,0.9724075561219973,-0.2332885440754534,0.8595025968555485,-0.5111313784131908,0.6692903895412547,-0.7430009249440511,0.41887941336973905,-0.9080418696596668,0.13079267585676627,-0.9914097417023029
2022-10-08,0.0,0.0,0.0,0,0,Lazada,0.0,1,3012.0,6750.0,12837.0,15918.0,7801.0,3967.714285714286,10146.57142857143,3.0920846560846558,-1.0,0.0,-3.331286885935436e-14,1.0,-6.662573771870872e-14,1.0,-9.993860657806308e-14,1.0,-0.3527520865490959,-0.9357168190404932,0.6601521206712335,0.7511319308705183,-0.8826787983255358,-0.46997674302734194,0.9917226741361022,0.12839835514654616,0.3129000178799544,0.9497860700235207,0.5943761565849826,0.8041871576214483,0.8161603698771184,0.5778254499777985,0.9559793438440761,0.2934339689665285,0.9997913581495419,-0.02042645758555212,0.9431964659565848,-0.33223549871590935,0.7918783711724253,-0.6106788397097992,0.5610336262283699,-0.8277930117131007,0.27384547484056115,-0.9617737030660318,-0.04084439154328633,-0.9991655196610113
2022-10-09,1.0,350.0,0.0,0,0,Lazada,0.0,1,7010.0,7143.0,34875.0,8117.0,13598.0,3954.8571428571427,9147.214285714286,-0.9875178316690452,-0.9500713266761769,0.0,0.7818314824679868,0.6234898018587873,0.9749279121818543,-0.2225209339561801,0.4338837391175394,-0.9009688679024281,-0.5366961939916033,-0.8437755598231839,0.9057022630804743,0.4239143907098547,-0.9917226741361039,0.12839835514653256,0.7678804460365916,-0.6405931786981853,0.3291915385199928,0.9442631682782295,0.6216868902665464,0.7832658619336802,0.8448805268402666,0.5349550405091195,0.9738922359149915,0.2270108209414221,0.9943406096530525,-0.10623912647794095,0.903946192922402,-0.4276462092677728,0.7127855825108563,-0.7013820024527713,0.4421681519670787,-0.8969321743510031,0.12226061766546903,-0.992498030913945,-0.21127575558216713,-0.9774264960104081
2022-10-10,0.0,0.0,0.0,0,0,Lazada,0.0,0,59794.0,10519.0,19700.0,10932.0,10539.0,11526.42857142857,9961.0,33.177985734664766,-1.0,0.0,0.9749279121818468,-0.22252093395621259,-0.43388373911736994,-0.9009688679025097,-0.7818314824679417,0.6234898018588441,-0.6979441547663271,-0.7161521883144094,0.9996684675143119,0.025747913655034618,-0.7338853664322075,0.6792733388972841,0.05147875477043856,-0.9986740898848258,0.3453856460876004,0.9384608438697114,0.64826180977571,0.7614175109533017,0.8713510040136413,0.4906601958631038,0.9871957872910075,0.15951325197264243,0.9815381791978484,-0.1912663137538141,0.8550745085896907,-0.5185051443911614,0.6233697106072852,-0.7819272369583947,0.31494162072896326,-0.9491110448902246,-0.03224895228930453,-0.9994798672690922,-0.37547037868760613,-0.9268343944460551
2022-10-11,2.0,660.0,0.0,0,0,Lazada,0.0,0,17470.0,3012.0,14695.0,9165.0,7944.0,12519.42857142857,9078.07142857143,33.1855415446247,-0.9622209502003435,0.0,0.4338837391175818,-0.9009688679024077,-0.7818314824680626,0.6234898018586924,0.9749279121818665,-0.2225209339561266,-0.829677013552623,-0.5582437220268586,0.9263239682514893,-0.37672789363519893,-0.20455206612626234,0.978855685095345,-0.697944154766365,-0.7161521883143724,0.36147754848581176,0.9323808137991084,0.6740694616546156,0.7386679638813752,0.8955013179435031,0.44505886078298573,0.9958270335100593,0.09126072172931339,0.9614787218710211,-0.2748793687952365,0.7971015927871955,-0.6038452208771019,0.5249257416559565,-0.8511480281049495,0.1817597875913783,-0.9833429613388897,-0.1859870643151508,-0.9825521929686137,-0.5285813283559141,-0.8488826652214647
2022-10-12,0.0,0.0,0.0,0,0,Lazada,0.0,0,660.0,0.0,6750.0,12891.0,10286.0,12183.42857142857,8075.571428571428,33.1855415446247,-1.0,0.0,-0.4338837391175024,-0.900968867902446,0.7818314824679526,0.6234898018588303,-0.9749279121818076,-0.22252093395638453,-0.9263239682514985,-0.3767278936351762,0.6979441547663299,-0.7161521883144066,0.40045390565121464,0.9163169044870274,-0.9996684675143122,0.02574791365502679,0.3774624838618099,0.926024877245138,0.6990793005655548,0.7150441465537458,0.917267163119859,0.3982724588294375,0.9997451236925733,0.02257626304154944,0.9343105477678233,-0.35646009640602133,0.730644496918498,-0.6827580970759081,0.41887941336973816,-0.9080418696596672,0.04514101777397984,-0.9989806246941575,-0.3352760024840106,-0.9421199510456945,-0.6660888558609618,-0.7458723993404199
2022-10-13,0.0,0.0,0.0,0,0,Lazada,0.0,0,9311.0,350.0,7143.0,13833.0,9670.0,12512.142857142857,8233.5,33.17555580995993,-1.0,0.0,-0.974927912181802,-0.2225209339564094,0.4338837391177337,-0.9009688679023345,0.7818314824679184,0.6234898018588731,-0.9837979515735134,-0.17928075881075217,0.35275208654912615,-0.9357168190404818,0.8573146280763064,0.5147928015098738,-0.6601521206712821,0.7511319308704756,0.39333572201604594,0.9193949150316831,0.7232617254437366,0.6905740195722316,0.9365905832039807,0.3504255690637132,0.998931513884858,-0.04621504698370196,0.9002345254573012,-0.4354053274532451,0.65641057619794,-0.7544038410927455,0.3067665664014996,-0.9517847833088289,-0.09233133369537848,-0.9957283388645884,-0.4765444837967748,-0.879150359701266,-0.783933816682906,-0.6208444016506648
2022-10-14,0.0,0.0,0.0,0,0,Lazada,0.0,0,7948.0,0.0,10519.0,10237.0,11072.0,5055.571428571428,8291.0,-0.9905552375500859,-1.0,0.0,-0.7818314824681127,0.6234898018586296,-0.9749279121817644,-0.22252093395657374,-0.43388373911750594,-0.9009688679024442,-0.9996684675143135,0.025747913654973878,-0.05147875477031721,-0.998674089884832,0.99701752644853,-0.07717546212660244,0.10282099713730199,0.994699875614595,0.4090925658019742,0.9124928890712286,0.7465881145324101,0.6652865452111149,0.9534201253498669,0.3016455943285832,0.9933900548258946,-0.11478762552211845,0.8595025968555408,-0.5111313784132039,0.5751899607119857,-0.8180198708443116,0.19021090117412814,-0.9817432521156059,-0.228057771221503,-0.9736476020539878,-0.6064130902482642,-0.7951497745554297,-0.8786374941610016,-0.4774894280028364
2022-10-15,0.0,0.0,0.0,0,0,Lazada,0.0,1,19081.0,0.0,0.0,11875.0,13070.0,5975.714285714285,9079.57142857143,-0.13110200364298732,-1.0,0.0,5.881275742962919e-14,1.0,1.1762551485925838e-13,1.0,-1.646222408759605e-13,1.0,-0.9732643737003789,0.22968774213181095,-0.44709379298514224,-0.8944870822287814,0.7678804460366242,-0.6405931786981461,0.7998392447397574,0.6002142805483176,0.4247283525160183,0.9053208417842974,0.769030859258919,0.6392116531380577,0.9677109772087531,0.2520624220102635,0.9831469737221493,-0.18281692498502278,0.8124159144868895,-0.5830783668499724,0.48784714544231444,-0.8729290708206396,0.07090046226091724,-0.9974833955766824,-0.3594718130884287,-0.9331559438780411,-0.721775111106782,-0.6921276536787072,-0.9474042892438848,-0.3200392362231382
2022-10-16,0.0,0.0,0.0,0,0,Lazada,0.0,1,12382.0,0.0,350.0,12837.0,8502.0,6414.428571428572,9463.285714285714,-0.13110200364298732,-1.0,0.0,0.7818314824680443,0.6234898018587154,0.9749279121818133,-0.22252093395635975,0.4338837391175977,-0.9009688679024,-0.905702263080476,0.42391439070985115,-0.7678804460365866,-0.6405931786981913,0.2546711202412592,-0.9670277247913123,0.9837979515735239,-0.17928075881069433,0.44023845527732763,0.897880895495072,0.7905633969115483,0.6123802049900647,0.9794250862518068,0.20180807818479643,0.9682507501166717,-0.24998096907265258,0.7593226149052595,-0.6507143509201552,0.39531178876491124,-0.9185469991587182,-0.04943680911325278,-0.9987772533977232,-0.48408852163897675,-0.8750190302029951,-0.8198708615029249,-0.5725484874300619,-0.9882042449941418,-0.15314166701312226
2022-10-17,1.0,350.0,0.0,0,0,Lazada,0.0,0,8366.0,0.0,0.0,34875.0,13225.0,6474.142857142857,5764.857142857143,-0.12064300292579871,-0.9581639971312456,0.0,0.9749279121818264,-0.2225209339563024,-0.4338837391175359,-0.9009688679024298,-0.7818314824681237,0.6234898018586158,-0.7998392447397245,0.6002142805483615,-0.9601498736715971,-0.27948563485162564,-0.35275208654907114,-0.9357168190405025,0.5366961939916289,-0.8437755598231675,0.4556182843969648,0.890175251803355,0.8111602420785614,0.5848239578463331,0.988531261093343,0.15101637606963345,0.9487718864399479,-0.3159618766579008,0.7006152447379066,-0.7135392622980484,0.2985688173637226,-0.9543881083175901,-0.16905810038314326,-0.9856060869814284,-0.5995514915196455,-0.8003361849976349,-0.8983536994820055,-0.4392728430337967,-0.9998329697701052,0.018276557681686328
2022-10-18,14.0,4752.45,0.0,0,0,Lazada,0.0,0,84774.0,19081.0,660.0,19700.0,8348.0,17850.428571428572,10597.285714285714,47.461864961005695,-0.9439397692688796,0.0,0.43388373911749883,-0.9009688679024477,-0.7818314824679478,0.6234898018588364,0.9749279121818303,-0.22252093395628522,-0.6601521206712365,0.7511319308705157,-0.9917226741361032,0.12839835514653838,-0.8296770135526083,-0.5582437220268806,-0.25467112024120425,-0.9670277247913268,0.47086328873605704,0.8822061909330859,0.8307970168121255,0.5565755266413291,0.9950052545447354,0.09982255971656069,0.9248025743285079,-0.38044736628785414,0.6367278583822003,-0.7710886034432209,0.19864794288016704,-0.9800709131432673,-0.28623096833217715,-0.9581606508136431,-0.7036774074790166,-0.7105196029692706,-0.9553461622632785,-0.2954889342239834,-0.9819471901866474,0.18915526872003352
2022-10-19,6.0,2060.0,0.0,0,0,Lazada,0.0,0,4752.45,0.0,0.0,10131.0,13935.0,15803.492857142857,10889.603571428572,47.548557088224285,-0.5665393639070374,0.0,-0.4338837391175854,-0.900968867902406,0.7818314824680676,0.6234898018586862,-0.9749279121818438,-0.22252093395622594,-0.4925480679538681,0.8702852410301531,-0.8573146280763366,0.5147928015098234,-0.9996684675143134,0.02574791365497584,-0.8826787983255394,-0.469976743027335,0.48596895705254883,0.8739760710575879,0.8494504794814807,0.5276683455625159,0.9988298281778684,0.048362943894784245,0.8964562582905574,-0.44313223418263475,0.5681328088136711,-0.8229368818745996,0.09661270188120648,-0.9953220513156599,-0.3992584296048815,-0.9168384298170773,-0.7944973291665995,-0.6072676460566131,-0.9894848788166607,-0.14463635294481889,-0.935074884351561,0.35445022309897734
2022-10-20,8.0,2660.0,0.0,0,0,Lazada,0.0,0,23146.0,8366.0,7948.0,350.0,13157.0,24131.492857142857,15272.960714285715,36.920073007337315,-0.8850773351767044,0.0,-0.9749279121818224,-0.22252093395631958,0.43388373911756767,-0.9009688679024145,0.7818314824681616,0.6234898018585682,-0.30411483232751996,0.9526353808033818,-0.5794210982045672,0.8150283375168088,-0.7998392447397232,0.600214280548363,-0.944489228783664,0.32854238191082663,0.5009308193361601,0.865487327601741,0.8670985522812075,0.49813662847840656,0.9999947982262414,-0.003225448877109765,0.8638670987837361,-0.5037197987363319,0.49533725523257155,-0.8687007560596816,-0.006450864198108873,-0.9999791929590823,-0.5065035376636452,-0.8622378826833186,-0.8702939222685651,-0.4925327287220585,-0.9999531843608731,0.009676212407221557,-0.8605996962501247,0.5092820071573245
2022-10-21,1.0,350.0,0.0,0,0,Lazada,0.0,0,2660.0,350.0,0.0,7143.0,7761.0,23316.350000000002,14895.246428571429,36.932893427980126,-0.868421052631579,0.0,-0.7818314824680553,0.6234898018587016,-0.9749279121818054,-0.2225209339563941,-0.4338837391176525,-0.9009688679023736,-0.10282099713738874,0.9946998756145862,-0.2045520661262566,0.9788556850953462,-0.30411483232751807,0.9526353808033825,-0.4004539056513709,0.9163169044869591,0.515744448131128,0.8567424725213045,0.8837203473619966,0.46801532844383653,0.998497062701478,-0.05480525318362048,0.8271893372462522,-0.5619233046832157,0.4188794133697502,-0.9080418696596616,-0.10944576864891176,-0.9939927684469585,-0.6064130902482763,-0.7951497745554205,-0.929633931968266,-0.3684843993077879,-0.9865006565801189,0.1637573038584673,-0.7607200913564205,0.6490800741100279
2022-10-22,5.0,1620.0,0.0,0,0,Lazada,0.0,1,21134.0,2060.0,0.0,0.0,21720.0,16742.285714285714,16272.889285714287,11.539464443613225,-0.9233462666792845,0.0,3.7251545996996717e-14,1.0,7.450309199399343e-14,1.0,-1.9321997306258773e-15,1.0,0.10282099713736242,0.9946998756145888,0.20455206612620477,0.978855685095357,0.30411483232746955,0.9526353808033979,0.4004539056512739,0.9163169044870015,0.530405459846365,0.8477440935595871,0.8992961915530254,0.43734009633033216,0.9943406096530524,-0.10623912647794193,0.786596566086602,-0.6174672802835516,0.3393245761752971,-0.9406693531754157,-0.21127575558216904,-0.9774264960104078,-0.697540123989543,-0.7165457245875192,-0.9713952846837501,-0.23746831555846792,-0.9494491062150143,0.313921000743038,-0.6383844591746777,0.76971766400691
2022-10-23,4.0,1360.0,0.0,0,0,Lazada,0.0,1,1620.0,45472.0,12382.0,3012.0,14887.0,16679.428571428572,16388.60357142857,8.505995838623585,-0.16049382716049387,0.0,0.7818314824680308,0.6234898018587323,0.9749279121818228,-0.2225209339563177,0.433883739117656,-0.900968867902372,0.3041148323275218,0.9526353808033813,0.5794210982045704,0.8150283375168066,0.7998392447396927,0.6002142805484039,0.9444892287836667,0.3285423819108192,0.5449095160526287,0.8384948534816955,0.9138076496466611,0.40614723863057994,0.9875365065492304,-0.15739011478660878,0.7422809070869837,-0.6700888411055095,0.25726093431109726,-0.966341974498356,-0.3108569682435,-0.9504567035349162,-0.7785648703932811,-0.6275641342440574,-0.9947883056093265,-0.10196189005175055,-0.8896848787211038,0.4565750941247396,-0.4972040784469552,0.8676336233547626
2022-10-24,1.0,350.0,0.0,0,0,Lazada,0.0,0,12501.0,350.0,350.0,350.0,8117.0,11948.857142857143,17632.60357142857,11.028383480357729,-0.9720022398208144,0.0,0.9749279121818312,-0.2225209339562814,-0.43388373911749706,-0.9009688679024486,-0.781831482468164,0.6234898018585652,0.4925480679538451,0.8702852410301661,0.8573146280763094,0.5147928015098688,0.9996684675143122,0.025747913655026777,0.8826787983255892,-0.4699767430272416,0.5592523247663413,0.8289974892865736,0.9272375462179528,0.37447367448688534,0.9781028708075113,-0.20812201737948066,0.69445210210888,-0.7195389342325804,0.1732952273485838,-0.984869922466009,-0.4071294853542416,-0.9133704517637903,-0.8483138696949852,-0.5294937001354404,-0.9993706508539972,0.035472555753115434,-0.8086376511543182,0.5883070194512617,-0.3413465142450583,0.9399375283564053
2022-10-25,1.0,350.0,0.0,0,0,Lazada,0.0,0,16223.0,21134.0,4752.45,0.0,10932.0,11070.142857142857,12736.103571428572,8.385913489664313,-0.9784256919188806,0.0,0.4338837391176207,-0.900968867902389,-0.7818314824681164,0.623489801858625,0.9749279121818952,-0.22252093395600048,0.6601521206712166,0.7511319308705332,0.9917226741360964,0.12839835514659087,0.8296770135526368,-0.5582437220268383,0.2546711202413066,-0.9670277247912998,0.5734296417196509,0.8192548113970847,0.9395699859530608,0.3423568919945456,0.966064821553021,-0.258299749434121,0.6433365204044976,-0.76558351700767,0.08804825782465435,-0.9961162102355544,-0.4990686026885282,-0.8665624788845406,-0.9057769657642499,-0.4237547501691382,-0.985055671821504,0.17223624302766677,-0.7082462315032536,0.7059654917638961,-0.17541259380427537,0.9844950085880864
2022-10-26,0.0,0.0,0.0,0,0,Lazada,0.0,0,350.0,1620.0,2060.0,17470.0,9295.0,8101.0,12421.642857142857,8.374962956332782,-1.0,0.0,-0.43388373911756595,-0.9009688679024154,0.7818314824680407,0.6234898018587199,-0.9749279121818294,-0.222520933956289,0.7998392447397257,0.6002142805483599,0.960149873671596,-0.2794856348516294,0.3527520865491188,-0.9357168190404845,-0.5366961939916355,-0.8437755598231633,0.5874372716163813,0.8092697028283599,0.9507903724625828,0.30983490383180384,0.9514544127333376,-0.3077897017287285,0.5891760872322986,-0.8080046647350737,0.0021503013227740517,-0.9999976880994382,-0.585695739807353,-0.8105309990194807,-0.9501219359262376,-0.311878673319896,-0.952114053668112,0.3057430764672777,-0.590912178615159,0.8067358905889129,-0.004300592702982432,0.9999907524084426
2022-10-27,4.0,1400.0,0.0,0,0,Lazada,0.0,0,9930.0,24303.0,23146.0,0.0,12891.0,9093.857142857143,9735.785714285714,6.842728081445333,-0.8590130916414904,0.0,-0.9749279121818176,-0.2225209339563406,0.4338837391176065,-0.9009688679023958,0.7818314824679795,0.6234898018587965,0.9057022630804648,0.42391439070987513,0.7678804460366205,-0.6405931786981507,-0.25467112024120997,-0.9670277247913253,-0.9837979515735049,-0.17928075881079844,0.601271069373482,0.7990451183346716,0.9608854255574969,0.2769462022689389,0.9343105477678204,-0.3564600964060289,0.532227138847444,-0.8466016020976239,-0.08376355348526711,-0.9964856582548094,-0.6660888558609739,-0.7458723993404092,-0.9807065438204129,-0.1954857409322237,-0.9011686968561613,0.4334685453485272,-0.4594423522174582,0.8882075911569823,0.16693835946505667,0.9859673342150416
2022-10-28,1.0,350.0,0.0,0,0,Lazada,0.0,0,18019.0,350.0,350.0,0.0,13833.0,6610.285714285715,9279.57142857143,8.90068800249628,-0.980576058604806,0.0,-0.7818314824680688,0.6234898018586847,-0.9749279121817959,-0.22252093395643613,-0.43388373911738937,-0.9009688679025004,0.9732643737003793,0.22968774213180904,0.44709379298513874,-0.8944870822287831,-0.7678804460365917,-0.6405931786981852,-0.7998392447397527,0.6002142805483238,0.6149269413476337,0.7885840835350685,0.969843196967293,0.24372971360968762,0.9146788759587108,-0.40418133786075455,0.4727592092862844,-0.8811916534074793,-0.16905810038314423,-0.9856060869814283,-0.7393922635959257,-0.6732748922501812,-0.9970878407382749,-0.07626164076312804,-0.833182938589187,0.5529974600700143,-0.3169817673505249,0.9484316312562217,0.33324938558228856,0.9428387173896855
2022-10-29,4.0,1390.8,0.0,0,0,Lazada,0.0,1,6662.0,350.0,21134.0,0.0,10237.0,5244.428571428572,8157.285714285715,4.379029497674852,-0.7912338637045933,0.0,1.569033456436424e-14,1.0,3.138066912872848e-14,1.0,1.6075784141470876e-13,1.0,0.9996684675143135,0.025747913654971914,0.05147875477031329,-0.9986740898848322,-0.9970175264485261,-0.07717546212665323,-0.10282099713729417,0.9946998756145959,0.6284008465466204,0.7778896940180471,0.9776530844816645,0.2102247521189817,0.8926116709398658,-0.45082635781633335,0.41105375468703165,-0.9116111071930254,-0.25310271202292606,-0.9674394126593353,-0.8048257371083424,-0.5935111901961188,-0.9990285807311915,0.04406693638342836,-0.7494423368521903,0.6620696215153873,-0.1669383594650523,0.9859673342150423,0.48972307812388893,0.8718780343332795
2022-10-30,2.0,700.0,0.0,0,0,Lazada,0.0,1,15955.0,9930.0,1360.0,19081.0,11579.0,7672.400000000001,7770.9857142857145,5.255695023261185,-0.9561266060795989,0.0,0.7818314824680174,0.623489801858749,0.9749279121818325,-0.22252093395627565,0.4338837391175094,-0.9009688679024426,0.9837979515735181,-0.17928075881072614,-0.35275208654907664,-0.9357168190405005,-0.8573146280763326,0.5147928015098302,0.6601521206712027,0.7511319308705455,0.6416887978251137,0.7669651144255262,0.9843058444990332,0.17647097349152085,0.8681676914867167,-0.49627095367210955,0.3474028211842759,-0.9377159910299099,-0.33527600248401246,-0.9421199510456938,-0.8616928164028533,-0.5074302810827498,-0.9865006565801187,0.16375730385846826,-0.6515303615067997,0.758622559666412,-0.012901459949423662,0.9999167727021951,0.6317404220940674,0.775180004316681
2022-10-31,0.0,0.0,0.0,0,0,Lazada,0.0,0,24324.0,18019.0,12501.0,12382.0,10233.0,9628.685714285715,7725.342857142858,8.360962199618134,-1.0,0.0,0.9749279121818359,-0.22252093395626035,-0.43388373911745826,-0.9009688679024672,-0.7818314824680626,0.6234898018586924,0.9263239682514979,-0.37672789363517806,-0.6979441547663326,-0.716152188314404,-0.4004539056512613,0.916316904487007,0.9996684675143123,0.025747913655018936,0.6547868630645504,0.7558135775163646,0.9897936029670716,0.1425083279161714,0.8414120250581597,-0.5403941192199697,0.2821076626819204,-0.9593827529490739,-0.41497042150534974,-0.9098349022079074,-0.9093882203647905,-0.4159483918249464,-0.9596855068649531,0.2810760180331257,-0.541298452103619,0.8408305333122876,0.14144406768794068,0.9899462489023781,0.755109145738988,0.6555990985513448
2022-11-01,2.0,700.0,0.0,1,0,Lazada,0.0,0,15094.0,1390.8,350.0,350.0,34875.0,9561.114285714286,7402.771428571429,6.984253588693169,-0.9536239565390221,0.0,0.4338837391176401,-0.9009688679023796,-0.7818314824681433,0.6234898018585913,0.974927912181859,-0.2225209339561591,0.8296770135526219,-0.5582437220268602,-0.9263239682514908,-0.3767278936351953,0.20455206612621246,0.9788556850953554,0.6979441547663593,-0.7161521883143779,0.6676911663366988,0.7444383832097448,0.9941098647022416,0.10837701279187772,0.812415914486889,-0.5830783668499732,0.21547731504673334,-0.9765088461966184,-0.491596746423354,-0.8708229664552793,-0.9474042892438853,-0.3200392362231363,-0.918971488238029,0.39432398330000445,-0.4208310085956616,0.9071390534005016,0.29240597695107945,0.9562942772197713,0.8561874740402977,0.5166652778119452
2022-11-02,1.0,330.0,0.0,0,0,Lazada,0.0,0,14382.0,700.0,9930.0,4752.45,19700.0,9237.714285714286,8455.057142857144,8.493082164907705,-0.9770546516478932,0.0,-0.4338837391175465,-0.9009688679024247,0.7818314824680137,0.6234898018587537,-0.9749279121817644,-0.2225209339565737,0.697944154766346,-0.716152188314391,-0.9996684675143133,0.02574791365498172,0.7338853664321728,0.6792733388973216,-0.05147875477033287,-0.9986740898848312,0.6803978890506115,0.7328428976086702,0.9972495210773451,0.07411742515094356,0.7812565682797511,-0.6242100403868449,0.1478271334705289,-0.9890132145779885,-0.5645884386042881,-0.8253725795023554,-0.9753363880767827,-0.2207236509605068,-0.8649482509584349,0.5018610596210314,-0.2924059769510743,0.9562942772197729,0.4363729641045848,0.8997658785476246,0.9319916318560569,0.36247978998874414
2022-11-03,3.0,1050.0,0.0,0,0,Lazada,0.0,0,17346.0,0.0,18019.0,45472.0,14695.0,8188.0,8908.342857142858,11.472348435360416,-0.9394673123486683,0.0,-0.9749279121818129,-0.22252093395636163,0.4338837391176454,-0.9009688679023771,0.7818314824677974,0.6234898018590249,0.5366961939916016,-0.843775559823185,-0.9057022630804726,0.42391439070985826,0.9917226741360974,0.1283983551465831,-0.7678804460365967,-0.6405931786981792,0.6929032710826034,0.7210305520038858,0.9992088560679753,0.03977011384605648,0.748016955033127,-0.6636796177245228,0.07947729992362249,-0.9968366760893435,-0.6334058321617009,-0.7738197799123148,-0.9928872135356948,-0.11905873003406249,-0.7983981991447769,0.6021298162376424,-0.15845177496083931,0.9873667175937011,0.5699010576127577,0.8217133225960622,0.9802839232770879,0.1975941035670865
2022-11-04,9.0,3000.0,0.0,0,0,Lazada,0.0,0,22153.0,15094.0,6662.0,2660.0,350.0,10150.714285714286,9253.628571428571,12.496103115134128,-0.864578160971426,0.0,-0.7818314824680822,0.6234898018586679,-0.9749279121817862,-0.22252093395647818,-0.43388373911753597,-0.9009688679024298,0.35275208654909407,-0.935716819040494,-0.6601521206712306,0.7511319308705209,0.8826787983255597,-0.469976743027297,-0.9917226741361012,0.12839835514655396,0.7052036118889403,0.7090048418584973,0.9999855506507186,0.005375731557585752,0.71278558251085,-0.7013820024527777,0.010751307763525666,-0.9999422030204416,-0.6975401239895438,-0.7165457245875185,-0.9998699583618591,-0.016126573270663365,-0.7202851594252708,0.6936780875245463,-0.021501372740821263,0.9997688187627479,0.6897960046655877,0.7240037789593314,0.9996387871459103,0.026875550849303837
2022-11-05,1.0,350.0,0.0,0,0,Lazada,0.0,1,3000.0,700.0,1390.8,350.0,7143.0,8423.0,8992.057142857144,12.506144632734939,-0.8833333333333333,0.0,-1.1955771458988425e-13,1.0,-2.391154291797685e-13,1.0,-1.3129946832642072e-13,1.0,0.15389057670408707,-0.9880878960910732,-0.30411483232756664,0.952635380803367,0.4470937929851317,-0.8944870822287867,-0.579421098204647,0.8150283375167521,0.7172952716008841,0.6967693257736121,0.9995786855478959,-0.02902501332197226,0.6756562619728734,-0.7372168036994571,-0.0580255693287744,-0.9983150972033187,-0.7565171356105634,-0.6539738706764884,-0.9962102997023295,0.08697723131368759,-0.6317404220940743,0.7751800043166753,0.11585560376946664,0.9932660666081432,0.793189683945177,0.6089746507720581,0.9894848788166601,-0.14463635294482324
2022-11-06,1.0,350.0,0.0,0,0,Lazada,0.0,1,12823.0,17346.0,24324.0,1620.0,0.0,9897.142857142857,9541.0,7.3341590317983645,-0.9727052951727365,0.0,0.7818314824680039,0.6234898018587659,0.974927912181842,-0.22252093395623362,0.43388373911777256,-0.9009688679023159,-0.051478754770351465,-0.9986740898848303,0.10282099713737022,0.9946998756145881,-0.15389057670404835,-0.9880878960910793,0.20455206612622015,0.9788556850953538,0.7291746721017913,0.6843276244352884,0.9979887423155984,-0.06339140486950963,0.6367278583821995,-0.7710886034432215,-0.12652781683868164,-0.9919630595773398,-0.8099008190265957,-0.5865668447330188,-0.981947190186647,0.18915526872003544,-0.534046356936081,0.8454551961182213,0.2510218406258798,0.967981423132074,0.8776087166898348,0.4793776594607027,0.950121935926236,-0.31187867331990116
2022-11-07,0.0,0.0,0.0,0,0,Lazada,0.0,0,350.0,1050.0,0.0,1360.0,3012.0,7469.142857142857,7828.571428571428,7.325511504991032,-1.0,0.0,0.9749279121818407,-0.22252093395623934,-0.4338837391174194,-0.900968867902486,-0.7818314824679612,0.6234898018588196,-0.25467112024123556,-0.9670277247913186,0.4925480679538766,0.8702852410301483,-0.6979441547663383,-0.7161521883143984,0.8573146280763468,0.5147928015098067,0.7408382980859298,0.6716834195431229,0.9952176027737296,-0.09768276782171412,0.5961040271552036,-0.8029072105849768,-0.19443122004765828,-0.9809161537413782,-0.8572964806503133,-0.5148230222752155,-0.9572324433233116,0.28931997761869666,-0.4286178410077356,0.9034858860933399,0.381441449072785,0.9243930013415582,0.941033634745118,0.3383130181923122,0.8827119303086002,-0.46991451147082597
2022-11-08,1.0,350.0,0.0,0,0,Lazada,0.0,0,7458.0,350.0,700.0,350.0,350.0,6787.714285714285,7605.357142857143,5.251498920970761,-0.9530705282917672,0.0,0.43388373911765954,-0.9009688679023703,-0.7818314824681701,0.6234898018585575,0.9749279121818228,-0.2225209339563177,-0.44709379298509666,-0.8944870822288042,0.7998392447396963,0.6002142805483991,-0.9837979515735161,-0.17928075881073674,0.9601498736716233,-0.27948563485153527,0.7522826980987227,0.6588404527207676,0.991268546778726,-0.131858515717388,0.5538929381563823,-0.8325879011014333,-0.26141439851115,-0.9652266636656147,-0.8983536994820126,-0.4392728430337822,-0.9223291176290567,0.38640522612098016,-0.31698176735053746,0.9484316312562175,0.5046482954181415,0.8633250245021074,0.9819471901866429,0.18915526872005708,0.7892447672427593,-0.6140787387460362
2022-11-09,5.0,1660.0,0.0,0,0,Lazada,0.0,0,350.0,12558.0,14382.0,16223.0,59794.0,6787.714285714285,7580.357142857143,0.061975111446950816,3.742857142857143,0.0,-0.4338837391176295,-0.9009688679023847,0.7818314824681286,0.6234898018586096,-0.9749279121818006,-0.22252093395641512,-0.6206094818274316,-0.7841198065767034,0.9732643737003877,0.22968774213177376,-0.9057022630804693,0.42391439070986536,0.44709379298507385,-0.8944870822288156,0.7635044855580857,0.6458025244087258,0.9861462483415946,-0.16587819893463418,0.5102069876723094,-0.8600516436414432,-0.32716032712210036,-0.9449688462364039,-0.9327689179559764,-0.3604748891327063,-0.8776087166898384,0.4793776594606958,-0.20075493140683262,0.9796414943824286,0.6183126337097913,0.7859322407147206,0.9993706508539965,0.03547255575313844,0.6724795445732301,-0.7401157086095261
2022-11-10,0.0,0.0,0.0,0,0,Lazada,0.0,0,10961.0,0.0,1050.0,9930.0,660.0,7660.428571428572,7564.785714285715,1.91191429289713,-1.0,0.0,-0.9749279121818333,-0.22252093395627182,0.4338837391174794,-0.900968867902457,0.7818314824678989,0.6234898018588977,-0.7678804460365903,-0.6405931786981868,0.9837979515735218,-0.17928075881070588,-0.4925480679538545,0.8702852410301609,-0.3527520865490381,-0.935716819040515,0.7745003397565637,0.6325734927397506,0.9798567700958661,-0.19970155256606523,0.4651624991319068,-0.8852253099642818,-0.391357836561029,-0.9202385798054061,-0.9602876863008649,-0.2790117551984714,-0.8235472349556043,0.5672476988027175,-0.08162061540319884,0.9966634713589152,0.7202851594252753,0.6936780875245417,0.9928872135356956,-0.11905873003405472,0.5358631057005667,-0.8443048809221365
2022-11-11,5.0,1649.3,0.0,1,0,Lazada,0.0,0,97917.0,7458.0,3000.0,18019.0,9311.0,19652.14285714286,12901.5,1.8257770586610027,-0.9831561424471746,0.0,-0.7818314824680247,0.6234898018587399,-0.9749279121818272,-0.22252093395629854,-0.4338837391176825,-0.9009688679023592,-0.8826787983255413,-0.46997674302733156,0.8296770135526335,-0.5582437220268431,0.10282099713737802,0.9946998756145873,-0.9263239682514753,-0.37672789363523346,0.7852670068439955,0.6191572723971449,0.9724075561219968,-0.23328854407545532,0.4188794133697429,-0.908041869659665,-0.45370308603134446,-0.8911529104063087,-0.9807065438204103,-0.19548574093223667,-0.7607200913564099,0.6490800741100402,0.0386957901765354,0.9992510374388478,0.808637651154313,0.5883070194512688,0.9626519747161544,-0.2707418984477441,0.3834282907116519,-0.9235706501843489
2022-11-12,9.0,3046.84,0.0,0,0,Lazada,0.0,1,31917.0,1660.0,12558.0,6662.0,7948.0,23331.899999999998,15059.807142857142,4.2686972213470895,-0.904538647115957,0.0,-2.743208830090071e-14,1.0,-5.486417660180142e-14,1.0,3.1390572818913897e-14,1.0,-0.9601498736715987,-0.27948563485162,0.5366961939916189,-0.8437755598231739,0.6601521206712497,0.7511319308705041,-0.9057022630804901,0.423914390709821,0.7958013007903698,0.6055578334563557,0.963807423136732,-0.2665994206792892,0.3714809692572852,-0.9284405686308994,-0.5139010013093025,-0.8578494977869348,-0.9938745231851216,-0.110514397992059,-0.6897960046655831,0.7240037789593359,0.15845177496084561,0.9873667175937001,0.8816994317707761,0.47181152170659246,0.9093882203647938,-0.41594839182493926,0.2196748892188968,-0.9755731356729056
2022-11-13,2.0,700.0,0.0,0,0,Lazada,0.0,1,3046.84,19219.0,12823.0,1390.8,0.0,23530.02,14380.438571428573,2.3773697855981335,-0.7702537711202426,0.0,0.7818314824680614,0.6234898018586938,0.9749279121818011,-0.22252093395641326,0.43388373911762596,-0.9009688679023865,-0.997017526448526,-0.07717546212665519,0.15389057670407932,-0.9880878960910744,0.9732643737003764,0.22968774213182144,-0.30411483232755165,0.9526353808033717,0.8061001043286317,0.5917792002101537,0.9540665500578382,-0.2995947563972616,0.32309337555235296,-0.9463670908660055,-0.5716666713027077,-0.820485963878531,-0.9996942666129786,-0.024725964109392425,-0.6115298757991161,0.7912213413483724,0.27591294500294217,0.9611826292540889,0.9380889596420668,0.3463944338433641,0.8343701235229535,-0.551204587219928,0.04943680911327578,-0.998777253397722
2022-11-14,1.0,310.0,0.0,0,0,Lazada,0.0,0,15378.0,0.0,0.0,700.0,19081.0,21515.448571428573,14587.938571428573,5.947104628985541,-0.9798413317726622,0.0,0.9749279121818203,-0.22252093395632916,-0.4338837391175854,-0.900968867902406,-0.7818314824681433,0.6234898018585913,-0.9917226741361024,0.1283983551465442,-0.25467112024121563,-0.9670277247913238,0.9263239682515026,-0.3767278936351663,0.4925480679538408,0.8702852410301686,0.8161603698771169,0.5778254499778006,0.9431964659565865,-0.33223549871590446,0.2738454748405583,-0.9617737030660326,-0.6267266965083302,-0.7792391467859885,-0.9981227456866084,0.061245281802160594,-0.5267547528105597,0.8500173118186983,0.3893781415451979,0.921077989578954,0.9767399525103049,0.21442729576751052,0.7393922635959215,-0.6732748922501859,-0.1222606176654452,-0.9924980309139478
2022-11-15,0.0,0.0,0.0,0,0,Lazada,0.0,0,9908.0,1649.3,7458.0,0.0,12382.0,8987.02,14319.58142857143,9.518153462705866,-1.0,0.0,0.43388373911757655,-0.9009688679024103,-0.7818314824680553,0.6234898018587016,0.9749279121818878,-0.22252093395603298,-0.9444892287836628,0.3285423819108303,-0.6206094818274155,-0.7841198065767162,0.5366961939916124,-0.8437755598231781,0.9732643737003782,0.2296877421318138,0.8259791204413978,0.5637007118984815,0.9312100364121951,-0.36448301481029033,0.22386840046373097,-0.9746193817454127,-0.6788204829862341,-0.7343042638296033,-0.9891715794849565,0.14676370920372794,-0.43637296410459187,0.8997658785476211,0.4972040784469352,0.867633623354774,0.996921550063325,0.07840550375667157,0.6267266965083357,-0.7792391467859842,-0.29034898008824483,-0.9569208273215272
2022-11-16,4.0,1400.0,0.0,0,0,Lazada,0.0,0,13934.0,700.0,19219.0,700.0,350.0,8956.57142857143,16243.295714285716,8.111786700066022,-0.8995263384527056,0.0,-0.43388373911750766,-0.9009688679024435,0.78183148246796,0.6234898018588211,-0.9749279121818368,-0.2225209339562565,-0.8573146280763483,0.5147928015098041,-0.8826787983255182,-0.4699767430273748,-0.051478754770338746,-0.9986740898848309,0.8296770135526882,-0.5582437220267618,0.8355534504952139,0.5494091657094392,0.9181214482844375,-0.3962991372689158,0.17329522734857583,-0.9848699224660105,-0.7277014757264202,-0.685893987599826,-0.9729069486773381,0.23119703548132173,-0.3413465142450431,0.9399375283564109,0.5978291414589534,0.8016235510652433,0.9982521339365447,-0.05909887554881938,0.49906860268853503,-0.8665624788845367,-0.4498664046667579,-0.8930958615692969
2022-11-17,1.0,350.0,0.0,0,0,Lazada,0.0,0,7607.0,310.0,0.0,330.0,4752.45,7946.428571428572,14730.938571428573,5.360261964313746,-0.9539897462863153,0.0,-0.9749279121818285,-0.22252093395629283,0.43388373911751826,-0.9009688679024384,0.7818314824680003,0.6234898018587706,-0.7338853664321995,0.6792733388972927,-0.9970175264485266,-0.07717546212664737,-0.6206094818274216,-0.7841198065767113,0.1538905767040638,-0.9880878960910768,0.844880526840267,0.5349550405091186,0.9039461929224011,-0.4276462092677746,0.12226061766546611,-0.9924980309139453,-0.7731383255706026,-0.6342374393978055,-0.9494491062150137,0.3139210007430399,-0.24268684458259565,0.9701046827361174,0.6897960046655884,0.7240037789593308,0.9807065438204117,-0.19548574093222995,0.35947181308842363,-0.933155943878043,-0.5961040271552037,-0.8029072105849767
2022-11-18,4.0,1310.0,0.0,0,0,Lazada,0.0,0,350.0,9908.0,97917.0,17346.0,2060.0,7952.142857142857,14755.938571428573,0.6571897676931618,2.742857142857143,0.0,-0.7818314824680381,0.623489801858723,-0.9749279121818176,-0.2225209339563406,-0.4338837391174194,-0.900968867902486,-0.5794210982045624,0.8150283375168123,-0.9444892287836603,0.32854238191083773,-0.9601498736716031,-0.27948563485160494,-0.6206094818274277,-0.7841198065767065,0.8539575894446066,0.5203426135057138,0.8887010478292919,-0.45848712914008677,0.0709004622609153,-0.9974833955766825,-0.814915984166078,-0.5795791048257628,-0.9189714882380285,0.3943239833000054,-0.14144406768794845,0.989946248902377,0.7717727365467839,0.635898453468074,0.9446165532223619,-0.3281761224987349,0.21127575558219058,-0.9774264960104031,-0.7247449955623069,-0.6890171923888342
2022-11-19,3.0,975.0,0.0,0,0,Lazada,0.0,1,13661.0,13934.0,3046.84,3000.0,2660.0,8362.0,7881.631428571428,2.648996837869436,-0.9286289437083669,0.0,-4.899329973353319e-14,1.0,-9.798659946706637e-14,1.0,-2.606667369222156e-13,1.0,-0.4004539056512892,0.9163169044869948,-0.7338853664322328,0.6792733388972567,-0.9444892287836576,0.3285423819108451,-0.997017526448519,-0.07717546212674509,0.862781952259373,0.5055762087514649,0.8724040568049626,-0.48878539428899026,0.01935151881832465,-0.9998127418269003,-0.8528367217694566,-0.5221776766595126,-0.8816994317707861,0.47181152170657387,-0.03869579017652806,0.999251037438848,0.8425720899866039,0.5385835804920219,0.8906645958869801,-0.4546609479969469,0.05802556932878834,-0.9983150972033179,-0.8319919011831922,-0.5547877759698543
2022-11-20,4.0,1162.5,0.0,0,0,Lazada,0.0,1,14385.0,7607.0,15378.0,12558.0,22374.0,8365.714285714286,8711.142857142857,3.977656039435742,-0.9191866527632951,0.0,0.781831482468048,0.6234898018587107,0.9749279121818106,-0.2225209339563712,0.4338837391174794,-0.900968867902457,-0.2045520661261952,0.978855685095359,-0.40045390565125594,0.9163169044870093,-0.5794210982045496,0.8150283375168214,-0.7338853664321835,0.67927333889731,0.87135100401364,0.490660195863106,0.8550745085896934,-0.5185051443911569,-0.032248952289300366,-0.9994798672690923,-0.8867210630829929,-0.462304830479811,-0.8379085086871838,0.545810709925721,0.06446435710735443,0.9979200101524849,0.9011686968561518,0.433468545348547,0.8198708615029218,-0.5725484874300664,-0.09661270188119866,-0.9953220513156606,-0.914678875958708,-0.4041813378607608
2022-11-21,3.0,955.0,0.0,0,0,Lazada,0.0,0,16661.0,1310.0,9908.0,350.0,1620.0,9775.214285714286,8863.67857142857,5.492012482694027,-0.9426805113738671,0.0,0.9749279121818251,-0.22252093395630815,-0.4338837391175465,-0.9009688679024247,-0.7818314824680418,0.6234898018587185,7.842691359635767e-15,1.0,1.5685382719271533e-14,1.0,2.3528074078907303e-14,1.0,3.1370765438543066e-14,1.0,0.8796622089871288,0.4755989887288292,0.8367329140344929,-0.54761120384023,-0.08376355348526808,-0.9964856582548093,-0.9164086366943446,-0.4002439388573082,-0.7879224882631255,0.6157744331240498,0.16693835946505858,0.9859673342150412,0.9467139181463826,0.32207570102062083,0.7335740047068009,-0.6796095788159746,-0.24893980855375192,-0.9685189578512242,-0.9703650471118338,-0.24164369502151026
2022-11-22,1.0,325.0,0.0,0,0,Lazada,0.0,0,955.0,20272.0,0.0,0.0,1360.0,9724.5,8224.17857142857,3.3299417649540706,-0.6596858638743455,0.0,0.433883739117596,-0.9009688679024009,-0.7818314824680822,0.6234898018586679,0.9749279121818516,-0.22252093395619157,0.2045520661261827,0.9788556850953616,0.4004539056512326,0.9163169044870195,0.5794210982045417,0.815028337516827,0.7338853664321489,0.6792733388973474,0.8877131077605742,0.4603970442021356,0.8174009818249205,-0.5760691233798736,-0.13505511584034724,-0.990838087522553,-0.9417589340994598,-0.33628873017668803,-0.7321109433803501,0.6811854127788806,0.26763550537877306,0.9635202313707008,0.9785481345802012,0.2060183203251799,0.6334058321617172,-0.7738197799123014,-0.39531178876491707,-0.9185469991587156,-0.9974065903329588,-0.07197286683453225
2022-11-23,6.0,1883.76,0.0,0,0,Lazada,0.0,0,13628.0,14385.0,1400.0,350.0,350.0,8146.642857142857,7328.678571428572,5.688028777669895,-0.8617728206633402,0.0,-0.43388373911748823,-0.9009688679024528,0.7818314824679331,0.6234898018588548,-0.974927912181873,-0.2225209339560979,0.40045390565125144,0.9163169044870113,0.7338853664321768,0.6792733388973172,0.9444892287836544,0.3285423819108544,0.9970175264485317,-0.07717546212658094,0.8955013179435027,0.44505886078298645,0.7971015927871965,-0.6038452208771006,-0.18598706431516066,-0.9825521929686118,-0.9626519747161467,-0.2707418984477712,-0.6708865180801643,0.7415600311898379,0.36548399581331076,0.9308176238148566,0.996210299702329,0.08697723131369442,0.5212604463582908,-0.8533976488497935,-0.5322271388474442,-0.8466016020976238,-0.9950052545447368,0.0998225597165468
2022-11-24,2.0,613.55,0.0,0,0,Lazada,0.0,0,14715.0,16661.0,350.0,19219.0,350.0,8296.822857142857,7870.947142857142,4.750935040676223,-0.958304451240231,0.0,-0.9749279121818237,-0.22252093395631384,0.43388373911755707,-0.9009688679024196,0.7818314824678182,0.6234898018589988,0.5794210982045752,0.8150283375168031,0.9444892287836705,0.3285423819108081,0.9601498736716217,-0.27948563485154093,0.6206094818273785,-0.7841198065767454,0.9030245348792224,0.4295889772866198,0.7758587728069815,-0.630906621187672,-0.23642378142120934,-0.9716500376053594,-0.9789888737409327,-0.20391367068311053,-0.6047018766694893,0.7964519071183129,0.4594423522174386,0.8882075911569924,0.9994446170919861,-0.03332352571162388,0.3992584296048757,-0.9168384298170799,-0.6564105761979341,-0.7544038410927507,-0.9632319258228752,0.2686712807047957
2022-11-25,2.0,645.0,0.0,1,0,Lazada,0.0,0,13930.0,325.0,20272.0,0.0,9930.0,7857.901428571428,8791.200714285715,7.94416438754231,-0.9536970567121321,0.0,-0.7818314824680516,0.6234898018587062,-0.9749279121818081,-0.22252093395638264,-0.43388373911756595,-0.9009688679024154,0.7338853664321908,0.679273338897302,0.9970175264485286,-0.07717546212662198,0.6206094818274739,-0.78411980657667,-0.1538905767040135,-0.9880878960910847,0.9102805323268022,0.41399197150045525,0.7536976643929134,-0.6572212950663325,-0.28623096833217904,-0.9581606508136425,-0.9906923101615611,-0.13612033862266545,-0.5340463569360802,0.8454551961182217,0.5485105018003595,0.8361436655352462,0.9882042449941433,-0.15314166701311355,0.2697067454601248,-0.9629425068265018,-0.7648913904341214,-0.6441592666722699,-0.9030245348792311,0.42958897728660167
2022-11-26,1.0,350.0,0.0,0,0,Lazada,0.0,1,9582.0,13628.0,975.0,1649.3,18019.0,7856.7585714285715,7097.915,5.5191438865422935,-0.9634731788770612,0.0,-7.055451116616566e-14,1.0,-1.4110902233233133e-13,1.0,-9.797669577688096e-14,1.0,0.8573146280763271,0.5147928015098394,0.882678798325557,-0.46997674302730214,0.05147875477040528,-0.9986740898848275,-0.8296770135525963,-0.5582437220268984,0.9172671631198608,0.39827245882943335,0.7306444969184918,-0.6827580970759146,-0.3352760024840134,-0.9421199510456935,-0.9977068927101168,-0.0676827617545518,-0.4594423522174565,0.8882075911569832,0.631740422094069,0.7751800043166797,0.9626519747161464,-0.2707418984477724,0.13505511584034605,-0.9908380875225532,-0.8550745085896939,-0.5185051443911559,-0.8161603698771306,0.5778254499777813
2022-11-27,5.0,1750.0,0.0,0,0,Lazada,0.0,1,12561.0,14715.0,1162.5,3046.84,6662.0,7485.221428571429,6922.986428571428,9.530309560368847,-0.860679882174986,0.0,0.7818314824679636,0.6234898018588165,0.9749279121818708,-0.2225209339561075,0.43388373911774253,-0.9009688679023303,0.9444892287836586,0.32854238191084234,0.6206094818274355,-0.7841198065767004,-0.5366961939915561,-0.8437755598232138,-0.9732643737003899,0.2296877421317642,0.9239823598019428,0.38243509093025607,0.7067265555776171,-0.7074868024503335,-0.383428290711639,-0.9235706501843542,-0.9999994220246925,0.0010751512827944902,-0.3814414490728045,0.9243930013415501,0.7082462315032481,0.7059654917639017,0.9231578729647,-0.38442104726886495,-0.002150301322767194,-0.9999976880994382,-0.9248025743285053,-0.38044736628786047,-0.7052036118889595,0.7090048418584782
2022-11-28,5.0,1750.0,0.0,1,0,Lazada,0.0,0,16837.0,13930.0,955.0,15378.0,15955.0,7950.714285714285,6977.522142857143,7.670230839652973,-0.8960622438676724,0.0,0.9749279121818298,-0.2225209339562871,-0.43388373911750766,-0.9009688679024435,-0.781831482468224,0.6234898018584901,0.9917226741361007,0.12839835514655684,0.2546711202412403,-0.9670277247913173,-0.9263239682514776,-0.37672789363522796,-0.49254806795388517,0.8702852410301435,0.9304241352383132,0.366484554334882,0.6819721490904623,-0.7313781428679259,-0.4305596169818689,-0.9025621398133351,-0.9975590477788612,0.06982797572987248,-0.3006203491140583,0.9537438889442709,0.7772136184407311,0.6292368324488528,0.8702939222685759,-0.4925327287220393,-0.13931505795483404,-0.9902481076109367,-0.9724075561219954,-0.23328854407546104,-0.5734296417196528,0.8192548113970833
2022-11-29,7.0,2401.91,0.0,0,0,Lazada,0.0,0,5689.0,9582.0,9910.0,9908.0,24324.0,6931.285714285715,7417.450714285714,6.0660798028138165,-0.577797503955001,0.0,0.43388373911761535,-0.9009688679023915,-0.7818314824681091,0.6234898018586341,0.9749279121818154,-0.2225209339563502,0.9970175264485269,-0.07717546212664249,-0.15389057670405415,-0.9880878960910784,-0.9732643737003916,0.22968774213175658,0.30411483232750314,0.9526353808033873,0.936590583203981,0.35042556906371225,0.6564105761979384,-0.7544038410927468,-0.4765444837967774,-0.8791503597012646,-0.9903973200352559,0.13825031091098083,-0.21757660514828286,0.9760432474496958,0.8379085086871806,0.545810709925726,0.8048257371083464,-0.5935111901961132,-0.27384547484055266,-0.9617737030660343,-0.9967506498213927,-0.08054900421874456,-0.4247283525160204,0.9053208417842964
2022-11-30,6.0,2059.64,0.0,0,1,Lazada,0.0,0,2401.91,350.0,13628.0,0.0,0.0,5905.558571428572,6881.158571428571,6.1833618148718745,-0.14249909447065046,0.0,-0.4338837391174688,-0.9009688679024621,0.7818314824679062,0.6234898018588886,-0.9749279121818081,-0.22252093395638262,0.9601498736716023,-0.27948563485160777,-0.5366961939915975,-0.8437755598231875,-0.6601521206712571,0.7511319308704976,0.9057022630804684,0.42391439070986714,0.9424798789477854,0.3342628872288514,0.6300720909843701,-0.7765366444428644,-0.5212604463582736,-0.853397648849804,-0.9785481345802038,0.20601832032516718,-0.13292420315609416,0.9911262059976608,0.8896848787211002,0.45657509412474656,0.7277014757264242,-0.6858939875998218,-0.4031976860870785,-0.9151129033807937,-0.9972495210773461,0.07411742515093062,-0.2634893223187238,0.9646623124306348
2022-12-01,3.0,1050.0,0.0,0,0,Lazada,0.0,0,13837.0,16837.0,613.55,1400.0,700.0,11519.935714285715,8576.507142857143,2.365039526234262,-0.924116499241165,0.0,-0.974927912181819,-0.22252093395633488,0.4338837391175959,-0.9009688679024009,0.7818314824679197,0.6234898018588717,0.8826787983255473,-0.4699767430273203,-0.8296770135526192,-0.5582437220268642,-0.10282099713738775,0.9946998756145862,0.9263239682514945,-0.3767278936351862,0.9480902797323665,0.31800129162788504,0.6029878670694707,-0.7977503570459936,-0.5645884386042948,-0.8253725795023509,-0.9620675724981448,0.2728112643340207,-0.047289022771137064,0.9988812483600595,0.9319916318560628,0.36247978998872904,0.6400381082043505,-0.76834316554922,-0.524925741655962,-0.8511480281049462,-0.9738922359149947,0.2270108209414085,-0.09447223619872135,0.9955274966507017
2022-12-02,4.0,1312.5,0.0,0,0,Lazada,0.0,0,16250.0,5689.0,645.0,350.0,330.0,11336.078571428572,8773.396428571428,4.108205927372867,-0.9192307692307692,0.0,-0.7818314824680651,0.6234898018586893,-0.9749279121817984,-0.22252093395642467,-0.43388373911771255,-0.9009688679023448,0.7678804460365986,-0.640593178698177,-0.9837979515735172,-0.17928075881073094,0.4925480679538459,0.8702852410301657,0.3527520865490858,-0.9357168190404971,0.9534201253498682,0.30164559432857885,0.5751899607119783,-0.8180198708443168,-0.6064130902482778,-0.7951497745554192,-0.9410336347451204,0.3383130181923057,0.03869579017652218,0.9992510374388482,0.9643784639967464,0.2645263279510681,0.5431052396834313,-0.8396646346181329,-0.6367278583821949,-0.7710886034432253,-0.9272375462179564,0.37447367448687663,0.07733361695681157,0.9970052716452291
2022-12-03,2.0,700.0,0.0,0,0,Lazada,0.0,1,14152.0,2059.64,350.0,20272.0,1050.0,12389.448571428571,9147.503571428571,5.472811036277604,-0.9505370265686829,0.0,-9.211572259879814e-14,1.0,-1.8423144519759628e-13,1.0,6.471334536845367e-14,1.0,0.6206094818274416,-0.7841198065766956,-0.9732643737003935,0.22968774213174895,0.9057022630804652,0.42391439070987424,-0.44709379298502827,-0.8944870822288384,0.9584678386132242,0.2852006352448999,0.5467112728685954,-0.8373211953118112,-0.646623033977883,-0.7628097088587936,-0.9155458729775482,0.40221356823680027,0.12439450483979354,0.9922328391893017,0.9865006565801175,0.16375730385847503,0.43830672301251716,-0.898825465016445,-0.7364899449095519,-0.6764484910524416,-0.8584015232918861,0.5129783862992372,0.24685662543347134,0.9690520143313252
2022-12-04,5.0,1496.25,0.0,0,0,Lazada,0.0,1,12146.0,13837.0,1750.0,975.0,3000.0,8492.5,9142.860714285714,5.2770570924506774,-0.8768112958998847,0.0,0.7818314824679502,0.6234898018588334,0.9749279121818805,-0.22252093395606545,0.4338837391175959,-0.9009688679024009,0.44709379298513346,-0.8944870822287858,-0.7998392447397457,0.6002142805483333,0.9837979515735179,-0.1792807588107271,-0.9601498736715773,-0.27948563485169337,0.9632319258228698,0.268671280704815,0.5175855102531915,-0.8556314858488691,-0.6851112019949146,-0.728438494933569,-0.8857249183835667,0.4642104791518866,0.2091735056463483,0.9778785428342402,0.9981227456866081,0.06124528180216646,0.32716032712209253,-0.9449688462364065,-0.8223255775192023,-0.5690172620911517,-0.7690308592589273,0.6392116531380477,0.4090925658019616,0.9124928890712342
2022-12-05,1.0,350.0,0.0,0,0,Lazada,0.0,0,1496.25,1050.0,16837.0,14385.0,350.0,6729.535714285715,9124.735714285714,5.299633467864411,-0.7660818713450293,0.0,0.9749279121818093,-0.22252093395637693,-0.4338837391176737,-0.9009688679023635,-0.7818314824681225,0.6234898018586174,0.25467112024122035,-0.9670277247913226,-0.4925480679538493,0.8702852410301638,0.697944154766386,-0.716152188314352,-0.8573146280763145,0.5147928015098604,0.9677109772087533,0.2520624220102626,0.4878471454423127,-0.8729290708206406,-0.7217751111067889,-0.6921276536787,-0.8517119107469199,0.524010325367574,0.29240597695106774,0.9562942772197749,0.9991210282680496,-0.04191862202643515,0.2112757555821896,-0.9774264960104032,-0.8926116709398633,-0.4508263578163386,-0.6612634749656362,0.7501537286959064,0.5592523247663269,0.8289974892865832
2022-12-06,1.0,350.0,0.0,0,0,Lazada,0.0,0,15008.0,1312.5,5689.0,16661.0,12823.0,6452.107142857143,8894.092857142858,9.206256494801936,-0.976679104477612,0.0,0.43388373911753236,-0.9009688679024315,-0.7818314824679942,0.6234898018587782,0.9749279121818805,-0.22252093395606545,0.051478754770364184,-0.9986740898848296,-0.10282099713739556,0.9946998756145854,0.15389057670411418,-0.988087896091069,-0.20455206612627,0.9788556850953434,0.9719036673475078,0.23537897398974458,0.45753137607425287,-0.8891934772070703,-0.7565171356105594,-0.653973870676493,-0.8136678304456013,0.5813300798152012,0.3734765374130614,0.9276396261490505,0.9894848788166619,-0.14463635294481111,0.09233133369540043,-0.9957283388645864,-0.946019169632006,-0.3241106766041036,-0.5376773767406087,0.8431506618282035,0.6929032710825883,0.7210305520039002
2022-12-07,0.0,0.0,0.0,0,0,Lazada,0.0,0,11049.0,12146.0,38065.0,9910.0,13975.0,7168.75,9681.982142857143,9.334074681664516,-1.0,0.0,-0.43388373911755185,-0.9009688679024221,0.7818314824680211,0.6234898018587445,-0.974927912181743,-0.22252093395666736,-0.1538905767040464,-0.9880878960910795,0.3041148323274882,0.952635380803392,-0.44709379298507207,-0.8944870822288165,0.5794210982045129,0.8150283375168474,0.9758087555546677,0.2186258735439395,0.42667408318992756,-0.9044054548342988,-0.789244767242755,-0.6140787387460417,-0.7717727365467877,0.6358984534680695,0.45178578983287343,0.8921264484954399,0.9693168624606886,-0.24581460524014134,-0.027950298240201964,-0.9996093140964043,-0.9815381791978444,-0.19126631375383477,-0.40122898544750496,0.915977784248486,0.8061001043286171,0.5917792002101734
2022-12-08,0.0,0.0,0.0,0,0,Lazada,0.0,0,0.0,1496.25,13837.0,13628.0,7458.0,5433.607142857143,6963.053571428572,11.035889011258583,0.0,0.0,-0.9749279121818142,-0.2225209339563559,0.4338837391176348,-0.9009688679023822,0.7818314824680211,0.6234898018587445,-0.35275208654908213,-0.9357168190404984,0.6601521206712115,0.7511319308705378,-0.8826787983255284,-0.46997674302735576,0.9917226741360946,0.12839835514660447,0.9794250862518059,0.2018080781848007,0.39531178876491924,-0.9185469991587147,-0.8198708615029184,-0.5725484874300711,-0.7262249146041605,0.6874571793269597,0.5267547528105426,0.8500173118187089,0.9388316432829706,-0.34437645908307524,-0.1478271334705231,-0.9890132145779894,-0.9984970627014769,-0.05480525318364054,-0.2551824131233738,0.9668929289391519,0.8955013179434919,0.4450588607830083
2022-12-09,0.0,0.0,0.0,0,0,Lazada,0.0,0,12095.0,15008.0,16250.0,14715.0,1660.0,6897.714285714285,6763.625,4.820283187779305,-1.0,0.0,-0.7818314824680076,0.6234898018587613,-0.9749279121818394,-0.22252093395624503,-0.43388373911744943,-0.9009688679024714,-0.5366961939915909,-0.8437755598231917,0.9057022630804619,0.42391439070988135,-0.9917226741361059,0.128398355146517,0.7678804460366293,-0.6405931786981401,0.9827515893084883,0.18493056456854376,0.3634816124829048,-0.9316013725767194,-0.84831386969499,-0.5294937001354327,-0.6772399381909465,0.7357622347736549,0.5978291414589542,0.8016235510652426,0.8983536994820152,-0.43927284303377695,-0.26556302780405,-0.964093500788977,-0.9965751408026855,0.08269213223824573,-0.10303137904317647,0.9946781061893648,0.9584678386132243,0.2852006352448995
2022-12-10,0.0,0.0,0.0,0,0,Lazada,0.0,1,7353.0,11049.0,700.0,645.0,0.0,7885.571428571428,6787.946428571428,-0.9255829487490874,-1.0,0.0,9.903690185413723e-18,1.0,1.9807380370827447e-17,1.0,-2.2734396437267583e-13,1.0,-0.6979441547663369,-0.7161521883143999,0.9996684675143126,0.025747913655007185,-0.7338853664322181,0.6792733388972726,0.05147875477038375,-0.9986740898848286,0.9857872803589409,0.16799832702298775,0.33122122780168617,-0.9435531242349545,-0.874498056068572,-0.4850290196805638,-0.6250496486104371,0.780584996507087,0.6644834655228536,0.7473029667054311,0.8483138696949963,-0.5294937001354225,-0.37945284372453947,-0.92521107828936,-0.9758087555546681,0.2186258735439382,0.051584366869399864,0.9986686402880002,0.9931409302238691,0.11692344809347714
2022-12-11,0.0,0.0,0.0,0,0,Lazada,0.0,1,11656.0,0.0,1496.25,350.0,1649.3,7972.285714285715,6702.946428571428,-0.9255829487490874,-1.0,0.0,0.7818314824680076,0.6234898018587613,0.9749279121818394,-0.2225209339562451,0.4338837391174494,-0.9009688679024715,-0.8296770135526149,-0.5582437220268708,0.9263239682515004,-0.37672789363517173,-0.20455206612622204,0.9788556850953534,-0.6979441547663229,-0.7161521883144135,0.9885312610933431,0.15101637606963247,0.29856881736372076,-0.9543881083175907,-0.8983536994820129,-0.43927284303378134,-0.5699010576127633,0.8217133225960583,0.7262249146041523,0.6874571793269685,0.7892447672427582,-0.6140787387460378,-0.4878471454423209,-0.8729290708206361,-0.9365905832039828,0.3504255690637077,0.2049661139694903,0.9787690698649227,0.9984970627014782,-0.05480525318361657
2022-12-12,0.0,0.0,0.0,0,0,Lazada,0.0,0,68698.0,0.0,15008.0,1750.0,3046.84,16058.42857142857,11478.07142857143,-0.9255829487490874,-1.0,0.0,0.9749279121818142,-0.22252093395635592,-0.43388373911763484,-0.9009688679023822,-0.781831482468021,0.6234898018587445,-0.926323968251493,-0.3767278936351899,0.6979441547663509,-0.7161521883143861,0.4004539056512524,0.9163169044870109,-0.9996684675143136,0.025747913654968008,0.9909827195236494,0.1339897369409766,0.2655630278040547,-0.9640935007889758,-0.9198172790502203,-0.3923470060554167,-0.5120551783114625,0.8589525565270857,0.7825970017677804,0.6225286602431094,0.7217751111067874,-0.6921276536787015,-0.5891760872323053,-0.8080046647350688,-0.8796622089871269,0.4755989887288327,0.35344467127408596,0.935455431513417,0.9743781260415413,-0.22491613435183855
2022-12-13,0.0,0.0,0.0,0,0,Lazada,0.0,0,20437.0,7353.0,9782.0,1750.0,15378.0,15449.142857142857,11840.857142857143,-1.0,-1.0,0.0,0.4338837391175518,-0.9009688679024221,-0.781831482468021,0.6234898018587445,0.9749279121818443,-0.22252093395622408,-0.9837979515735158,-0.17928075881073866,0.3527520865491005,-0.9357168190404915,0.8573146280763276,0.5147928015098385,-0.660152120671241,0.7511319308705119,0.9931409302238694,0.11692344809347405,0.23224292400907026,-0.9726578145718654,-0.9388316432829665,-0.3443764590830865,-0.45178578983288414,0.8921264484954344,0.8331829385891754,0.5529974600700318,0.6466230339778868,-0.7628097088587905,-0.6819721490904509,-0.7313781428679366,-0.8061001043286313,0.5917792002101541,0.4934681416772263,0.8697638720650708,0.9214960976269986,-0.3883876183121871
2022-12-14,0.0,0.0,0.0,0,0,Lazada,0.0,0,9730.0,11656.0,0.0,2401.91,9908.0,15788.714285714286,11047.92857142857,-1.0,-1.0,0.0,-0.4338837391175324,-0.9009688679024315,0.7818314824679942,0.6234898018587782,-0.9749279121817792,-0.22252093395650874,-0.9996684675143132,0.025747913654987596,-0.051478754770344616,-0.9986740898848306,0.9970175264485269,-0.07717546212664347,0.10282099713735658,0.9946998756145894,0.9950052545447351,0.09982255971656324,0.19864794288017207,-0.9800709131432663,-0.9553461622632794,-0.2954889342239806,-0.38937814154520334,0.9210779895789518,0.8776087166898356,0.479377659460701,0.5645884386042929,-0.8253725795023521,-0.7648913904341128,-0.64415926667228,-0.7172952716008888,0.6967693257736072,0.6216868902665406,0.7832658619336849,0.8414120250581657,-0.5403941192199604
2022-12-15,0.0,0.0,0.0,0,0,Lazada,0.0,0,16566.0,68698.0,12095.0,38065.0,22466.0,16490.14285714286,12231.214285714286,-1.0,-1.0,0.0,-0.9749279121818093,-0.2225209339563769,0.43388373911767364,-0.9009688679023635,0.7818314824681225,0.6234898018586172,-0.9732643737003888,0.22968774213176898,-0.4470937929850651,-0.89448708222882,0.7678804460365979,-0.6405931786981778,0.7998392447396538,0.6002142805484556,0.9965751408026858,0.08269213223824176,0.1648178466572002,-0.9863240225317863,-0.9693168624606874,-0.2458146052401461,-0.32512760299991367,0.9456701548465672,0.9155458729775434,0.40221356823681126,0.47654448379678166,-0.8791503597012623,-0.8367329140344922,-0.5476112038402311,-0.6149269413476433,0.788584083535061,0.7350336741329373,0.6780306024735425,0.7364899449095681,-0.676448491052424
2022-12-16,0.0,0.0,0.0,0,0,Lazada,0.0,0,13365.0,20437.0,24702.0,1050.0,1400.0,8585.42857142857,12321.92857142857,-1.0,-1.0,0.0,-0.781831482468021,0.6234898018587445,-0.9749279121818298,-0.22252093395628708,-0.433883739117596,-0.9009688679024009,-0.9057022630804701,0.4239143907098636,-0.7678804460366042,-0.6405931786981702,0.2546711202412194,-0.9670277247913228,0.983797951573514,-0.17928075881074831,0.9978501244431209,0.06553723482760074,0.13079267585675886,-0.9914097417023038,-0.9807065438204119,-0.19548574093222873,-0.2593382659754049,0.9657865518844576,0.946713918146383,0.3220757010206199,0.383428290711637,-0.9235706501843551,-0.896456258290558,-0.44313223418263364,-0.5009308193361613,0.8654873276017403,0.8307970168121154,0.5565755266413442,0.6098270977059481,-0.7925344856241525
2022-12-17,0.0,0.0,0.0,0,0,Lazada,0.0,1,12391.0,9730.0,0.0,1312.5,350.0,7436.0,10917.357142857143,-1.0,-1.0,0.0,-2.1551307742447064e-14,1.0,-4.310261548489413e-14,1.0,-6.465392322734118e-14,1.0,-0.7998392447397162,0.6002142805483724,-0.9601498736716048,-0.2794856348515993,-0.3527520865490565,-0.9357168190405081,0.5366961939915825,-0.8437755598231971,0.9988298281778684,0.04836294389478327,0.09661270188120452,-0.9953220513156601,-0.9894848788166601,-0.144636352944823,-0.19232150523909763,0.981331971670427,0.9708824104813809,0.2395565591209377,0.28623096833218376,-0.9581606508136412,-0.9431964659565872,-0.3322354987159024,-0.3774624838618161,0.9260248772451355,0.9066860720977987,0.42180607708266277,0.46516249913192287,-0.8852253099642734
2022-12-18,0.0,0.0,0.0,0,0,Lazada,0.0,1,20129.0,16566.0,0.0,700.0,20272.0,8921.57142857143,11522.57142857143,-1.0,-1.0,0.0,0.7818314824679942,0.6234898018587782,0.974927912181849,-0.22252093395620304,0.4338837391177125,-0.9009688679023448,-0.6601521206712475,0.751131930870506,-0.9917226741361069,0.12839835514650924,-0.8296770135525995,-0.5582437220268935,-0.2546711202411474,-0.9670277247913418,0.9995139620968313,0.031174341588782392,0.06231837935432783,-0.9980563208530119,-0.9956284932063288,-0.09340183893101454,-0.12439450483980545,0.9922328391893002,0.9878726596350411,0.1552662498600073,0.18598706431517245,-0.9825521929686096,-0.9762766110869328,-0.21652708524481126,-0.2468566254334946,0.9690520143313193,0.9608854255574988,0.27694620226893246,0.3067665664015285,-0.9517847833088195
2022-12-19,0.0,0.0,0.0,0,0,Lazada,0.0,0,0.0,0.0,68698.0,12146.0,13661.0,6555.0,11522.57142857143,-1.0,0.0,0.0,0.9749279121818443,-0.22252093395622405,-0.43388373911739114,-0.9009688679024995,-0.7818314824682031,0.6234898018585162,-0.4925480679538809,0.8702852410301459,-0.8573146280763518,0.5147928015097982,-0.9996684675143138,0.025747913654960167,-0.8826787983255118,-0.4699767430273869,0.9999023237537764,0.013976514293558466,0.02795029824021396,-0.999609314096404,-0.9991210282680495,-0.04191862202644004,-0.05587875690538041,0.9984375616565662,0.9975590477788604,0.06982797572988446,0.08376355348527297,-0.996485658254809,-0.9952176027737298,-0.09768276782171192,-0.11158289958601605,0.9937551290534188,0.9920985227917681,0.1254612333527433,0.13931505795485782,-0.9902481076109333
2022-12-20,0.0,0.0,0.0,0,0,Lazada,0.0,0,13413.0,0.0,20437.0,350.0,14385.0,6561.857142857143,7573.642857142857,-1.0,-1.0,0.0,0.4338837391175712,-0.9009688679024128,-0.781831482468048,0.6234898018587108,0.9749279121818081,-0.22252093395638267,-0.30411483232750686,0.9526353808033861,-0.5794210982045448,0.8150283375168248,-0.7998392447397327,0.6002142805483506,-0.944489228783646,0.3285423819108784,0.9999947982262414,-0.003225448877107192,-0.006450864198103727,-0.9999791929590823,-0.9999531843608731,0.009676212407224495,0.012901459949416804,0.9999167727021953,0.9998699583618592,-0.016126573270657488,-0.01935151881831265,-0.9998127418269005,-0.9997451236925736,0.02257626304153646,0.025800772391534957,0.9996671046623472,0.9995786855478959,-0.029025013321971896,-0.03224895228930355,-0.9994798672690922
2022-12-21,0.0,0.0,0.0,0,0,Lazada,0.0,0,11854.0,0.0,9730.0,350.0,16661.0,6485.142857142857,6960.571428571428,-1.0,-1.0,0.0,-0.433883739117513,-0.9009688679024409,0.7818314824679673,0.6234898018588119,-0.9749279121818154,-0.22252093395635014,-0.1028209971373751,0.9946998756145875,-0.20455206612622973,0.9788556850953518,-0.304114832327533,0.9526353808033777,-0.4004539056513206,0.9163169044869811,0.9997913581495419,-0.020426457585555856,-0.0408443915432938,-0.999165519661011,-0.9981227456866079,0.06124528180216866,0.08162061540318591,0.9966634713589162,0.9947883056093272,-0.10196189005174372,-0.12226061766546124,-0.992498030913946,-0.9897936029670727,0.14250832791616302,0.16269657176438057,0.9866761502824104,0.9831469737221499,-0.1828169249850199,-0.2028609916825973,-0.9792075459541523
2022-12-22,0.0,0.0,0.0,0,0,Lazada,0.0,0,19358.0,0.0,16566.0,11049.0,325.0,6375.0,7648.285714285715,-1.0,-1.0,0.0,-0.9749279121818045,-0.22252093395639794,0.4338837391177125,-0.9009688679023448,0.7818314824679404,0.6234898018588456,0.1028209971373478,0.9946998756145904,0.20455206612617602,0.978855685095363,0.30411483232750874,0.9526353808033855,0.40045390565122,0.9163169044870251,0.9992920637248697,-0.037621421776574855,-0.07518957641475447,-0.9971692572470181,-0.9936345861898659,0.11265127219562979,0.14995346813243726,0.9886930551971396,0.9823516608469243,-0.18704334906991368,-0.2238684004637331,-0.9746193817454123,-0.9655071658143382,0.26037648273445135,0.2965159050905326,0.9550279147901083,0.9431964659565901,-0.3322354987158941,-0.36748468921840144,-0.9300295711374208
2022-12-23,0.0,0.0,0.0,0,0,Lazada,0.0,0,10147.0,13413.0,13365.0,0.0,13628.0,7824.571428571428,7189.785714285715,-1.0,-1.0,0.0,-0.7818314824680345,0.6234898018587276,-0.9749279121818203,-0.22252093395632913,-0.43388373911733286,-0.9009688679025276,0.3041148323275349,0.9526353808033772,0.5794210982045928,0.8150283375167907,0.7998392447397173,0.6002142805483709,0.9444892287836847,0.32854238191076734,0.9984970627014779,-0.05480525318362323,-0.10944576864891722,-0.9939927684469579,-0.9865006565801184,0.1637573038584702,0.21757660514828503,0.9760432474496954,0.9626519747161499,-0.27074189844775964,-0.32309337555234163,-0.9463670908660093,-0.927237546217956,0.3744736744868775,0.4247283525160244,0.9053208417842945,0.8806828564301511,-0.47370635037967335,-0.5212604463582703,-0.853397648849806
2022-12-24,0.0,0.0,0.0,0,0,Lazada,0.0,1,6072.0,0.0,0.0,24702.0,613.55,6371.0,6428.071428571428,-0.8317073170731689,-1.0,0.0,-4.3112519175079537e-14,1.0,-8.622503835015907e-14,1.0,9.803611791799344e-14,1.0,0.492548067953857,0.8702852410301594,0.8573146280763236,0.5147928015098453,0.9996684675143132,0.025747913654985626,0.8826787983255634,-0.46997674302729003,0.9974065903329598,-0.0719728668345193,-0.1435724234118121,-0.9896398128792411,-0.9767399525103045,0.2144272957675117,0.28416997247976983,0.9587739184713187,0.9358348973349961,-0.35243871088459805,-0.4188794133697449,-0.9080418696596642,-0.8755389928586327,0.48314746401496433,0.5449095160526314,0.8384948534816937,0.7971015927871967,-0.6038452208771002,-0.6596488896351324,-0.7515739101400054
2022-12-25,0.0,0.0,0.0,0,0,Lazada,0.0,1,9579.0,0.0,0.0,0.0,645.0,4974.0,5674.5,-0.8317073170731689,-1.0,0.0,0.7818314824679807,0.6234898018587951,0.9749279121818586,-0.222520933956161,0.4338837391175659,-0.9009688679024154,0.660152120671227,0.7511319308705241,0.9917226741360998,0.12839835514656364,0.8296770135526138,-0.5582437220268723,0.25467112024125355,-0.9670277247913138,0.9960209693076331,-0.08911918255618693,-0.17752914918703444,-0.9841155426010341,-0.9643784639967459,0.2645263279510703,0.34941838995939667,0.9369668023778553,0.9020987014301869,-0.43152975897146484,-0.5102069876723052,-0.8600516436414456,-0.8111602420785643,0.5848239578463291,0.6547868630645488,0.755813577516366,0.694452102108877,-0.7195389342325833,-0.7785648703932799,-0.627564134244059
2022-12-26,0.0,0.0,0.0,0,0,Lazada,0.0,0,0.0,10147.0,0.0,11656.0,9582.0,4974.0,5674.5,-0.8317073170731689,0.0,0.0,0.974927912181849,-0.22252093395620304,-0.4338837391173523,-0.9009688679025183,-0.7818314824681017,0.6234898018586433,0.7998392447396997,0.6002142805483944,0.9601498736716201,-0.2794856348515466,0.3527520865490803,-0.9357168190404991,-0.5366961939914899,-0.8437755598232559,0.9943406096530519,-0.10623912647794644,-0.2112757555821779,-0.9774264960104058,-0.9494491062150133,0.3139210007430408,0.41301304294127816,0.9107251102063596,0.8616928164028563,-0.5074302810827447,-0.5961040271552054,-0.8029072105849755,-0.7350336741329432,0.6780306024735361,0.752282698098719,0.6588404527207719,0.5751899607119874,-0.8180198708443105,-0.8744980560685667,-0.48502901968057344
2022-12-27,0.0,0.0,0.0,0,0,Lazada,0.0,0,6874.0,9020.0,0.0,68698.0,12561.0,4506.428571428572,5207.428571428572,-0.8317073170731689,-1.0,0.0,0.43388373911759065,-0.9009688679024035,-0.7818314824680749,0.6234898018586771,0.9749279121817718,-0.2225209339565413,0.9057022630804705,0.4239143907098627,0.7678804460366029,-0.6405931786981718,-0.25467112024124977,-0.9670277247913148,-0.9837979515735148,-0.17928075881074446,0.992366008614672,-0.12332763253295968,-0.24477230089726035,-0.9695805901076305,-0.9319916318560646,0.3624797899887245,0.47465294389193635,0.8801730414269221,0.8149159841660849,-0.579579104825753,-0.6756562619728699,-0.7372168036994603,-0.6482618097757246,0.7614175109532892,0.8355534504952157,0.5494091657094365,0.4421681519670668,-0.896932174351009,-0.944616553222354,-0.3281761224987576
2022-12-28,0.0,0.0,0.0,0,0,Lazada,0.0,0,6646.0,9579.0,19358.0,0.0,1750.0,4564.142857142857,5467.571428571428,-0.8122598870056479,-1.0,0.0,-0.43388373911749356,-0.9009688679024502,0.7818314824679404,0.6234898018588456,-0.9749279121817505,-0.22252093395663486,0.9732643737003824,0.22968774213179569,0.44709379298511415,-0.8944870822287955,-0.7678804460365816,-0.6405931786981973,-0.7998392447397197,0.6002142805483678,0.9900977505087094,-0.14037964395735386,-0.27797913939877916,-0.9605871111248131,-0.912052525275967,0.4100733972567977,0.53404635693607,0.8454551961182282,0.7621140503891558,-0.6474427960827391,-0.7480169550331144,-0.6636796177245371,-0.5521013427459333,0.8337770129585832,0.9030245348792207,0.4295889772866234,0.2985688173637245,-0.9543881083175895,-0.9868505034357931,-0.16163565160112942
2022-12-29,0.0,0.0,0.0,0,0,Lazada,0.0,0,11612.0,0.0,10147.0,0.0,2401.91,4854.571428571428,4914.285714285715,-0.8122598870056479,-1.0,0.0,-0.9749279121817997,-0.22252093395641895,0.43388373911775135,-0.9009688679023261,0.7818314824680419,0.6234898018587184,0.9996684675143124,0.025747913655015022,0.05147875477039941,-0.9986740898848278,-0.9970175264485205,-0.07717546212672555,-0.10282099713746574,0.9946998756145782,0.9875365065492302,-0.15739011478660975,-0.31085696824350184,-0.9504567035349156,-0.8896848787211057,0.4565750941247359,0.5909121786151534,0.8067358905889169,0.7036774074790215,-0.7105196029692659,-0.8124159144868861,-0.5830783668499772,-0.4479449394079037,0.8940611451454814,0.953420125349866,0.30164559432858595,0.14782713347054585,-0.989013214577986,-0.9999531843608733,0.009676212407206368
2022-12-30,0.0,0.0,0.0,0,0,Lazada,0.0,0,0.0,6874.0,0.0,16566.0,2059.64,4854.571428571428,4189.5,-0.8122598870056479,0.0,0.0,-0.7818314824679771,0.6234898018587997,-0.9749279121818613,-0.2225209339561495,-0.43388373911747946,-0.900968867902457,0.9837979515735157,-0.17928075881073963,-0.35275208654910234,-0.9357168190404908,-0.8573146280763407,0.5147928015098168,0.6601521206712438,0.7511319308705092,0.9846830346495282,-0.17435401134873857,-0.3433668739963884,-0.9392013574532079,-0.8649482509584339,0.5018610596210331,0.644981268323745,0.7641983796838967,0.6400381082043607,-0.7683431655492116,-0.8681676914867178,-0.49627095367210766,-0.337301069136183,0.9413968285264126,0.9857872803589411,0.16799832702298637,-0.006450864198106913,-0.9999791929590823,-0.9835378122597346,0.18070244009236625
2022-12-31,0.0,0.0,0.0,0,0,Lazada,0.0,1,19378.0,8850.0,6072.0,13365.0,13837.0,6640.857142857143,4929.357142857143,-0.8122598870056479,-1.0,0.0,4.901310711390402e-14,1.0,9.802621422780803e-14,1.0,-1.9402119182313605e-13,1.0,0.9263239682514927,-0.37672789363519077,-0.6979441547663523,-0.7161521883143848,-0.40045390565132777,0.9163169044869779,0.9996684675143137,0.02574791365496407,0.981538179197847,-0.19126631375382125,-0.3754703786876197,-0.9268343944460496,-0.8379085086871833,0.5458107099257219,0.6959977221267378,0.718043989456351,0.5716666713027058,-0.8204859638785322,-0.9146788759587088,-0.404181337860759,-0.2217721575564796,0.9750985130399615,0.9995139620968312,0.031174341588784533,-0.16057454459498496,-0.9870237158387397,-0.9380889596420653,0.34639443384336827
2023-01-01,0.0,0.0,0.0,0,0,Lazada,0.0,1,5891.0,0.0,9579.0,12391.0,16250.0,5268.714285714285,4916.428571428572,-1.0,-1.0,0.0,0.7818314824680382,0.623489801858723,0.9749279121818176,-0.22252093395634062,0.43388373911782907,-0.9009688679022887,0.8296770135526301,-0.558243722026848,-0.9263239682514798,-0.3767278936352225,0.2045520661261971,0.9788556850953586,0.6979441547664015,-0.7161521883143369,0.9781028708075103,-0.20812201737948507,-0.40712948535424986,-0.9133704517637866,-0.8086376511543123,0.5883070194512698,0.7437200839287383,0.6684911643103673,0.4990686026885333,-0.8665624788845377,-0.9514544127333383,-0.3077897017287264,-0.1030313790431755,0.9946781061893649,0.9943406096530527,-0.10623912647793901,-0.31085696824348463,-0.9504567035349213,-0.8649482509584357,0.5018610596210298
2023-01-02,0.0,0.0,0.0,0,0,Lazada,0.0,0,9676.0,0.0,6874.0,0.0,700.0,6516.857142857143,5685.714285714285,-0.7733533214653782,-1.0,0.0,0.9749279121818285,-0.22252093395629285,-0.43388373911751826,-0.9009688679024384,-0.7818314824680003,0.6234898018587706,0.6979441547663565,-0.7161521883143807,-0.999668467514314,0.02574791365495233,0.7338853664321622,0.679273338897333,-0.051478754770274145,-0.9986740898848342,0.9743781260415398,-0.22491613435184504,-0.43830672301251594,-0.8988254650164456,-0.7772136184407387,0.6292368324488434,0.7879224882631181,0.6157744331240592,0.42278065798267994,-0.9062320427107685,-0.9781028708075088,-0.2081220173794924,0.017201575418264854,0.9998520419557735,0.9703650471118396,-0.24164369502148697,-0.45370308603134185,-0.8911529104063101,-0.7662747586044937,0.6425130304714644
2023-01-03,0.0,0.0,0.0,0,0,Lazada,0.0,0,0.0,19378.0,0.0,0.0,12146.0,6516.857142857143,5194.714285714285,-0.7733533214653782,0.0,0.0,0.43388373911750766,-0.9009688679024435,-0.78183148246796,0.6234898018588211,0.9749279121818368,-0.22252093395625655,0.5366961939915901,-0.8437755598231923,-0.905702263080461,0.4239143907098831,0.9917226741361026,0.12839835514654227,-0.7678804460366317,-0.6405931786981371,0.970365047111836,-0.2416436950215011,-0.4689651910076341,-0.8832166493127115,-0.7437200839287409,0.6684911643103644,0.8283957292921167,0.5601432992463464,0.34336687399639204,-0.9392013574532065,-0.9943406096530518,-0.1062391264779468,0.1371854040566059,0.9905453876091825,0.9280406337745392,-0.3724789686188359,-0.585695739807363,-0.8105309990194735,-0.644981268323751,0.7641983796838917
2023-01-04,0.0,0.0,0.0,0,0,Lazada,0.0,0,13587.0,5891.0,6646.0,0.0,350.0,5689.571428571428,5533.071428571428,-0.7733533214653782,-1.0,0.0,-0.43388373911757655,-0.9009688679024103,0.7818314824680553,0.6234898018587015,-0.9749279121817866,-0.22252093395647626,0.35275208654910784,-0.9357168190404888,-0.6601521206712527,0.7511319308705015,0.8826787983255671,-0.4699767430272831,-0.9917226741361087,0.12839835514649564,0.9660648215530208,-0.25829974943412193,-0.4990686026885299,-0.8665624788845396,-0.7082462315032515,0.7059654917638982,0.8649482509584319,0.5018610596210366,0.2614143985111616,-0.9652266636656115,-0.9999947982262414,-0.0032254488771146636,0.25518241312336526,0.9668929289391541,0.8681676914867217,-0.49627095367210083,-0.7036774074789958,-0.7105196029692914,-0.5046482954181623,0.8633250245020951
2023-01-05,0.0,0.0,0.0,0,0,Lazada,0.0,0,15363.0,9676.0,0.0,19358.0,9782.0,8847.714285714286,6991.142857142857,-0.8352175218808975,-1.0,0.0,-0.9749279121818203,-0.22252093395632913,0.4338837391175854,-0.900968867902406,0.7818314824681433,0.6234898018585913,0.1538905767040735,-0.9880878960910753,-0.3041148323275405,0.9526353808033753,0.4470937929850949,-0.8944870822288051,-0.5794210982046023,0.8150283375167839,0.9614787218710191,-0.27487936879524355,-0.5285813283559264,-0.848882665221457,-0.6708865180801583,0.7415600311898434,0.8974070536021539,0.4412035586269685,0.1775291491870418,-0.9841155426010327,-0.9950052545447352,0.09982255971656288,0.3694836834473768,0.9292372181882077,0.791878371172426,-0.6106788397097984,-0.8048257371083412,-0.5935111901961203,-0.34941838995941066,0.9369668023778501
2023-01-06,0.0,0.0,0.0,0,0,Lazada,0.0,0,10385.0,0.0,19378.0,10147.0,0.0,8949.0,7732.928571428572,-0.8352175218808975,-1.0,0.0,-0.7818314824680614,0.623489801858694,-0.9749279121818011,-0.2225209339564132,-0.433883739117626,-0.9009688679023864,-0.05147875477033678,-0.998674089884831,0.10282099713734097,0.9946998756145911,-0.15389057670403283,-0.9880878960910816,0.20455206612616258,0.9788556850953658,0.9566081051665106,-0.29137764692875484,-0.5574684374327854,-0.8301981337405238,-0.6317404220940728,0.7751800043166767,0.9256185127518888,0.3784578825324972,0.09233133369539946,-0.9957283388645864,-0.9794250862518049,0.20180807818480556,0.47843382025469616,0.8781236129591876,0.7006152447379181,-0.7135392622980371,-0.8867210630829981,-0.46230483047980103,-0.18387385105134385,0.9829498496360576
2023-01-07,0.0,0.0,0.0,0,0,Lazada,0.0,1,11247.0,0.0,5891.0,9020.0,12095.0,8614.714285714286,7152.142857142857,-0.8352175218808975,-1.0,0.0,2.7451895681271538e-14,1.0,5.4903791362543077e-14,1.0,-3.133115067780141e-14,1.0,-0.25467112024122135,-0.9670277247913223,0.49254806795385103,0.8702852410301628,-0.6979441547663677,-0.7161521883143698,0.8573146280763165,0.5147928015098571,0.9514544127333379,-0.30778970172872777,-0.5856957398073518,-0.8105309990194816,-0.5909121786151565,0.8067358905889146,0.9494491062150143,0.3139210007430378,0.006450864198114751,-0.9999791929590822,-0.9534201253498683,0.3016455943285785,0.5804549278090941,0.8142923779467295,0.5961040271552002,-0.8029072105849793,-0.9474042892438848,-0.3200392362231382,-0.012901459949438851,0.9999167727021949
2023-01-08,0.0,0.0,0.0,0,0,Lazada,0.0,1,17269.0,15363.0,10673.0,0.0,24702.0,7752.0,7964.857142857143,-1.0,-1.0,0.0,0.7818314824680248,0.6234898018587399,0.9749279121818272,-0.2225209339562986,0.43388373911768247,-0.9009688679023592,-0.44709379298510893,-0.894487082228798,0.7998392447397127,0.6002142805483771,-0.9837979515735134,-0.17928075881075217,0.960149873671608,-0.279485634851588,0.9460191696320087,-0.3241106766040956,-0.6132298262997501,-0.7899045386224707,-0.5485105018003636,0.8361436655352436,0.968786046025684,0.24789836027275663,-0.07947729992361051,-0.9968366760893443,-0.9172671631198638,0.39827245882942647,0.6740694616546135,0.7386679638813772,0.48032094452978874,-0.8770928059481571,-0.9854237542919505,-0.17011767832050148,0.1584517749608156,0.9873667175937049
2023-01-09,0.0,0.0,0.0,0,0,Lazada,0.0,0,17073.0,10385.0,0.0,0.0,0.0,7996.285714285715,7730.857142857143,-1.0,-1.0,0.0,0.9749279121818333,-0.22252093395627182,-0.4338837391174794,-0.900968867902457,-0.7818314824681823,0.6234898018585422,-0.62060948182742,-0.7841198065767127,0.9732643737003809,0.22968774213180237,-0.9057022630805001,0.4239143907097997,0.4470937929851264,-0.8944870822287894,0.9403039842384007,-0.34033574191581695,-0.6400381082043495,-0.7683431655492209,-0.5046482954181527,0.8633250245021007,0.9835378122597292,0.18070244009239492,-0.16481784665718582,-0.9863240225317886,-0.8713510040136402,0.49066019586310566,0.7579216274973454,0.6523456189565278,0.35545536519693777,-0.9346932562893089,-0.9998699583618593,-0.016126573270651114,0.3251276029998861,0.9456701548465768
2023-01-10,0.0,0.0,0.0,0,0,Lazada,0.0,0,16688.0,11247.0,13587.0,6874.0,0.0,8896.714285714286,8922.857142857143,-1.0,-1.0,0.0,0.4338837391175271,-0.9009688679024341,-0.7818314824679868,0.6234898018587874,0.9749279121819018,-0.22252093395597183,-0.7678804460365991,-0.6405931786981762,0.9837979515735169,-0.17928075881073288,-0.4925480679538681,0.8702852410301531,-0.3527520865490895,-0.9357168190404956,0.9343105477678194,-0.3564600964060315,-0.666088855860978,-0.7458723993404055,-0.4594423522174493,0.8882075911569869,0.9936345861898663,0.11265127219562662,-0.24893980855375383,-0.9685189578512237,-0.8161603698771212,0.5778254499777945,0.8307970168121238,0.5565755266413316,0.22386840046372689,-0.9746193817454136,-0.9903973200352563,0.13825031091097792,0.4822058478963296,0.8760579434344408
2023-01-11,2.0,659.29,0.0,0,0,Lazada,0.0,0,0.0,0.0,0.0,0.0,68698.0,7290.0,7952.357142857143,-1.0,0.0,0.0,-0.4338837391175571,-0.9009688679024196,0.7818314824680285,0.6234898018587353,-0.9749279121818228,-0.22252093395631764,-0.8826787983255477,-0.46997674302731945,0.8296770135526181,-0.5582437220268659,0.10282099713730589,0.9946998756145947,-0.926323968251496,-0.3767278936351826,0.9280406337745429,-0.37247896861882634,-0.6913512362094074,-0.7225188358733108,-0.4130130429412817,0.910725110206358,0.9990285807311906,0.044066936383448434,-0.3312212278016724,-0.9435531242349594,-0.7522826980987242,0.658840452720766,0.8916401947968807,0.4527446996073843,0.0880482578246563,-0.9961162102355542,-0.9572324433233163,0.2893199776186812,0.6250496486104143,0.7805849965071052
2023-01-12,0.0,0.0,0.0,0,0,Lazada,0.0,0,13580.0,0.0,15363.0,6646.0,20437.0,6857.184285714286,7304.592142857144,4.14947898496868,-1.0,0.0,-0.9749279121818154,-0.22252093395635017,0.4338837391176242,-0.9009688679023873,0.7818314824679612,0.6234898018588195,-0.9601498736716025,-0.2794856348516068,0.5366961939915958,-0.8437755598231886,0.660152120671238,0.7511319308705144,-0.9057022630804668,0.4239143907098707,0.9214960976269946,-0.3883876183121965,-0.7157953492826635,-0.6983101158835592,-0.3654839958133153,0.9308176238148548,0.9996942666129789,-0.024725964109380424,-0.41105375468703365,-0.9116111071930245,-0.6803978890506169,0.7328428976086651,0.9395699859530574,0.34235689199455505,-0.0494368091132518,-0.9987772533977233,-0.9011686968561555,0.43346854534853907,0.7494423368521932,0.662069621515384
2023-01-13,0.0,0.0,0.0,0,0,Lazada,0.0,0,12534.0,0.0,10385.0,11612.0,9730.0,6208.755714285714,7102.520714285715,4.14947898496868,-1.0,0.0,-0.7818314824680749,0.6234898018586771,-0.9749279121817914,-0.22252093395645525,-0.4338837391173629,-0.9009688679025132,-0.9970175264485248,-0.07717546212666984,0.15389057670410836,-0.98808789609107,0.9732643737003728,0.2296877421318367,-0.3041148323276077,0.9526353808033539,0.9146788759587118,-0.40418133786075217,-0.7393922635959223,-0.673274892250185,-0.31698176735052885,0.9484316312562204,0.9956284932063298,-0.09340183893100357,-0.4878471454423093,-0.8729290708206425,-0.6012710693734836,0.7990451183346704,0.9738922359149895,0.22701082094143094,-0.1859870643151508,-0.9825521929686137,-0.8235472349556054,0.567247698802716,0.8517119107469158,0.5240103253675806
2023-01-14,1.0,350.0,0.0,0,0,Lazada,0.0,1,6221.0,659.29,0.0,19378.0,0.0,5659.184285714286,6474.592142857144,3.3187810175658776,-0.9437389487220704,0.0,5.8906842486390624e-15,1.0,1.1781368497278125e-14,1.0,1.3135889046753321e-13,1.0,-0.9917226741361006,0.12839835514655784,-0.25467112024124217,-0.9670277247913168,0.9263239682514871,-0.37672789363520437,0.4925480679538886,0.8702852410301416,0.907590986095264,-0.419855453648784,-0.7621140503891487,-0.6474427960827475,-0.2676355053787709,0.9635202313707013,0.9868505034357967,-0.16163565160110765,-0.5610336262283642,-0.8277930117131046,-0.5157444481311358,0.8567424725212998,0.994109864702242,0.10837701279187358,-0.3190204483114522,-0.9477478322629707,-0.7262249146041675,0.6874571793269525,0.9288394302558037,0.3704825404821042
2023-01-15,0.0,0.0,0.0,0,0,Lazada,0.0,1,350.0,13580.0,17269.0,0.0,13365.0,5615.0,6499.592142857144,-0.8008021704090652,-1.0,0.0,0.7818314824680113,0.6234898018587567,0.9749279121818368,-0.22252093395625655,0.4338837391175359,-0.9009688679024298,-0.9444892287836583,0.3285423819108433,-0.6206094818274369,-0.7841198065766992,0.5366961939916256,-0.8437755598231697,0.9732643737003908,0.22968774213176038,0.9002345254572965,-0.4354053274532549,-0.7839338166829195,-0.6208444016506478,-0.21757660514828192,0.9760432474496961,0.9734018427044314,-0.22910445787809833,-0.6300720909843643,-0.7765366444428691,-0.42472835251601865,0.9053208417842973,0.9999300657962056,-0.011826390691836218,-0.44602140294068143,-0.8950222947607653,-0.6115298757991064,0.7912213413483798,0.9785481345802008,0.2060183203251818
2023-01-16,1.0,300.0,0.0,0,0,Lazada,0.0,0,26863.0,12534.0,17073.0,0.0,12391.0,7512.571428571428,7184.8778571428575,-0.7985686149610511,-0.98883222275993,0.0,0.9749279121818382,-0.2225209339562508,-0.43388373911744055,-0.9009688679024758,-0.781831482468081,0.6234898018586694,-0.8573146280763412,0.5147928015098159,-0.8826787983255311,-0.4699767430273506,-0.05147875477037985,-0.9986740898848288,0.8296770135526575,-0.5582437220268074,0.8926116709398654,-0.45082635781633423,-0.8048257371083435,-0.5935111901961172,-0.16693835946505642,0.9859673342150417,0.9553461622632805,-0.2954889342239769,-0.6944521021088713,-0.7195389342325887,-0.32919153851998806,0.9442631682782312,0.991268546778725,-0.13185851571739565,-0.5645884386042864,-0.8253725795023565,-0.482205847896339,0.8760579434344355,0.9993706508539965,0.03547255575313942
2023-01-17,3.0,1050.0,0.0,0,0,Lazada,0.0,0,12301.0,6221.0,0.0,0.0,0.0,7593.142857142857,6181.806428571429,3.2674196453606257,-0.9146410860905617,0.0,0.43388373911764894,-0.9009688679023754,-0.7818314824681555,0.6234898018585759,0.9749279121818656,-0.22252093395613043,-0.7338853664322095,0.6792733388972819,-0.9970175264485244,-0.07717546212667668,-0.6206094818274093,-0.7841198065767211,0.15389057670412193,-0.9880878960910677,0.8847246782682624,-0.466113981407037,-0.8247650844733593,-0.5654755126737606,-0.11585560376947954,0.9932660666081417,0.9327689179559807,-0.36047488913269515,-0.7536976643929085,-0.6572212950663381,-0.23015087970124468,0.9731549581504187,0.9682507501166705,-0.24998096907265754,-0.6724795445732124,-0.7401157086095423,-0.3413465142450583,0.9399375283564053,0.9906923101615632,-0.13612033862265063
2023-01-18,1.0,350.0,0.0,0,0,Lazada,0.0,0,1050.0,350.0,659.29,0.0,0.0,6854.428571428572,6256.806428571429,3.313598359036526,-0.6666666666666667,0.0,-0.4338837391175377,-0.9009688679024289,0.7818314824680015,0.623489801858769,-0.974927912181859,-0.22252093395615904,-0.5794210982045512,0.8150283375168202,-0.9444892287836512,0.32854238191086366,-0.9601498736716146,-0.2794856348515654,-0.6206094818274708,-0.7841198065766725,0.8765758813305067,-0.4812636743715918,-0.8437282590292721,-0.536770551460709,-0.06446435710735933,0.9979200101524845,0.9057769657642525,-0.4237547501691329,-0.8073707443023436,-0.5900444739548704,-0.12866054379809883,0.9916886933254697,0.9312100364121975,-0.3644830148102843,-0.7676545836727721,-0.6408638234181915,-0.19232150523910052,0.9813319716704264,0.952769292216857,-0.30369503751064053
2023-01-19,2.0,700.0,0.0,0,0,Lazada,0.0,0,9222.0,300.0,12534.0,23308.0,11854.0,5779.428571428572,6646.0,6.965830015945835,-0.9240945564953372,0.0,-0.9749279121818106,-0.22252093395637118,0.43388373911766304,-0.9009688679023686,0.7818314824677791,0.6234898018590479,-0.4004539056512766,0.9163169044870003,-0.7338853664322141,0.6792733388972769,-0.9444892287836628,0.3285423819108303,-0.9970175264485233,-0.07717546212669037,0.868167691486717,-0.4962709536721089,-0.8616928164028526,-0.5074302810827511,-0.012901459949420723,0.9999167727021951,0.8744980560685739,-0.48502901968056034,-0.8550745085896876,-0.5185051443911664,-0.02580077239154279,0.999667104662347,0.8806828564301507,-0.4737063503796742,-0.8483138696949922,-0.5294937001354292,-0.03869579017651581,0.9992510374388486,0.8867210630830031,-0.4623048304797915
2023-01-20,1.0,350.0,0.0,0,0,Lazada,0.0,0,700.0,7117.0,0.0,15363.0,0.0,5836.571428571428,5800.714285714285,3.648210968326788,-0.5,0.0,-0.7818314824680883,0.6234898018586602,-0.9749279121817819,-0.2225209339564973,-0.43388373911750944,-0.9009688679024426,-0.20455206612620958,0.978855685095356,-0.40045390565128286,0.9163169044869975,-0.5794210982046087,0.8150283375167793,-0.7338853664322235,0.6792733388972668,0.8595025968555415,-0.5111313784132024,-0.8786374941610001,-0.47748942800283917,0.03869579017652316,0.9992510374388482,0.8390802290175677,-0.544007692291043,-0.8964562582905521,-0.4431322341826455,0.07733361695681353,0.997005271645229,0.8174009818249222,-0.5760691233798712,-0.9129321980697737,-0.40811126145634796,0.11585560376947979,0.9932660666081417,0.7944973291666142,-0.607267646056594
2023-01-21,0.0,0.0,0.0,0,0,Lazada,0.0,1,12281.0,350.0,350.0,0.0,10147.0,5857.0,6355.714285714285,6.818480023674208,-1.0,0.0,-1.5670527183993413e-14,1.0,-3.134105436798683e-14,1.0,-1.6069841927359627e-13,1.0,2.156368735517883e-14,1.0,4.312737471035766e-14,1.0,7.847643204728474e-15,1.0,8.625474942071532e-14,1.0,0.8505831615778885,-0.5258405511561121,-0.8945422369764503,-0.4469834295196726,0.09019000427034406,0.99592457702866,0.799691113867867,-0.6004116274696637,-0.9312100364121898,-0.3644830148103039,0.1796448837103109,0.9837315262594306,0.7422809070869849,-0.670088841105508,-0.9602876863008684,-0.2790117551984596,0.26763550537875747,0.9635202313707051,0.6788204829862555,-0.7343042638295836
2023-01-22,8.0,2321.62,0.0,0,0,Lazada,0.0,1,8967.0,9222.0,26863.0,0.0,9020.0,5642.857142857143,6971.214285714285,3.1956308297345832,-0.7410928961748634,0.0,0.7818314824679978,0.6234898018587736,0.9749279121818464,-0.2225209339562145,0.43388373911779904,-0.9009688679023031,0.20455206612619614,0.9788556850953588,0.40045390565125777,0.9163169044870085,0.5794210982045288,0.8150283375168361,0.7338853664321862,0.6792733388973071,0.8414120250581583,-0.5403941192199719,-0.9093882203647928,-0.41594839182494137,0.14144406768793658,0.9899462489023787,0.756517135610562,-0.65397387067649,-0.9590788900341088,-0.28313898122819786,0.2800440484743339,0.9599871514317808,0.6564105761979406,-0.7544038410927449,-0.9894848788166607,-0.14463635294481889,0.41301304294128843,0.910725110206355,0.5431052396834568,-0.8396646346181165
2023-01-23,2.0,700.0,0.0,0,0,Lazada,0.0,0,2321.62,700.0,300.0,17269.0,6072.0,4657.088571428571,5218.258571428572,3.2332321888610203,-0.6984864017367183,0.0,0.9749279121818429,-0.2225209339562298,-0.43388373911740175,-0.9009688679024944,-0.7818314824679795,0.6234898018587967,0.40045390565126404,0.9163169044870058,0.7338853664321955,0.679273338897297,0.9444892287836679,0.3285423819108155,0.9970175264485275,-0.07717546212663566,0.8319919011831955,-0.5547877759698494,-0.9231578729647035,-0.38442104726885634,0.19232150523909378,0.9813319716704277,0.7097626326391624,-0.7044409168334315,-0.979856770095866,-0.1997015525660656,0.3774624838618088,0.9260248772451385,0.5610336262283699,-0.8277930117131007,-0.999971679340883,-0.007525989381749102,0.548510501800358,0.8361436655352473,0.3913578365610297,-0.9202385798054059
2023-01-24,5.0,1672.8,0.0,0,0,Lazada,0.0,0,11082.0,12281.0,1050.0,0.0,0.0,6412.231428571428,5332.401428571428,1.5822890754309105,-0.8490525175961018,0.0,0.43388373911766837,-0.9009688679023661,-0.7818314824681823,0.6234898018585422,0.9749279121818294,-0.22252093395628905,0.57942109820454,0.8150283375168281,0.9444892287836422,0.3285423819108895,0.9601498736716102,-0.27948563485158046,0.6206094818275139,-0.7841198065766384,0.8223255775192101,-0.5690172620911403,-0.9358348973349935,-0.35243871088460504,0.2426868445825909,0.9701046827361186,0.6596488896351436,-0.7515739101399955,-0.9933900548258933,-0.11478762552213037,0.47086328873604816,0.8822061909330907,0.4575313760742523,-0.8891934772070705,-0.9915497906051826,0.12972668480624433,0.670886518080148,0.7415600311898527,0.22805777122152637,-0.9736476020539824
2023-01-25,2.0,660.0,0.0,0,0,Lazada,0.0,0,1672.8,0.0,350.0,16688.0,0.0,4896.774285714286,5376.887142857143,1.648047085952192,-0.6054519368723099,0.0,-0.4338837391176207,-0.900968867902389,0.7818314824681164,0.6234898018586249,-0.9749279121817941,-0.22252093395644376,0.7338853664322001,0.679273338897292,0.9970175264485265,-0.07717546212664933,0.620609481827397,-0.7841198065767309,-0.15389057670406772,-0.9880878960910763,0.8124159144868894,-0.5830783668499725,-0.9474042892438849,-0.3200392362231378,0.29240597695107545,0.9562942772197726,0.6064130902482753,-0.7951497745554212,-0.9995786855478956,-0.02902501332197973,0.5592523247663403,0.8289974892865742,0.34740282118427773,-0.9377159910299092,-0.9643784639967448,0.2645263279510743,0.7772136184407389,0.6292368324488432,0.05802556932878932,-0.9983150972033178
2023-01-26,4.0,1360.0,0.0,0,0,Lazada,0.0,0,8695.0,2321.62,9222.0,659.29,0.0,4952.202857142857,5297.53,3.137147081001465,-0.843588269120184,0.0,-0.9749279121818312,-0.22252093395628136,0.43388373911749706,-0.9009688679024486,0.7818314824678806,0.6234898018589207,0.8573146280763342,0.5147928015098276,0.8826787983255441,-0.4699767430273264,0.05147875477036418,-0.9986740898848296,-0.8296770135526269,-0.5582437220268528,0.802265844514958,-0.5969669293392235,-0.9578523554276666,-0.2872609705505973,0.3413465142450385,0.9399375283564125,0.5503071945286544,-0.8349622695966578,-0.9983769064671423,0.05695219603403394,0.6416887978251168,0.7669651144255235,0.23224292400908347,-0.9726578145718622,-0.9189714882380293,0.39432398330000357,0.8649482509584304,0.5018610596210391,-0.1137195145859381,-0.9935128947338019
2023-01-27,11.0,3665.0,0.0,0,0,Lazada,0.0,0,8595.0,9534.0,350.0,0.0,6646.0,5942.685714285714,5299.887142857143,2.1121113734030086,-0.5735892961023852,0.0,-0.7818314824680308,0.6234898018587323,-0.9749279121818228,-0.22252093395631767,-0.43388373911765604,-0.900968867902372,0.9444892287836538,0.3285423819108562,0.6206094818274585,-0.7841198065766822,-0.5366961939916388,-0.8437755598231612,-0.9732643737004034,0.22968774213170698,0.7918783711724181,-0.6106788397098085,-0.9671667297977308,-0.254142709461364,0.38937814154519973,0.9210779895789534,0.4915967464233645,-0.8708229664552735,-0.9897936029670726,0.142508327916164,0.7172952716008834,0.6967693257736128,0.11371951458596195,-0.9935128947337992,-0.8561874740403101,0.5166652778119246,0.9319916318560569,0.36247978998874414,-0.28210766268190607,-0.9593827529490782
2023-01-28,9.0,2967.5,0.0,0,0,Lazada,0.0,1,20172.0,660.0,0.0,6620.0,0.0,6846.0,5871.387142857143,2.6787707445501043,-0.852890144755106,0.0,-3.723173861662589e-14,1.0,-7.446347723325178e-14,1.0,1.9916218717383598e-15,1.0,0.9917226741360988,0.12839835514657144,0.2546711202412687,-0.9670277247913098,-0.926323968251493,-0.3767278936351899,-0.49254806795393635,0.8702852410301145,0.7812565682797504,-0.6242100403868457,-0.975336388076783,-0.2207236509605049,0.43637296410459386,0.8997658785476202,0.43055961698187883,-0.9025621398133304,-0.9738922359149943,0.2270108209414104,0.7852670068439981,0.6191572723971417,-0.006450864198093683,-0.9999791929590824,-0.777213618440745,0.6292368324488355,0.9767399525103047,0.2144272957675115,-0.44216815196705717,-0.8969321743510138
2023-01-29,10.0,3280.2,0.0,0,0,Lazada,0.0,1,8794.0,1360.0,2321.62,350.0,19378.0,7189.785714285715,6070.994285714286,1.2510260877982555,-0.6269956788719582,0.0,0.7818314824680553,0.6234898018587015,0.9749279121818054,-0.22252093395639413,0.43388373911765243,-0.9009688679023737,0.9970175264485259,-0.07717546212665617,-0.15389057670408127,-0.9880878960910742,-0.9732643737003692,0.22968774213185197,0.30411483232755543,0.9526353808033705,0.7704035789993182,-0.6375565272703599,-0.9823516608469235,-0.18704334906991754,0.4822058478963517,0.8760579434344287,0.3674846892184087,-0.9300295711374179,-0.9507903724625861,0.3098349038317934,0.8448805268402655,0.534955040509121,-0.12652781683867265,-0.991963059577341,-0.6835432558267279,0.7299100063800992,0.9981227456866071,0.0612452818021826,-0.5891760872322808,-0.8080046647350867
2023-01-30,10.0,3255.0,0.0,0,0,Lazada,0.0,0,23031.0,3665.0,9534.0,26863.0,5891.0,9526.385714285714,7734.535714285715,1.3104954910144144,-0.8586687508141201,0.0,0.9749279121818224,-0.2225209339563196,-0.4338837391175677,-0.9009688679024145,-0.7818314824681616,0.6234898018585683,0.9601498736716063,-0.2794856348515936,-0.5366961939915726,-0.8437755598232033,-0.6601521206712262,0.7511319308705248,0.9057022630804435,0.4239143907099204,0.7593226149052594,-0.6507143509201553,-0.988204244994142,-0.1531416670131219,0.5267547528105495,0.8500173118187047,0.30267049085569286,-0.9530952596488842,-0.920658816810247,0.39036821467629257,0.895501317943499,0.44505886078299384,-0.24477230089726437,-0.9695805901076295,-0.5769476201403236,0.816781147930348,0.9956284932063288,-0.09340183893101478,-0.718791877288408,-0.6952253139408879
2023-01-31,4.0,1208.42,0.0,0,1,Lazada,0.0,0,11092.0,20172.0,1672.8,7117.0,10673.0,10370.242857142857,7286.75,1.0232466511374703,-0.8910548142805625,0.0,0.4338837391175854,-0.900968867902406,-0.7818314824680676,0.6234898018586863,0.9749279121818943,-0.2225209339560043,0.8826787983255542,-0.46997674302730735,-0.8296770135526028,-0.5582437220268887,-0.10282099713740335,0.9946998756145846,0.9263239682515166,-0.37672789363513176,0.748016955033124,-0.6636796177245262,-0.9928872135356958,-0.1190587300340535,0.5699010576127601,0.8217133225960606,0.23642378142122006,-0.9716500376053567,-0.8837203473620033,0.4680153284438236,0.93659058320398,0.350425569063715,-0.3594718130884287,-0.9331559438780411,-0.4594423522174582,0.8882075911569823,0.969316862460689,-0.24581460524013943,-0.8271893372462358,-0.5619233046832398
2023-02-01,9.0,2955.56,0.0,0,0,Lazada,0.0,0,9085.0,8794.0,8695.0,1050.0,0.0,8535.088571428572,7855.365714285714,1.6993691411026526,-0.6746769400110071,0.0,-0.43388373911760125,-0.9009688679023984,0.7818314824680895,0.6234898018586587,-0.9749279121818303,-0.22252093395628517,0.7678804460365898,-0.6405931786981875,-0.9837979515735221,-0.17928075881070396,0.4925480679537828,0.8702852410302014,0.35275208654903445,-0.9357168190405164,0.7364899449095564,-0.6764484910524368,-0.9963950238187234,-0.08483487790576281,0.611529875799101,0.7912213413483841,0.16905810038314206,-0.9856060869814286,-0.8402480696078543,0.5422021592729731,0.9677109772087508,0.2520624220102723,-0.4689651910076378,-0.8832166493127096,-0.3332493855822844,0.9428387173896869,0.9198172790502257,-0.3923470060554039,-0.911168635332652,-0.4120336369594509
2023-02-02,9.0,2858.5,0.0,1,0,Lazada,0.0,0,2955.56,3280.2,1360.0,350.0,0.0,7701.0257142857145,7445.405714285715,1.7842485523356608,-0.03283980024090183,0.0,-0.9749279121818264,-0.22252093395630237,0.4338837391175359,-0.9009688679024298,0.781831482467982,0.6234898018587935,0.6206094818274308,-0.7841198065767041,-0.9732643737003872,0.22968774213177567,0.9057022630804585,0.42391439070988846,-0.44709379298507734,-0.8944870822288139,0.7247449955623085,-0.6890171923888324,-0.9987235240803973,-0.0505106171852212,0.6515303615068007,0.7586225596664112,0.1008922831974,-0.994897355103136,-0.7905633969115572,0.6123802049900532,0.9885312610933427,0.1510163760696354,-0.5716666713027001,-0.8204859638785362,-0.20075493140681966,0.9796414943824313,0.8483138696949899,-0.529493700135433,-0.9682507501166645,-0.2499809690726808
2023-02-03,7.0,2203.11,0.0,0,0,Lazada,0.0,0,13297.0,11092.0,4775.0,700.0,23308.0,10927.497142857143,10197.655714285715,2.1496021871620874,-0.8343152590809957,0.0,-0.7818314824680443,0.6234898018587154,-0.9749279121818133,-0.2225209339563597,-0.4338837391173929,-0.9009688679024986,0.4470937929851212,-0.8944870822287919,-0.7998392447397291,0.6002142805483552,0.9837979515735309,-0.17928075881065575,-0.9601498736715927,-0.2794856348516407,0.712785582510848,-0.7013820024527797,-0.9998699583618592,-0.016126573270657852,0.6897960046655847,0.7240037789593343,0.03224895228930428,-0.9994798672690922,-0.7350336741329425,0.6780306024735367,0.9988298281778679,0.0483629438947933,-0.6660888558609731,-0.7458723993404098,-0.06446435710736226,0.9979200101524843,0.7565171356105685,-0.6539738706764825,-0.9967506498213926,-0.08054900421874553
2023-02-04,4.0,1282.8,0.0,0,0,Lazada,0.0,1,2203.11,1208.42,20172.0,350.0,15363.0,9657.655714285715,10013.949285714287,2.2172197026541256,-0.4177322058362951,0.0,-5.879295004925836e-14,1.0,-1.1758590009851672e-13,1.0,-2.900656878693911e-13,1.0,0.25467112024123456,-0.9670277247913188,-0.4925480679538749,0.8702852410301493,0.6979441547663565,-0.7161521883143807,-0.8573146280763447,0.51479280150981,0.7006152447379053,-0.7135392622980498,-0.999832969770105,0.018276557681690245,0.726224914604153,0.6874571793269678,-0.036547009888117966,-0.9993319348786157,-0.6740694616546185,0.7386679638813726,0.9984970627014781,-0.05480525318361852,-0.750864253398946,-0.6604565640279786,0.07304518821104167,0.9973286321364756,0.6466230339778775,-0.7628097088587984,-0.9958270335100601,0.09126072172930558
2023-02-05,7.0,2345.0,0.0,0,0,Lazada,0.0,1,13935.0,2858.5,3280.2,0.0,0.0,12269.772857142858,9985.399285714286,2.9216251716640445,-0.8317186939361321,0.0,0.7818314824680419,0.6234898018587184,0.974927912181815,-0.22252093395635208,0.4338837391175059,-0.9009688679024443,0.05147875477035048,-0.9986740898848303,-0.10282099713736827,0.9946998756145883,0.15389057670412967,-0.9880878960910666,-0.2045520661262163,0.9788556850953546,0.6882375836422279,-0.7254853743958644,-0.9986126020839733,0.052658056924614796,0.7607200913564114,0.6490800741100385,-0.10516999849235115,-0.9944542580818481,-0.6081214998935454,0.7938439653780992,0.9875365065492295,-0.15739011478661386,-0.8247650844733597,-0.5654755126737602,0.20917350564636028,0.9778785428342377,0.5212604463582795,-0.8533976488498004,-0.9655071658143387,0.26037648273444947
2023-02-06,4.0,1178.5,0.0,0,0,Lazada,0.0,0,4550.0,13297.0,3255.0,2321.62,0.0,7704.129999999998,8598.527857142857,1.3840950051596217,-0.7409890109890109,0.0,0.9749279121818272,-0.22252093395629857,-0.43388373911752887,-0.9009688679024332,-0.7818314824680602,0.6234898018586955,-0.15389057670405995,-0.9880878960910774,0.30411483232751435,0.9526353808033837,-0.44709379298510893,-0.894487082228798,0.5794210982045576,0.8150283375168157,0.675656261972874,-0.7372168036994565,-0.9962102997023297,0.08697723131368601,0.7931896839451832,0.6089746507720502,-0.17329522734857197,-0.9848699224660111,-0.537677376740619,0.8431506618281969,0.9660648215530215,-0.2582997494341191,-0.886721063082992,-0.46230483047981275,0.3413465142450357,0.9399375283564135,0.3834282907116519,-0.9235706501843489,-0.9066860720978033,0.421806077082653
2023-02-07,3.0,1050.0,0.0,0,0,Lazada,0.0,0,13638.0,1282.8,1208.42,9534.0,0.0,7606.471428571427,8632.06357142857,2.9414344256543896,-0.923009238891333,0.0,0.4338837391176048,-0.9009688679023966,-0.7818314824680944,0.6234898018586525,0.9749279121818581,-0.22252093395616293,-0.352752086549095,-0.9357168190404935,0.6601521206712321,0.7511319308705195,-0.882678798325521,-0.46997674302736964,0.9917226741361016,0.12839835514655004,0.6628750027453385,-0.7487300786901562,-0.9926289059345096,0.12119346147073502,0.8235472349555976,0.5672476988027274,-0.2406002661322237,-0.9706242897934829,-0.463257922567498,0.8862235029485768,0.9343105477678236,-0.35646009640602044,-0.9358348973349937,-0.35243871088460443,0.46706492487742524,0.8842230238742063,0.2364237814212091,-0.9716500376053594,-0.8211001178128972,0.5707841943568921
2023-02-08,7.0,2400.0,0.0,0,0,Lazada,0.0,0,14279.0,13935.0,2955.56,1672.8,0.0,7282.2142857142835,8991.747857142856,2.969149413894272,-0.8319210028713495,0.0,-0.4338837391174794,-0.900968867902457,0.7818314824679209,0.6234898018588702,-0.9749279121818665,-0.22252093395612654,-0.5366961939915784,-0.8437755598231996,0.9057022630804493,0.423914390709908,-0.9917226741361006,0.12839835514655784,0.7678804460366669,-0.640593178698095,0.6498975881398573,-0.7600217924046628,-0.9878726596350433,0.1552662498599929,0.8517119107469179,0.5240103253675773,-0.30676656640150074,-0.9517847833088285,-0.38541335945433336,0.9227440286201395,0.8926116709398667,-0.4508263578163316,-0.9713952846837501,-0.23746831555846792,0.5839514998576915,0.8117885474764673,0.08376355348527492,-0.9964856582548087,-0.711275751973827,0.7029130847082496
2023-02-09,4.0,1290.0,0.0,0,0,Lazada,0.0,0,11950.0,4550.0,35996.0,8695.0,0.0,7006.499999999998,9601.457857142857,3.3946546487421427,-0.8920502092050209,0.0,-0.9749279121818215,-0.2225209339563234,0.4338837391175748,-0.9009688679024112,0.7818314824677999,0.6234898018590218,-0.6979441547663467,-0.7161521883143902,0.9996684675143134,0.025747913654979752,-0.7338853664322288,0.679273338897261,0.05147875477032894,-0.9986740898848314,0.6367278583821974,-0.7710886034432233,-0.981947190186646,0.18915526872004085,0.8776087166898361,0.4793776594607001,-0.3714809692572882,-0.9284405686308983,-0.30471923310917254,0.9524422234305647,0.8414120250581646,-0.540394119219962,-0.9928872135356946,-0.11905873003406346,0.6897960046655877,0.7240037789593314,-0.07090046226089428,-0.997483395576684,-0.5804549278091138,0.8142923779467155
2023-02-10,3.0,1050.0,0.0,0,0,Lazada,0.0,0,8420.0,13638.0,2203.11,8595.0,13580.0,7575.285714285712,6774.100714285714,2.6547241007969014,-0.8752969121140143,0.0,-0.7818314824680578,0.6234898018586985,-0.9749279121818036,-0.22252093395640174,-0.43388373911753947,-0.9009688679024281,-0.8296770135526225,-0.5582437220268593,0.9263239682514901,-0.37672789363519715,-0.20455206612618176,0.9788556850953618,-0.6979441547663622,-0.7161521883143752,0.6233697106072773,-0.7819272369584009,-0.9748595108374127,0.22282040779479864,0.9011686968561556,0.43346854534853885,-0.43443718749486043,-0.9007021317403193,-0.22177215755649252,0.9750985130399585,0.7812565682797523,-0.6242100403868434,-0.9999994220246925,0.0010751512827854254,0.7825970017677791,0.6225286602431109,-0.2238684004637312,-0.9746193817454127,-0.4324994021339985,0.9016342202654766
2023-02-11,2.0,660.0,0.0,0,0,Lazada,0.0,1,5987.0,14279.0,16316.0,4775.0,12534.0,6482.285714285712,7027.75,1.5313105625957546,-0.8897611491565057,0.0,-8.035416148189084e-14,1.0,-1.6070832296378168e-13,1.0,-1.273756467240565e-13,1.0,-0.9263239682514876,-0.3767278936352035,0.697944154766372,-0.7161521883143657,0.400453905651238,0.9163169044870172,-0.9996684675143152,0.025747913654909225,0.6098270977059344,-0.7925344856241631,-0.9666180104000979,0.2562218218071136,0.922329117629052,0.3864052261209912,-0.4953372552325611,-0.8687007560596874,-0.1371854040566127,0.9905453876091816,0.7127855825108563,-0.7013820024527713,-0.9926289059345108,0.12119346147072506,0.8605996962501125,0.5092820071573452,-0.37148096925727886,-0.928440568630902,-0.27177673847115924,0.9623603298276479
2023-02-12,1.0,342.45,0.0,0,0,Lazada,0.0,1,7647.0,11950.0,2345.0,2967.5,6620.0,5286.285714285713,5460.321428571428,2.4575820254706437,-0.9552177324440957,0.0,0.7818314824680284,0.6234898018587353,0.9749279121818246,-0.22252093395631006,0.4338837391173593,-0.9009688679025148,-0.9837979515735182,-0.17928075881072517,0.3527520865490748,-0.9357168190405012,0.8573146280763488,0.5147928015098033,-0.6601521206711997,0.7511319308705481,0.5961040271552042,-0.8029072105849764,-0.957232443323312,0.28931997761869516,0.9410336347451215,0.3383130181923027,-0.553892938156379,-0.8325879011014354,-0.05158436686942188,0.9986686402879991,0.63672785838219,-0.7710886034432293,-0.970882410481386,0.23955655912091725,0.9223291176290536,0.3864052261209874,-0.5102069876723158,-0.8600516436414394,-0.10303137904320571,0.9946781061893618
2023-02-13,3.0,923.1800000000001,0.0,0,0,Lazada,0.0,0,9405.0,8420.0,1178.5,3280.2,350.0,4787.349999999999,5664.067857142858,5.447144909805183,-0.9018415736310473,0.0,0.9749279121818321,-0.22252093395627756,-0.43388373911749,-0.9009688679024519,-0.7818314824682423,0.6234898018584671,-0.9996684675143128,0.02574791365500131,-0.05147875477037202,-0.9986740898848292,0.9970175264485281,-0.07717546212662785,0.10282099713741116,0.9946998756145838,0.5822045598324487,-0.8130423423846416,-0.9467139181463865,0.32207570102060945,0.9572324433233101,0.2893199776187014,-0.6098270977059306,-0.792534485624166,0.034398060613607395,0.9994082116062598,0.5538929381563898,-0.8325879011014282,-0.9350748843515607,0.3544502230989782,0.9666180104000954,0.2562218218071227,-0.6367278583821943,-0.7710886034432258,0.06875540848113817,0.9976335468520452
2023-02-14,3.0,1010.0,0.0,1,0,Lazada,0.0,0,6820.0,5987.0,1050.0,3255.0,26863.0,4540.661428571428,5158.830714285715,5.691286965054809,-0.8519061583577713,0.0,0.43388373911762423,-0.9009688679023873,-0.7818314824681213,0.6234898018586188,0.974927912181822,-0.22252093395632153,-0.9732643737003857,0.22968774213178234,-0.4470937929850896,-0.8944870822288077,0.7678804460365716,-0.6405931786982093,0.7998392447396868,0.6002142805484116,0.568132808813668,-0.8229368818746017,-0.9350748843515584,0.3544502230989843,0.9708824104813846,0.23955655912092297,-0.6628750027453336,-0.7487300786901605,0.1201261651823486,0.9927586335250795,0.465162499131896,-0.8852253099642875,-0.8857249183835609,0.46421047915189745,0.992628905934508,0.12119346147074792,-0.748016955033113,-0.6636796177245385,0.23851257519407276,0.9711394088771662
2023-02-15,4.0,1400.0,0.0,0,1,Lazada,0.0,0,24413.0,7647.0,2400.0,1208.42,7117.0,7222.947142857141,5879.830714285715,7.481577127515557,-0.9426535042805063,0.0,-0.43388373911746,-0.9009688679024664,0.781831482467894,0.6234898018589038,-0.9749279121818015,-0.2225209339564113,-0.9057022630804763,0.42391439070985026,-0.7678804460365853,-0.6405931786981928,0.25467112024123456,-0.9670277247913188,0.9837979515735246,-0.17928075881069047,0.5538929381563814,-0.8325879011014339,-0.9223291176290559,0.38640522612098194,0.9819471901866461,0.18915526872004024,-0.7127855825108422,-0.7013820024527856,0.20496611396949221,0.9787690698649223,0.371480969257287,-0.9284405686308987,-0.8235472349555969,0.5672476988027284,0.9998699583618595,-0.01612657327064132,-0.8414120250581598,-0.5403941192199695,0.4012289854474951,0.9159777842484903
2023-02-16,3.0,981.48,0.0,0,0,Lazada,0.0,0,15747.0,9405.0,1290.0,2955.56,1050.0,8531.16857142857,6079.6164285714285,5.167511356097813,-0.937671937511907,0.0,-0.9749279121818167,-0.22252093395634442,0.4338837391176136,-0.9009688679023924,0.7818314824679014,0.6234898018588947,-0.799839244739725,0.6002142805483607,-0.9601498736715965,-0.27948563485162753,-0.35275208654904183,-0.9357168190405136,0.5366961939916322,-0.8437755598231654,0.539489161667411,-0.8419925441732807,-0.9084917035725074,0.4179028888867882,0.9903973200352544,0.13825031091099177,-0.759322614905261,-0.6507143509201535,0.28829064070951343,0.9575429528116732,0.27384547484057387,-0.9617737030660283,-0.7494423368521903,0.6620696215153873,0.9882042449941412,-0.15314166701312662,-0.914678875958708,-0.4041813378607608,0.5521013427459133,0.8337770129585965
2023-02-17,5.0,1699.81,0.0,0,0,Lazada,0.0,0,29892.0,6820.0,1050.0,35996.0,10116.0,11466.211428571429,7591.293571428571,8.457117670044903,-0.943134952495651,0.0,-0.7818314824680712,0.6234898018586816,-0.9749279121817941,-0.2225209339564438,-0.4338837391176861,-0.9009688679023575,-0.6601521206712373,0.7511319308705151,-0.9917226741361034,0.12839835514653644,-0.8296770135526225,-0.5582437220268593,-0.2546711202412005,-0.9670277247913278,0.5249257416559601,-0.8511480281049474,-0.8935790198239949,0.44890593149388053,0.9962102997023298,0.0869772313136854,-0.8022658445149583,-0.5969669293392229,0.36948368344737775,0.9292372181882073,0.17329522734857078,-0.9848699224660113,-0.6644834655228588,0.7473029667054265,0.9578523554276662,-0.28726097055059846,-0.9660648215530155,-0.2582997494341413,0.6866759803451469,0.7269636153323159
2023-02-18,12.0,4200.0,0.0,0,0,Lazada,0.0,1,1699.81,1010.0,5987.0,13297.0,9222.0,10734.755714285713,7637.708571428571,8.788942034199732,1.4708643907260224,0.0,-1.0191537291452331e-13,1.0,-2.0383074582904663e-13,1.0,-4.19432956465186e-13,1.0,-0.49254806795386896,0.8702852410301527,-0.8573146280763377,0.5147928015098218,-0.9996684675143143,0.025747913654944492,-0.8826787983255376,-0.4699767430273385,0.5102069876723101,-0.8600516436414427,-0.8776087166898392,0.47937765946069444,0.9993706508539968,0.03547255575312841,-0.8414120250581576,-0.5403941192199729,0.4479449394078849,0.8940611451454908,0.07090046226091724,-0.9974833955766824,-0.5699010576127649,0.8217133225960572,0.9093882203647938,-0.41594839182493926,-0.9943406096530516,-0.10623912647794875,0.800980330978282,0.5986906625177327
2023-02-19,5.0,1620.1,0.0,0,0,Lazada,0.0,1,14646.0,15747.0,342.45,16316.0,7980.0,11495.041428571427,8912.78,4.346347869696388,-0.8893827666256998,0.0,0.7818314824679441,0.6234898018588411,0.9749279121818848,-0.22252093395604633,0.4338837391176224,-0.9009688679023882,-0.30411483232754793,0.952635380803373,-0.5794210982046151,0.8150283375167748,-0.7998392447397079,0.6002142805483834,-0.9444892287837027,0.32854238191071555,0.4953372552325668,-0.8687007560596842,-0.8605996962501191,0.509282007157334,0.9998699583618592,-0.016126573270658466,-0.8765758813305052,-0.4812636743715944,0.5230943033491255,0.8522748088519881,-0.03224895228930551,-0.9994798672690922,-0.467064924877433,0.8842230238742022,0.8437282590292753,-0.536770551460704,-0.998829828177869,0.0483629438947703,0.8916401947968798,0.452744699607386
2023-02-20,16.0,5526.13,0.0,0,0,Lazada,0.0,0,16907.0,29892.0,923.1800000000001,2345.0,0.0,11751.98714285714,9539.897857142858,1.5240987400985346,-0.6731454427160348,0.0,0.9749279121818115,-0.22252093395636738,-0.43388373911765604,-0.900968867902372,-0.7818314824681408,0.6234898018585944,-0.10282099713736144,0.994699875614589,-0.20455206612620286,0.9788556850953575,-0.30411483232754793,0.952635380803373,-0.4004539056512703,0.9163169044870031,0.48032094452978846,-0.8770928059481573,-0.8425720899866027,0.5385835804920238,0.9977068927101171,-0.06768276175454789,-0.9075909860952643,-0.41985545364878346,0.5943761565849753,0.8041871576214538,-0.13505511584033827,-0.9908380875225542,-0.3574644155648634,0.9339267592294754,0.7621140503891478,-0.6474427960827485,-0.979425086251811,0.2018080781847758,0.9559793438440708,0.29343396896654583
2023-02-21,9.0,3007.4700000000003,0.0,0,0,Lazada,0.0,0,5526.13,1699.81,6820.0,4550.0,8967.0,8271.14857142857,9868.680000000002,1.5937218981038346,-0.4557728464585523,0.0,0.4338837391175412,-0.9009688679024273,-0.7818314824680064,0.6234898018587629,0.9749279121817858,-0.22252093395648015,0.10282099713736144,0.994699875614589,0.20455206612620286,0.9788556850953575,0.30411483232754793,0.952635380803373,0.4004539056512703,0.9163169044870031,0.4651624991319044,-0.8852253099642831,-0.8235472349556012,0.5672476988027221,0.9928872135356961,-0.11905873003405058,-0.934310547767819,-0.35646009640603254,0.6612634749656303,0.7501537286959115,-0.23642378142121434,-0.9716500376053582,-0.24268684458259662,0.9701046827361172,0.6660888558609797,-0.745872399340404,-0.9365905832039831,0.35042556906370675,0.9920985227917662,0.12546123335275838
2023-02-22,8.0,2637.61,0.0,0,0,Lazada,0.0,0,11231.0,13299.0,24413.0,13638.0,700.0,9462.385714285714,10326.427857142857,1.3554256105604898,-0.76514914077108,0.0,-0.43388373911754297,-0.9009688679024264,0.7818314824680088,0.6234898018587598,-0.9749279121817365,-0.22252093395669603,0.3041148323274938,0.9526353808033903,0.5794210982045225,0.8150283375168407,0.799839244739708,0.6002142805483834,0.9444892287836281,0.32854238191093027,0.44986640466678224,-0.8930958615692847,-0.8035476485339127,0.5952404359043658,0.9854237542919528,-0.17011767832048771,-0.9566081051665087,-0.29137764692876106,0.7232617254437304,0.6905740195722382,-0.3352760024840115,-0.9421199510456941,-0.12439450483980034,0.9922328391893008,0.5574684374327962,-0.8301981337405165,-0.8713510040136342,0.4906601958631164,0.9989315138848588,-0.04621504698368385
2023-02-23,6.0,2060.0,0.0,0,0,Lazada,0.0,0,16492.0,1620.1,15747.0,14279.0,11082.0,8203.044285714286,9849.042857142858,2.0933736426362235,-0.8750909531894252,0.0,-0.9749279121818373,-0.2225209339562546,0.4338837391174476,-0.9009688679024723,0.7818314824680027,0.6234898018587675,0.49254806795386896,0.8702852410301527,0.8573146280763377,0.5147928015098218,0.9996684675143143,0.025747913654944478,0.8826787983255375,-0.4699767430273385,0.4344371874948631,-0.900702131740318,-0.7825970017677828,0.6225286602431064,0.9753363880767837,-0.22072365096050203,-0.9743781260415395,-0.22491613435184618,0.7799125224167092,0.6258885343075123,-0.43055961698187356,-0.9025621398133329,-0.0043005927029814515,0.9999907524084426,0.43830672301251805,-0.8988254650164446,-0.7852670068440123,0.6191572723971236,0.976276611086938,-0.21652708524478784
2023-02-24,4.0,1280.0,0.0,0,0,Lazada,0.0,0,9318.0,5526.13,29892.0,11950.0,660.0,7181.744285714284,9466.865714285714,1.2216649823791805,-0.862631465979824,0.0,-0.7818314824680137,0.6234898018587537,-0.974927912181835,-0.22252093395626416,-0.43388373911742295,-0.9009688679024842,0.6601521206712373,0.7511319308705151,0.9917226741361034,0.12839835514653644,0.8296770135526225,-0.5582437220268593,0.2546711202412005,-0.9670277247913278,0.4188794133697436,-0.9080418696596647,-0.760720091356411,0.649080074110039,0.9626519747161497,-0.2707418984477606,-0.9875365065492298,-0.15739011478661263,0.8307970168121244,0.5565755266413308,-0.521260446358272,-0.853397648849805,0.11585560376946664,0.9932660666081432,0.31085696824350745,-0.9504567035349137,-0.6803978890506184,0.7328428976086637,0.9248025743285093,-0.38044736628785053
2023-02-25,9.0,2820.0,0.0,0,0,Lazada,0.0,1,10287.0,11231.0,4200.0,8420.0,1360.0,7615.087142857141,8036.522142857143,1.7977015404438867,-0.7258675998833479,0.0,-9.789746625539765e-15,1.0,-1.957949325107953e-14,1.0,1.9800443556661277e-13,1.0,0.7998392447397079,0.6002142805483834,0.9601498736716124,-0.2794856348515729,0.3527520865490418,-0.9357168190405136,-0.5366961939915362,-0.8437755598232265,0.4031976860870862,-0.9151129033807902,-0.7379428103031398,0.674863251868039,0.9474042892438846,-0.3200392362231384,-0.9960209693076327,-0.08911918255619164,0.8755389928586294,0.48314746401497033,-0.6064130902482763,-0.7951497745554205,0.2343338944717931,0.9721561736170184,0.17752914918704374,-0.9841155426010324,-0.5592523247663359,0.8289974892865772,0.8460288880917359,-0.533137056031806
2023-02-26,7.0,2020.0,0.0,0,0,Lazada,0.0,1,5560.0,16492.0,14646.0,5987.0,3665.0,6830.999999999998,7385.165,1.2044814657161342,-0.6366906474820144,0.0,0.7818314824680015,0.623489801858769,0.9749279121818438,-0.22252093395622596,0.43388373911747585,-0.9009688679024588,0.9057022630804643,0.423914390709876,0.7678804460366218,-0.6405931786981491,-0.2546711202412346,-0.9670277247913188,-0.9837979515735042,-0.1792807588108023,0.3873966461222887,-0.9219131404710544,-0.7142921172691059,0.6998476771464044,0.9296339319682708,-0.3684843993077758,-0.9997913581495417,-0.020426457585564124,0.9138076496466602,0.4061472386305818,-0.685111201994908,-0.7284384949335753,0.3494183899593882,0.9369668023778585,0.04084439154331032,-0.9991655196610103,-0.4247283525160204,0.9053208417842964,0.7422809070869862,-0.6700888411055066
2023-02-27,5.0,1570.0,0.0,0,0,Lazada,0.0,0,9910.0,9318.0,16907.0,7647.0,20172.0,5884.999999999999,7075.443571428571,1.2639323812686312,-0.8415741675075681,0.0,0.9749279121818163,-0.22252093395634637,-0.4338837391176172,-0.9009688679023907,-0.7818314824683229,0.623489801858366,0.9732643737003857,0.22968774213178234,0.4470937929850896,-0.8944870822288077,-0.7678804460365716,-0.6405931786982093,-0.7998392447396868,0.6002142805484116,0.37148096925728924,-0.9284405686308979,-0.6897960046655893,0.7240037789593299,0.9093882203647956,-0.4159483918249355,-0.9988298281778685,0.04836294389478033,0.9453200469131305,0.3261441535642739,-0.7565171356105534,-0.6539738706764999,0.4594423522174378,0.8882075911569929,-0.09661270188119866,-0.9953220513156606,-0.28004404847435604,0.9599871514317744,0.6166212130956453,-0.7872599821916867
2023-02-28,6.0,1760.0,0.0,0,1,Lazada,0.0,0,22811.0,2820.0,11231.0,923.1800000000001,3280.2,7408.857142857142,7511.972142857142,1.1749979285107117,-0.9228442418131603,0.0,0.4338837391175606,-0.9009688679024179,-0.7818314824680332,0.6234898018587292,0.9749279121818508,-0.2225209339561954,0.9996684675143128,0.025747913655001307,0.05147875477037201,-0.9986740898848292,-0.9970175264485281,-0.07717546212662782,-0.10282099713741115,0.9946998756145838,0.3554553651969341,-0.9346932562893102,-0.6644834655228565,0.7473029667054284,0.8867210630829948,-0.4623048304798076,-0.99314093022387,0.11692344809346936,0.9698431969672926,0.2437297136096895,-0.8198708615029173,-0.5725484874300728,0.5628123335824751,0.8265847065893783,-0.23224292400906107,-0.9726578145718675,-0.12866054379810077,0.9916886933254695,0.47275920928628784,-0.8811916534074775
2023-03-01,3.0,880.75,0.0,0,0,Lazada,0.0,0,5280.0,2020.0,16492.0,1010.0,3255.0,7217.428571428571,7024.214285714285,1.2938362362149216,-0.8331912878787879,0.0,-0.4338837391175236,-0.9009688679024358,0.781831482467982,0.6234898018587935,-0.9749279121817727,-0.2225209339565374,0.9837979515735182,-0.17928075881072517,-0.3527520865490748,-0.9357168190405012,-0.8573146280763488,0.5147928015098033,0.6601521206711997,0.7511319308705481,0.33932457617529027,-0.9406693531754182,-0.6383844591746665,0.7697176640069193,0.8616928164028559,-0.5074302810827456,-0.9827515893084895,0.18493056456853738,0.9871957872910074,0.1595132519726434,-0.8744980560685676,-0.4850290196805717,0.6580312542193709,0.7529906164557973,-0.3634816124828927,-0.931601372576724,0.02580077239153398,0.9996671046623472,0.3149416207289651,-0.9491110448902239
2023-03-02,7.0,2104.34,0.0,0,0,Lazada,0.0,0,3730.0,1570.0,9318.0,1400.0,1208.42,6171.8214285714275,6028.410714285715,1.2559543446351464,-0.43583378016085783,0.0,-0.9749279121818072,-0.22252093395638647,0.4338837391176913,-0.900968867902355,0.7818314824681042,0.6234898018586402,0.9263239682514982,-0.37672789363517717,-0.6979441547663312,-0.7161521883144053,-0.400453905651238,0.9163169044870172,0.9996684675143123,0.025747913655022853,0.3230933755523487,-0.9463670908660069,-0.6115298757991089,0.791221341348378,0.8343701235229558,-0.5512045872199246,-0.9677109772087559,0.25206242201025286,0.9972495210773444,0.07411742515095261,-0.9198172790502167,-0.3923470060554251,0.7437200839287464,0.6684911643103582,-0.4878471454422952,-0.8729290708206504,0.179644883710295,0.9837315262594335,0.14782713347054682,-0.9890132145779859
2023-03-03,18.0,5600.24,0.0,1,0,Lazada,0.0,0,2104.34,7171.0,1280.0,15747.0,9085.0,6248.155714285714,5513.149285714286,0.9836350657978914,1.661280971706093,0.0,-0.7818314824680271,0.6234898018587368,-0.9749279121818255,-0.2225209339563062,-0.4338837391171598,-0.900968867902611,0.8296770135526225,-0.5582437220268593,-0.9263239682514901,-0.3767278936351971,0.20455206612618176,0.9788556850953618,0.6979441547663621,-0.7161521883143752,0.30676656640150524,-0.9517847833088271,-0.5839514998576991,0.8117885474764618,0.8048257371083495,-0.5935111901961091,-0.9480902797323657,0.3180012916278873,0.9999300657962058,-0.011826390691822989,-0.9553461622632745,-0.295488934223996,0.8186378142731481,0.5743101331528834,-0.6029878670694745,-0.7977503570459907,0.32919153851999317,0.9442631682782294,-0.02365112724521239,-0.9997202729664088
2023-03-04,1.0,319.2,0.0,0,0,Lazada,0.0,1,13223.0,5280.0,5560.0,1699.81,35996.0,9808.761428571426,8533.095,1.108318417763247,-0.9758602435150874,0.0,-3.135095805817224e-14,1.0,-6.270191611634448e-14,1.0,-9.405287417451672e-14,1.0,0.6979441547663467,-0.7161521883143902,-0.9996684675143134,0.025747913654979762,0.7338853664322288,0.679273338897261,-0.051478754770328955,-0.9986740898848314,0.2903489800882674,-0.9569208273215203,-0.555681972476049,0.8313949395234057,0.7731383255706005,-0.634237439397808,-0.9239823598019432,0.382435090930255,0.9952176027737305,-0.0976827678217051,-0.9807065438204129,-0.1954857409322237,0.8816994317707761,0.47181152170659246,-0.7067265555776154,-0.7074868024503351,0.47086328873604644,0.8822061909330916,-0.1944312200476405,-0.9809161537413817
2023-03-05,7.0,2034.8700000000001,0.0,0,0,Lazada,0.0,1,15987.0,3730.0,9910.0,13299.0,2203.11,11258.111428571428,9156.395,7.65260892928591,-0.8727172077312817,0.0,0.7818314824679881,0.6234898018587859,0.9749279121818534,-0.22252093395618394,0.433883739117739,-0.900968867902332,0.5366961939916024,-0.8437755598231844,-0.9057022630804734,0.4239143907098565,0.9917226741361006,0.1283983551465578,-0.7678804460365941,-0.6405931786981822,0.27384547484055566,-0.9617737030660334,-0.526754752810555,0.8500173118187012,0.7393922635959242,-0.6732748922501828,-0.8955013179435047,0.44505886078298224,0.9831469737221521,-0.18281692498500784,-0.9956284932063293,-0.09340183893100941,0.9319916318560625,0.36247978998873,-0.7971015927871908,-0.6038452208771081,0.6012710693734653,0.7990451183346843,-0.3594718130884003,-0.933155943878052
2023-03-06,9.0,2582.16,0.0,0,0,Lazada,0.0,0,5767.0,5600.24,7171.0,1620.1,16316.0,11539.187142857143,8893.671428571428,7.660664360539663,-0.5522524709554362,0.0,0.9749279121818211,-0.22252093395632533,-0.4338837391175783,-0.9009688679024094,-0.781831482467938,0.6234898018588487,0.352752086549095,-0.9357168190404935,-0.6601521206712321,0.7511319308705195,0.882678798325521,-0.46997674302736964,-0.9917226741361016,0.12839835514655007,0.25726093431108676,-0.9663419744983588,-0.49720407844693637,0.8676336233547733,0.7036774074790106,-0.7105196029692765,-0.8627819522593728,0.5055762087514655,0.9638074231367343,-0.26659942067928044,-0.999953184360873,0.009676212407236748,0.9687860460256834,0.24789836027275852,-0.8724040568049631,-0.4887853942889892,0.7172952716008819,0.6967693257736143,-0.513901001309287,-0.8578494977869441
2023-03-07,8.0,2424.59,0.0,0,0,Lazada,0.0,0,7165.0,13223.0,1760.0,5526.13,2345.0,6725.461428571428,7448.325714285714,7.090149498920487,-0.6616064200976971,0.0,0.43388373911758005,-0.9009688679024086,-0.7818314824680602,0.6234898018586954,0.9749279121818145,-0.22252093395635403,0.15389057670405995,-0.9880878960910774,-0.30411483232751435,0.9526353808033837,0.4470937929851089,-0.8944870822287981,-0.5794210982045576,0.8150283375168157,0.24060026613222654,-0.9706242897934823,-0.46706492487743045,0.8842230238742035,0.6660888558609775,-0.7458723993404058,-0.8259791204413984,0.5637007118984805,0.9373419384643775,-0.34841080694468013,-0.9936345861898661,0.11265127219562784,0.9915497906051814,0.12972668480625307,-0.9312100364121942,-0.3644830148102925,0.8161603698771244,0.5778254499777901,-0.6531601223269289,-0.7572198192083137
2023-03-08,6.0,2100.0,0.0,0,0,Lazada,0.0,0,19554.0,15987.0,880.75,11231.0,1178.5,7930.659999999999,8515.367857142857,1.0992262679509013,-0.8926050935869899,0.0,-0.43388373911750416,-0.9009688679024451,0.7818314824679551,0.6234898018588272,-0.974927912181809,-0.22252093395637879,-0.051478754770350486,-0.9986740898848303,0.10282099713736827,0.9946998756145883,-0.15389057670412967,-0.9880878960910666,0.2045520661262163,0.9788556850953546,0.22386840046373174,-0.9746193817454125,-0.4363729641045933,0.8997658785476205,0.6267266965083278,-0.7792391467859905,-0.7852670068439973,0.6191572723971426,0.903946192922402,-0.4276462092677728,-0.9767399525103034,0.21442729576751673,0.999953184360873,0.009676212407230374,-0.9724075561219954,-0.23328854407546104,0.8955013179434919,0.4450588607830083,-0.7731383255706,-0.6342374393978085
2023-03-09,20.0,6435.0,0.0,0,0,Lazada,0.0,0,2100.0,2034.8700000000001,3730.0,2637.61,13638.0,5946.802857142857,8602.457142857142,1.5187981139533293,2.0642857142857145,0.0,-0.9749279121818024,-0.22252093395640749,0.43388373911773015,-0.9009688679023363,0.7818314824679221,0.6234898018588686,-0.2546711202412071,-0.967027724791326,0.49254806795382544,0.8702852410301772,-0.6979441547663565,-0.7161521883143807,0.8573146280762862,0.5147928015099075,0.20707028853384346,-0.9783260681421664,-0.405164522420758,0.9142437912130216,0.5856957398073512,-0.810530999019482,-0.7408382980859342,0.6716834195431182,0.8638670987837366,-0.5037197987363311,-0.949449106215014,0.31392100074303897,0.9938745231851224,-0.11051439799205219,-0.9952176027737284,-0.09768276782172704,0.9534201253498656,0.3016455943285869,-0.8702939222685641,-0.4925327287220602
2023-03-10,7.0,2275.0,0.0,0,0,Lazada,0.0,0,11977.0,7165.0,37843.0,9318.0,2400.0,11834.084285714285,11471.058571428572,1.4689244979268459,-0.8100526008182349,0.0,-0.7818314824680406,0.6234898018587199,-0.9749279121818158,-0.22252093395634823,-0.4338837391173064,-0.9009688679025404,-0.4470937929851212,-0.8944870822287919,0.7998392447397291,0.6002142805483552,-0.9837979515735106,-0.17928075881076758,0.9601498736715927,-0.2794856348516407,0.19021090117413572,-0.9817432521156044,-0.37347653741307163,0.9276396261490464,0.5431052396834356,-0.8396646346181301,-0.6929032710826042,0.721030552003885,0.8174009818249216,-0.5760691233798719,-0.9120525252759679,0.4100733972567959,0.9734018427044302,-0.22910445787810335,-0.9992088560679754,0.03977011384605416,0.9885312610933445,0.1510163760696233,-0.9417589340994585,-0.33628873017669175
2023-03-11,10.0,3342.25,0.0,0,0,Lazada,0.0,1,8692.0,19554.0,319.2,10287.0,1290.0,12030.857142857143,8606.844285714285,0.8691983993284449,-0.6154797514956282,0.0,-5.291216949080472e-14,1.0,-1.0582433898160944e-13,1.0,6.863716697081791e-14,1.0,-0.6206094818274085,-0.7841198065767218,0.9732643737003741,0.229687742131831,-0.9057022630804585,0.42391439070988846,0.44709379298517904,-0.894487082228763,0.17329522734857314,-0.9848699224660109,-0.3413465142450379,0.9399375283564128,0.4990686026885325,-0.8665624788845382,-0.6416887978251159,0.7669651144255243,0.7648913904341265,-0.6441592666722639,-0.8649482509584349,0.5018610596210314,0.938831643282971,-0.34437645908307435,-0.9843058444990342,0.17647097349151508,0.9999947982262414,-0.0032254488771058464,-0.9854237542919503,-0.17011767832050245
2023-03-12,4.0,1216.32,0.0,0,0,Lazada,0.0,1,8866.0,6435.0,2034.8700000000001,5560.0,1050.0,10681.464285714286,8314.13357142857,0.814657350529446,-0.8628107376494474,0.0,0.7818314824679746,0.6234898018588027,0.974927912181863,-0.2225209339561419,0.4338837391180021,-0.9009688679022053,-0.7678804460365898,-0.6405931786981875,0.9837979515735221,-0.17928075881070396,-0.49254806795388173,0.8702852410301454,-0.35275208654903445,-0.9357168190405164,0.156328272677186,-0.9877051539613263,-0.3088124812662564,0.9511229423235348,0.45370308603134796,-0.891152910406307,-0.5874372716163865,0.8092697028283561,0.706726555577621,-0.7074868024503296,-0.8086376511543176,0.5883070194512625,0.8906645958869801,-0.4546609479969469,-0.9507903724625868,0.3098349038317915,0.9875365065492321,-0.1573901147865979,-0.9999994220246925,0.0010751512827834658
2023-03-13,6.0,2074.96,0.0,0,0,Lazada,0.0,0,13317.0,11977.0,2582.16,9910.0,660.0,7097.93857142857,8794.951428571429,1.6127760272998184,-0.8441871292333107,0.0,0.9749279121818512,-0.2225209339561935,-0.43388373911733463,-0.9009688679025267,-0.7818314824681201,0.6234898018586204,-0.8826787983255409,-0.46997674302733244,0.8296770135526346,-0.5582437220268415,0.10282099713740336,0.9946998756145846,-0.9263239682514739,-0.37672789363523707,0.13931505795483362,-0.9902481076109367,-0.2759129450029639,0.9611826292540827,0.40712948535425253,-0.9133704517637854,-0.530405459846372,0.8477440935595828,0.6433365204044984,-0.7655835170076694,-0.7437200839287422,0.6684911643103629,0.8295982910008795,-0.5583607038182578,-0.8992961915530326,0.4373400963303173,0.9514544127333366,-0.30778970172873155,-0.9850556718215043,0.17223624302766485
2023-03-14,10.0,3191.62,0.0,0,0,Lazada,0.0,0,2074.96,2275.0,7165.0,1570.0,7647.0,5683.3614285714275,8758.722857142857,1.8053777948102285,0.5381597717546363,0.0,0.4338837391175995,-0.9009688679023992,-0.7818314824680871,0.6234898018586618,0.9749279121818796,-0.22252093395606928,-0.9601498736715984,-0.2794856348516209,0.5366961939916206,-0.8437755598231729,0.6601521206712262,0.7511319308705248,-0.9057022630804917,0.42391439070981746,0.12226061766546514,-0.9924980309139454,-0.24268684458259376,0.9701046827361179,0.3594718130884275,-0.9331559438780416,-0.4708632887360534,0.8822061909330879,0.5751899607119857,-0.8180198708443116,-0.670886518080165,0.7415600311898373,0.7565171356105679,-0.6539738706764832,-0.8307970168121208,0.5565755266413361,0.8926116709398676,-0.45082635781632985,-0.9410336347451265,0.33831301819228865
2023-03-15,5.0,1580.02,0.0,0,1,Lazada,0.0,0,7230.0,3342.25,19554.0,22811.0,9405.0,5605.449999999999,8818.153571428571,1.5594727001093671,-0.781463347164592,0.0,-0.43388373911748473,-0.9009688679024545,0.7818314824679282,0.6234898018588609,-0.9749279121818452,-0.2225209339562202,-0.9970175264485259,-0.07717546212665617,0.15389057670408124,-0.9880878960910742,0.9732643737003953,0.2296877421317413,-0.30411483232755543,0.9526353808033705,0.10516999849235054,-0.9944542580818482,-0.2091735056463591,0.9778785428342379,0.31085696824350467,-0.9504567035349147,-0.4090925658019817,0.9124928890712252,0.5027907197793138,-0.8644081744776594,-0.5909121786151582,0.8067358905889135,0.6724795445732293,-0.7401157086095268,-0.7465881145324211,0.6652865452111025,0.8124159144868995,-0.5830783668499584,-0.86923281645749,0.49440298420759915
2023-03-16,7.0,2312.5,0.0,0,0,Lazada,0.0,0,19475.0,1216.32,6435.0,5280.0,6820.0,6869.274285714285,8775.369285714285,2.9387072775630476,-0.8812580231065469,0.0,-0.9749279121817975,-0.2225209339564285,0.433883739117769,-0.9009688679023176,0.7818314824680236,0.6234898018587414,-0.9917226741361025,0.12839835514654324,-0.25467112024121374,-0.9670277247913243,0.926323968251493,-0.3767278936351899,0.49254806795383743,0.8702852410301705,0.08804825782465771,-0.9961162102355541,-0.17541259380428204,0.9844950085880853,0.26141439851116066,-0.9652266636656118,-0.34538564608760985,0.938460843869708,0.42667408318993577,-0.9044054548342949,-0.5046482954181606,0.8633250245020961,0.5787026118776056,-0.8155386483827958,-0.6482618097757252,0.7614175109532886,0.7127855825108477,-0.70138200245278,-0.7717727365467992,0.6358984534680555
2023-03-17,8.0,2672.5,0.0,0,0,Lazada,0.0,0,7840.0,2074.96,11977.0,3730.0,24413.0,6243.442857142856,6670.690714285714,1.8853841988007016,-0.6591198979591837,0.0,-0.7818314824679832,0.623489801858792,-0.9749279121818569,-0.2225209339561686,-0.4338837391174529,-0.9009688679024698,-0.9444892287836631,0.3285423819108294,-0.6206094818274139,-0.7841198065767174,0.5366961939915429,-0.8437755598232223,0.9732643737003773,0.2296877421318176,0.07090046226091078,-0.9974833955766829,-0.14144406768793946,0.9899462489023784,0.21127575558218076,-0.9774264960104052,-0.28004404847433956,0.9599871514317792,0.34740282118429017,-0.9377159910299045,-0.4130130429412835,0.9107251102063573,0.47654448379677006,-0.8791503597012686,-0.5376773767406087,0.8431506618282035,0.5961040271552124,-0.8029072105849703,-0.6515303615068228,0.7586225596663922
2023-03-18,3.0,882.5,0.0,0,0,Lazada,0.0,1,11185.0,7230.0,8692.0,5600.24,15747.0,7470.717142857141,6642.512142857143,1.951191784423632,-0.9210996870809119,0.0,3.9213456798178836e-14,1.0,7.842691359635767e-14,1.0,-2.2342014277031158e-13,1.0,-0.8573146280763342,0.5147928015098276,-0.8826787983255441,-0.46997674302732634,-0.05147875477036419,-0.9986740898848296,0.8296770135526269,-0.5582437220268529,0.05373168610970562,-0.9985554095330955,-0.10730813165636167,0.9942258118156161,0.16057454459499876,-0.9870237158387375,-0.21337702862092642,0.9769699297608418,0.2655630278040566,-0.9640935007889753,-0.31698176735053746,0.9484316312562175,0.36748468921842375,-0.930029571137412,-0.41692588132872727,0.9089404873138087,0.46516249913192287,-0.8852253099642734,-0.5120551783114659,0.8589525565270837
2023-03-19,5.0,1650.58,0.0,0,0,Lazada,0.0,1,9625.0,19475.0,8866.0,13223.0,29892.0,7713.214285714284,6533.458571428571,1.7417167008067638,-0.8285111688311688,0.0,0.7818314824680321,0.6234898018587307,0.974927912181822,-0.22252093395632153,0.4338837391174458,-0.9009688679024732,-0.7338853664322001,0.679273338897292,-0.9970175264485265,-0.07717546212664933,-0.6206094818274861,-0.7841198065766602,0.1538905767040677,-0.9880878960910763,0.03654700988812091,-0.9993319348786156,-0.07304518821104752,0.9973286321364752,0.10944576864890956,-0.9939927684469587,-0.14570011528535082,0.9893288009584252,0.18175978759137737,-0.9833429613388899,-0.21757660514826996,0.9760432474496987,0.25310271202294643,-0.96743941265933,-0.28829064070952093,0.957542952811671,0.32309337555234996,-0.9463670908660065,-0.35746441556486525,0.9339267592294748
2023-03-20,9.0,2730.0,0.0,0,0,Lazada,0.0,0,8400.0,2672.5,2074.96,2034.8700000000001,13299.0,6184.654285714285,6214.0485714285705,2.141642814248996,-0.675,0.0,0.9749279121818307,-0.2225209339562833,-0.4338837391175006,-0.9009688679024468,-0.7818314824680186,0.6234898018587476,-0.5794210982045863,0.8150283375167953,-0.9444892287836796,0.32854238191078217,-0.9601498736716102,-0.27948563485158046,-0.6206094818273356,-0.7841198065767795,0.019351518818325447,-0.9998127418269003,-0.038695790176529646,0.999251037438848,0.05802556932878541,-0.998315097203318,-0.07733361695682646,0.997005271645228,0.09661270188120648,-0.9953220513156599,-0.11585560376948854,0.9932660666081407,0.13505511584034605,-0.9908380875225532,-0.15420404756269757,0.9880390233767496,0.1732952273485587,-0.9848699224660135,-0.1923215052391015,0.9813319716704263
2023-03-21,5.0,1575.0,0.0,0,0,Lazada,0.0,0,2730.0,11185.0,3191.62,5767.0,14646.0,6192.86857142857,6260.837142857143,1.6261718492925306,-0.42307692307692313,0.0,0.4338837391175165,-0.9009688679024391,-0.7818314824679722,0.6234898018588058,0.9749279121819445,-0.22252093395578454,-0.40045390565126404,0.9163169044870058,-0.7338853664321955,0.679273338897297,-0.9444892287837053,0.3285423819107081,-0.9970175264485275,-0.07717546212663565,0.0021503013227738687,-0.9999976880994382,-0.004300592702982066,0.9999907524084426,0.006450864198113771,-0.9999791929590822,-0.008601105865714586,0.9999630098048061,0.010751307763526646,-0.9999422030204416,-0.012901459949436892,0.999916772702195,0.01505155248153371,-0.9998867189676517,-0.017201575418259462,0.9998520419557735,0.019351518818321464,-0.9998127418269004,-0.02150137274082322,0.9997688187627478
2023-03-22,14.0,3921.92,0.0,0,0,Lazada,0.0,0,5434.0,9625.0,1580.02,7165.0,16907.0,5470.225714285713,6017.078571428572,0.6528118559584392,-0.27826278984173725,0.0,-0.4338837391175677,-0.9009688679024145,0.7818314824680431,0.6234898018587168,-0.9749279121817801,-0.22252093395650493,-0.20455206612619614,0.9788556850953588,-0.4004539056512577,0.9163169044870085,-0.5794210982046215,0.8150283375167703,-0.7338853664321862,0.6792733388973071,-0.015051552481532364,-0.9998867189676517,0.030099694852257622,0.9995469015357914,-0.04514101777397397,-0.9989806246941578,0.06017211345349383,0.998188016739602,-0.07518957641475252,-0.9971692572470182,0.09019000427034918,0.9959245770286596,-0.1051699984923492,-0.9944542580818483,0.12012616518234666,0.9927586335250798,-0.13505511584033633,-0.9908380875225545,0.14995346813243338,0.9886930551971402
2023-03-23,13.0,3660.0,0.0,0,0,Lazada,0.0,0,9850.0,8400.0,7840.0,2100.0,11231.0,6351.559999999999,6228.107142857143,0.34717378033710455,-0.6284263959390863,0.0,-0.9749279121818181,-0.22252093395633868,0.43388373911760303,-0.9009688679023975,0.7818314824678414,0.6234898018589697,-2.1558735510086122e-14,1.0,-4.3117471020172244e-14,1.0,-1.2151962539106638e-13,1.0,-8.623494204034449e-14,1.0,-0.03224895228930312,-0.9994798672690922,0.06446435710735994,0.9979200101524845,-0.09661270188119453,-0.9953220513156611,0.12866054379810002,0.9916886933254695,-0.1605745445949869,-0.9870237158387394,0.19232150523907793,0.9813319716704308,-0.22386840046373216,-0.9746193817454125,0.2551824131233643,0.9668929289391544,-0.2862309683321889,-0.9581606508136397,0.3169817673505147,0.9484316312562251
2023-03-24,7.0,2332.5,0.0,0,0,Lazada,0.0,0,3660.0,2730.0,2672.5,6435.0,2637.61,5674.417142857142,5929.535714285715,0.39178736347527787,-0.3627049180327869,0.0,-0.7818314824680676,0.6234898018586863,-0.9749279121817966,-0.22252093395643233,-0.43388373911759953,-0.9009688679023992,0.20455206612618176,0.9788556850953618,0.4004539056512308,0.9163169044870203,0.579421098204516,0.8150283375168452,0.7338853664321462,0.6792733388973502,-0.049436809113255716,-0.998777253397723,0.09875272084577014,0.995112003809399,-0.14782713347053206,-0.9890132145779881,0.19654003584492907,0.9804958002511148,-0.24477230089725155,-0.9695805901076328,0.2924059769510804,0.956294277219771,-0.33932457617529066,-0.940669353175418,0.38541335945431304,0.922744028620148,-0.4305596169818718,-0.9025621398133338,0.4746529438919204,0.8801730414269306
2023-03-25,5.0,1662.5,0.0,0,0,Lazada,0.0,1,7768.0,5434.0,882.5,11977.0,2060.0,6502.345714285713,5661.178571428572,0.3228258644700403,-0.785980947476828,0.0,1.765224536554636e-14,1.0,3.530449073109272e-14,1.0,-6.073010162497696e-14,1.0,0.4004539056512766,0.9163169044870003,0.7338853664322141,0.6792733388972769,0.9444892287836254,0.32854238191093765,0.9970175264485233,-0.07717546212669038,-0.06661003679003169,-0.9977790852682925,0.13292420315609027,0.9911262059976612,-0.19864794288016918,-0.9800709131432669,0.2634893223187162,0.9646623124306368,-0.32716032712208604,-0.9449688462364089,0.3893781415451979,0.921077989578954,-0.4498664046667842,-0.8930958615692837,0.5083564379375084,0.8611467540480473,-0.5645884386042856,-0.8253725795023571,0.6183126337097674,0.7859322407147393
2023-03-26,7.0,2272.5,0.0,0,0,Lazada,0.0,1,5777.0,12550.0,1650.58,8692.0,1280.0,6228.5714285714275,5442.035714285715,0.31519114818123634,-0.6066297386186602,0.0,0.7818314824680187,0.6234898018587476,0.9749279121818316,-0.22252093395627948,0.43388373911770894,-0.9009688679023465,0.5794210982045512,0.8150283375168202,0.9444892287836512,0.3285423819108636,0.9601498736716146,-0.2794856348515654,0.6206094818274708,-0.7841198065766725,-0.08376355348526729,-0.9964856582548094,0.16693835946505703,0.9859673342150416,-0.24893980855376854,-0.9685189578512199,0.3291915385199892,0.9442631682782309,-0.4071294853542416,-0.9133704517637903,0.4822058478963562,0.8760579434344261,-0.5538929381563714,-0.8325879011014405,0.6216868902665406,0.7832658619336849,-0.685111201994917,-0.7284384949335668,0.7437200839287261,0.6684911643103808
2023-03-27,3.0,970.0,0.0,0,0,Lazada,0.0,0,7521.0,3660.0,8400.0,8866.0,2820.0,4427.642857142856,5389.601428571428,0.6412067205252374,-0.8710277888578646,0.0,0.9749279121818355,-0.22252093395626227,-0.43388373911746175,-0.9009688679024656,-0.7818314824682007,0.6234898018585192,0.7338853664321902,0.6792733388973028,0.9970175264485287,-0.07717546212662002,0.6206094818274984,-0.7841198065766506,-0.1538905767040096,-0.9880878960910853,-0.10089228319740061,-0.994897355103136,0.20075493140682088,0.979641494382431,-0.29856881736371793,-0.9543881083175916,0.3933357220160409,0.9193949150316852,-0.48408852163896515,-0.8750190302030014,0.5699010576127584,0.8217133225960617,-0.6498975881398494,-0.7600217924046695,0.7232617254437289,0.6905740195722396,-0.7892447672427527,-0.6140787387460448,0.8471733374738639,0.5313166064348023
2023-03-28,4.0,1328.77,0.0,0,0,Lazada,0.0,0,19494.0,7768.0,1575.0,13317.0,2020.0,6494.999999999999,6056.315714285714,2.955127134457527,-0.9318369754796347,0.0,0.4338837391175359,-0.9009688679024298,-0.781831482467999,0.6234898018587721,0.9749279121818072,-0.2225209339563865,0.8573146280763412,0.5147928015098159,0.8826787983255311,-0.4699767430273506,0.05147875477037984,-0.9986740898848288,-0.8296770135526575,-0.5582437220268073,-0.11799115725973859,-0.9930146458177279,0.2343338944718063,0.9721561736170152,-0.3474028211842789,-0.9377159910299088,0.45561828439696933,0.8901752518033527,-0.5574684374327779,-0.8301981337405289,0.6515303615068045,0.7586225596664079,-0.7364899449095519,-0.6764484910524416,0.8111602420785675,0.5848239578463248,-0.8744980560685667,-0.48502901968057344,0.925618512751882,0.378457882532514
2023-03-29,6.0,1959.48,0.0,0,0,Lazada,0.0,0,18843.0,5777.0,3921.92,3191.62,1570.0,8029.467142857141,6996.513571428572,4.468822459071143,-0.896010189460277,0.0,-0.4338837391175483,-0.9009688679024238,0.7818314824680163,0.6234898018587506,-0.9749279121818163,-0.2225209339563463,0.9444892287836583,0.3285423819108433,0.6206094818274369,-0.7841198065766992,-0.5366961939915297,-0.8437755598232307,-0.9732643737003908,0.2296877421317604,-0.1350551158403447,-0.9908380875225533,0.26763550537876807,0.9635202313707022,-0.39531178876491324,-0.9185469991587173,0.5157444481311309,0.8567424725213028,-0.6267266965083296,-0.779239146785989,0.7262249146041516,0.6874571793269691,-0.8124159144868855,-0.5830783668499779,0.8837203473619997,0.46801532844383054,-0.9388316432829675,-0.3443764590830835,0.9767399525103044,0.21442729576751243
2023-03-30,3.0,849.8299999999999,0.0,0,0,Lazada,0.0,0,12038.0,7521.0,9850.0,1580.02,22811.0,8879.17857142857,6819.767857142857,4.827554034702177,-0.9294043861106496,0.0,-0.9749279121818133,-0.22252093395635972,0.4338837391176419,-0.9009688679023788,0.7818314824682264,0.623489801858487,0.9917226741361006,0.1283983551465578,0.25467112024124217,-0.9670277247913168,-0.9263239682514871,-0.37672789363520437,-0.49254806795388856,0.8702852410301416,-0.15207910943934577,-0.9883683242962289,0.300620349114058,0.953743888944271,-0.44216815196707343,-0.8969321743510058,0.5734296417196522,0.8192548113970838,-0.691351236209406,-0.7225188358733121,0.7931896839451863,0.608974650772046,-0.8765758813305042,-0.4812636743715961,0.939569985953062,0.34235689199454267,-0.9807065438204098,-0.19548574093223955,0.9990285807311905,0.04406693638345235
2023-03-31,3.0,966.1,0.0,0,1,Lazada,0.0,0,12029.0,19494.0,2332.5,2312.5,5280.0,9506.011428571426,6774.684285714286,3.97170124012441,-0.9196857594147477,0.0,-0.781831482468081,0.6234898018586694,-0.9749279121817871,-0.22252093395647435,-0.4338837391173364,-0.900968867902526,0.997017526448527,-0.07717546212664152,-0.1538905767040522,-0.9880878960910786,-0.9732643737003989,0.22968774213172607,0.3041148323274994,0.9526353808033885,-0.16905810038314617,-0.9856060869814279,0.3332493855822923,0.9428387173896842,-0.48784714544231017,-0.872929070820642,0.6284008465466175,0.7778896940180494,-0.7508642533989467,-0.6604565640279778,0.8517119107469169,0.524010325367579,-0.9280406337745412,-0.3724789686188309,0.977653084481663,0.21022475211898903,-0.9991210282680487,-0.04191862202645816,0.9918264497026024,-0.12759425406471517
2023-04-01,2.0,700.0,0.0,0,0,Lazada,0.0,1,10652.0,1959.48,5777.0,11185.0,2104.34,6735.201428571427,7382.334285714285,3.3859203651968834,-0.9342846413819001,0.0,-3.908966067086117e-15,1.0,-7.817932134172233e-15,1.0,-3.5278741136610646e-13,1.0,0.9601498736716025,-0.2794856348516068,-0.5366961939915958,-0.8437755598231886,-0.6601521206713233,0.7511319308704394,0.9057022630804668,0.4239143907098707,-0.18598706431516163,-0.9825521929686117,0.36548399581331253,0.9308176238148559,-0.5322271388474347,-0.8466016020976298,0.6803978890506126,0.732842897608669,-0.8048257371083424,-0.5935111901961188,0.9011686968561518,0.433468545348547,-0.9660648215530232,-0.25829974943411294,0.9972495210773454,0.07411742515094039,-0.9936345861898663,0.11265127219562589,0.9553461622632816,-0.2954889342239731
2023-04-02,8.0,2650.0,0.0,0,0,Lazada,0.0,1,5900.0,849.8299999999999,7521.0,9625.0,37843.0,5678.41857142857,7278.7985714285705,3.766443468489743,-0.5508474576271186,0.0,0.7818314824680052,0.6234898018587643,0.9749279121818412,-0.22252093395623745,0.4338837391175624,-0.900968867902417,0.8826787983255477,-0.46997674302731945,-0.8296770135526181,-0.5582437220268659,-0.10282099713741895,0.994699875614583,0.926323968251496,-0.3767278936351826,-0.20286099168260036,-0.9792075459541516,0.3972860276706893,0.9176948361071039,-0.5751899607119759,-0.8180198708443186,0.7291746721017911,0.6843276244352886,-0.852836721769456,-0.5221776766595135,0.9410336347451184,0.33831301819231124,-0.990097750508707,-0.14037964395737101,0.9979887423155984,-0.06339140486950925,-0.9643784639967488,0.2645263279510596,0.890664595886981,-0.4546609479969451
2023-04-03,0.0,0.0,0.0,0,0,Lazada,0.0,0,6566.0,966.1,19494.0,8877.0,319.2,5155.1571428571415,7330.584285714285,2.0868471804131716,-1.0,0.0,0.9749279121818403,-0.22252093395624126,-0.4338837391174229,-0.9009688679024842,-0.7818314824680993,0.6234898018586464,0.7678804460366173,-0.6405931786981545,-0.9837979515735067,-0.1792807588107888,0.49254806795376915,0.8702852410302091,0.3527520865491959,-0.9357168190404556,-0.21967488921888068,-0.9755731356729092,0.42861784100772476,0.903485886093345,-0.6166212130956336,-0.7872599821916959,0.7745003397565613,0.6325734927397536,-0.8945422369764463,-0.44698342951968073,0.9708824104813807,0.23955655912093865,-0.9997913581495415,-0.020426457585573186,0.9798567700958677,-0.19970155256605793,-0.9120525252759628,0.41007339725680714,0.7996911138678778,-0.6004116274696492
2023-04-04,13.0,4496.2,0.0,1,0,Lazada,0.0,0,29559.0,10652.0,18843.0,2730.0,2034.8700000000001,8003.857142857142,7954.600714285714,0.9288807532099622,-0.8478906593592477,0.0,0.43388373911765776,-0.9009688679023712,-0.7818314824681677,0.6234898018585606,0.9749279121818721,-0.22252093395610179,0.6206094818274424,-0.784119806576695,-0.973264373700394,0.22968774213174706,0.9057022630804519,0.42391439070990267,-0.4470937929850248,-0.8944870822288401,-0.23642378142121204,-0.9716500376053587,0.45944235221744356,0.8882075911569899,-0.6564105761979362,-0.7544038410927488,0.8161603698771137,0.577825449977805,-0.9296339319682664,-0.368484399307787,0.9903973200352552,0.13825031091098666,-0.9950052545447353,0.09982255971656191,0.9431964659565901,-0.3322354987158941,-0.8379085086871855,0.5458107099257186,0.6851112019949256,-0.7284384949335587
2023-04-05,6.0,2056.58,0.0,0,0,Lazada,0.0,0,4496.2,700.0,1959.48,1575.0,5767.0,7124.457142857142,6929.829285714286,0.9941621984519183,-0.5425959699301632,0.0,-0.43388373911752887,-0.9009688679024332,0.7818314824679893,0.6234898018587843,-0.9749279121817513,-0.22252093395663106,0.44709379298510893,-0.894487082228798,-0.7998392447397127,0.6002142805483771,0.9837979515735338,-0.17928075881064032,-0.960149873671608,-0.27948563485158795,-0.25310271202292967,-0.9674394126593344,0.4897230781238955,0.8718780343332758,-0.6944521021088721,-0.7195389342325881,0.8539575894446065,0.5203426135057139,-0.957852355427664,-0.28726097055060595,0.9993706508539965,0.035472555753137465,-0.9758087555546681,0.2186258735439382,0.888701047829292,-0.45848712914008644,-0.743720083928753,0.6684911643103509,0.5503071945286695,-0.8349622695966478
2023-04-06,5.0,1670.0,0.0,0,0,Lazada,0.0,0,13336.0,2650.0,849.8299999999999,3921.92,7165.0,8380.539999999999,7029.479285714285,0.6161710330063531,-0.8747750449910018,0.0,-0.9749279121818085,-0.22252093395638073,0.4338837391176807,-0.9009688679023601,0.7818314824680443,0.6234898018587154,0.2546711202412488,-0.967027724791315,-0.4925480679539005,0.8702852410301348,0.6979441547663677,-0.7161521883143698,-0.857314628076375,0.5147928015097596,-0.26970674546012696,-0.9629425068265012,0.5194241791627834,0.8545165429066126,-0.7306444969184898,-0.6827580970759168,0.8877131077605732,0.46039704420213734,-0.9789888737409297,-0.2039136706831254,0.9977068927101173,-0.06768276175454595,-0.9424798789477853,0.3342628872288518,0.8174009818249227,-0.5760691233798704,-0.6317404220940758,0.7751800043166741,0.39925842960490354,-0.9168384298170678
2023-04-07,7.0,2350.0,0.0,0,0,Lazada,0.0,0,10659.0,0.0,966.1,9850.0,19554.0,8825.254285714285,6990.205714285715,1.3037326738375763,-0.7795290364949807,0.0,-0.7818314824680944,0.6234898018586525,-0.9749279121817775,-0.2225209339565164,-0.43388373911748296,-0.9009688679024553,0.05147875477036516,-0.9986740898848295,-0.10282099713739751,0.9946998756145852,0.15389057670414516,-0.9880878960910642,-0.20455206612627386,0.9788556850953426,-0.28623096833217826,-0.9581606508136428,0.5485105018003582,0.8361436655352471,-0.7648913904341187,-0.6441592666722731,0.9172671631198586,0.3982724588294384,-0.9928872135356948,-0.11905873003406249,0.9854237542919544,-0.17011767832047878,-0.8955013179435025,0.44505886078298684,0.7306444969184993,-0.6827580970759066,-0.5046482954181623,0.8633250245020951,0.23642378142123768,-0.9716500376053524
2023-04-08,3.0,1050.0,0.0,0,0,Lazada,0.0,1,15280.0,2056.58,700.0,7768.0,33183.0,7549.654285714285,7337.055714285714,1.644258239253261,-0.931282722513089,0.0,-2.5470177499718592e-14,1.0,-5.0940354999437183e-14,1.0,2.646499806656923e-13,1.0,-0.15389057670407352,-0.9880878960910753,0.3041148323275405,0.9526353808033753,-0.4470937929850949,-0.8944870822288051,0.5794210982046023,0.8150283375167838,-0.30267049085569003,-0.9530952596488851,0.5769476201403188,0.8167811479303513,-0.7971015927871968,-0.6038452208771001,0.9424798789477877,0.33426288722884484,-0.9994446170919854,-0.03332352571164494,0.9626519747161464,-0.2707418984477724,-0.8355534504952127,0.5494091657094411,0.6300720909843593,-0.7765366444428731,-0.3654839958133057,0.9308176238148586,0.0666100367900598,-0.9977790852682907
2023-04-09,12.0,4145.0,0.0,0,0,Lazada,0.0,1,1050.0,13336.0,5900.0,1662.5,11977.0,7405.857142857142,7362.055714285714,1.2818392427328507,2.947619047619048,0.0,0.7818314824679917,0.6234898018587812,0.9749279121818508,-0.2225209339561954,0.4338837391178255,-0.9009688679022904,-0.35275208654908125,-0.9357168190404987,0.66015212067121,0.751131930870539,-0.8826787983255137,-0.46997674302738346,0.991722674136094,0.12839835514660836,-0.3190204483114526,-0.9477478322629705,0.6047018766694805,0.7964519071183196,-0.827189337246246,-0.5619233046832248,0.9632319258228692,0.2686712807048169,-0.9986126020839734,0.05265805692461284,0.9296339319682742,-0.36848439930776744,-0.7635044855580911,0.6458025244087193,0.5175855102531949,-0.855631485848867,-0.21757660514828572,0.9760432474496952,-0.10516999849234725,-0.9944542580818485
2023-04-10,3.0,1050.0,0.0,0,0,Lazada,0.0,0,11460.0,2350.0,0.0,7521.0,3342.25,6952.5714285714275,7888.912857142857,0.8088130909513903,-0.9083769633507853,0.0,0.974927912181845,-0.22252093395622022,-0.43388373911738404,-0.900968867902503,-0.7818314824679978,0.6234898018587737,-0.5366961939915901,-0.8437755598231923,0.905702263080461,0.4239143907098831,-0.9917226741361026,0.1283983551465423,0.7678804460366317,-0.6405931786981371,-0.3352760024840176,-0.9421199510456919,0.631740422094076,0.775180004316674,-0.8550745085896955,-0.5185051443911534,0.9794250862518066,0.2018080781847974,-0.990397320035256,0.13825031091097986,0.8867210630829891,-0.4623048304798184,-0.6803978890506177,0.7328428976086644,0.395311788764913,-0.9185469991587174,-0.06446435710737741,0.9979200101524833,-0.2738454748405508,-0.9617737030660348
2023-04-11,1.0,350.0,0.0,0,0,Lazada,0.0,0,7490.0,15280.0,4496.2,19494.0,1216.32,6765.999999999999,6387.555714285714,1.0876494595692336,-0.9532710280373832,0.0,0.4338837391176772,-0.9009688679023617,-0.7818314824681946,0.6234898018585269,0.9749279121818359,-0.22252093395626038,-0.6979441547663362,-0.7161521883144005,0.9996684675143126,0.02574791365500914,-0.7338853664322394,0.6792733388972496,0.051478754770387665,-0.9986740898848284,-0.3514323430933722,-0.9362132813776476,0.6580312542193625,0.7529906164558047,-0.8806828564301479,-0.47370635037967934,0.9909827195236481,0.13398973694098557,-0.9748595108374132,0.22282040779479673,0.834370123522953,-0.5512045872199289,-0.587437271616388,0.809269702828355,0.2655630278040722,-0.9640935007889709,0.09019000427034723,0.9959245770286597,-0.43443718749485694,-0.900702131740321
2023-04-12,4.0,1400.0,0.0,0,0,Lazada,0.0,0,8023.0,4145.0,13336.0,18843.0,2074.96,5629.285714285713,6517.571428571428,3.8135093360104966,-0.8255016826623458,0.0,-0.43388373911761186,-0.9009688679023933,0.7818314824681042,0.6234898018586402,-0.9749279121817875,-0.22252093395647243,-0.8296770135526143,-0.5582437220268716,0.9263239682515012,-0.3767278936351699,-0.20455206612630839,0.9788556850953354,-0.69794415476632,-0.7161521883144163,-0.367484689218406,-0.930029571137419,0.6835432558267236,0.7299100063801032,-0.9039461929223968,-0.42764620926778363,0.9978501244431207,0.06553723482760446,-0.9521140536681116,0.3057430764672786,0.7731383255706152,-0.63423743939779,-0.4859689570525547,0.8739760710575847,0.13079267585676627,-0.9914097417023029,0.2426868445825871,0.9701046827361196,-0.5822045598324401,-0.8130423423846476
2023-04-13,2.0,700.0,0.0,0,0,Lazada,0.0,0,14821.0,11460.0,10659.0,12038.0,7230.0,6370.5714285714275,6604.357142857143,4.857528522132296,-0.9527697186424667,0.0,-0.974927912181829,-0.2225209339562909,0.4338837391175147,-0.90096886790244,0.7818314824678623,0.6234898018589436,-0.9263239682514927,-0.37672789363519077,0.6979441547663523,-0.7161521883143848,0.40045390565122363,0.9163169044870235,-0.9996684675143137,0.02574791365496409,-0.3834282907116399,-0.9235706501843539,0.7082462315032494,0.7059654917639003,-0.9248025743285091,-0.3804473662878512,0.9999947982262414,-0.0032254488771087855,-0.9223291176290567,0.38640522612098016,0.7036774074790121,-0.7105196029692752,-0.3774624838618161,0.9260248772451355,-0.006450864198106913,-0.9999791929590823,0.38937814154520917,0.9210779895789493,-0.7127855825108395,-0.7013820024527884
2023-04-14,6.0,1918.52,0.0,0,0,Lazada,0.0,0,18639.0,7490.0,7496.0,12029.0,19475.0,7346.142857142856,7056.5,7.643973793829744,-0.8970695852781801,0.0,-0.7818314824680369,0.6234898018587246,-0.9749279121818185,-0.22252093395633676,-0.43388373911721984,-0.900968867902582,-0.9837979515735157,-0.17928075881073963,0.35275208654910234,-0.9357168190404908,0.8573146280762822,0.5147928015099141,-0.6601521206712438,0.7511319308705092,-0.39925842960488095,-0.9168384298170776,0.7321109433803425,0.6811854127788886,-0.9431964659565856,-0.33223549871590724,0.9974065903329604,-0.07197286683451025,-0.8857249183835672,0.46421047915188574,0.6267266965083349,-0.7792391467859847,-0.26348932231872285,0.964662312430635,-0.14357242341179416,-0.9896398128792437,0.5267547528105522,0.8500173118187029,-0.8223255775192012,-0.5690172620911533
2023-04-15,5.0,1477.82,0.0,0,1,Lazada,0.0,1,40143.0,8023.0,1050.0,8652.0,7840.0,12234.931428571426,8434.037142857142,7.356997957686331,-0.9631861096579728,0.0,-4.703138893235107e-14,1.0,-9.406277786470214e-14,1.0,-2.7407329075437176e-14,1.0,-0.9996684675143139,0.025747913654958203,-0.051478754770285885,-0.9986740898848336,0.9970175264485293,-0.07717546212661221,0.10282099713723959,0.9946998756146015,-0.41497042150535474,-0.9098349022079051,0.7551091457389951,0.6555990985513365,-0.9590788900341132,-0.2831389812281833,0.99009775050871,-0.14037964395735014,-0.8425720899866076,0.5385835804920162,0.5431052396834313,-0.8396646346181329,-0.14570011528535276,0.989328800958425,-0.277979139398772,-0.9605871111248152,0.6515303615067922,0.7586225596664185,-0.9075909860952567,-0.41985545364879995
2023-04-16,5.0,1710.0,0.0,0,0,Lazada,0.0,1,1477.82,1400.0,4145.0,10652.0,2672.5,11299.905714285715,8464.595714285713,7.497371026189945,0.1571097968629469,0.0,0.7818314824680492,0.6234898018587092,0.9749279121818097,-0.22252093395637504,0.4338837391176789,-0.900968867902361,-0.9732643737003824,0.22968774213179569,-0.44709379298511415,-0.8944870822287955,0.7678804460366544,-0.64059317869811,0.7998392447397198,0.6002142805483678,-0.430559616981873,-0.9025621398133332,0.7772136184407369,0.6292368324488457,-0.9724075561219961,-0.23328854407545818,0.97810287080751,-0.20812201737948666,-0.7931896839451904,0.6089746507720406,0.45370308603134973,-0.8911529104063061,-0.025800772391529565,0.9996671046623473,-0.40712948535425275,-0.9133704517637853,0.7607200913564135,0.6490800741100361,-0.9660648215530153,-0.25829974943414225
2023-04-17,5.0,1750.0,0.0,0,0,Lazada,0.0,0,15185.0,700.0,11460.0,5900.0,882.5,11396.191428571428,8883.381428571429,7.263328656782491,-0.8847546921303918,0.0,0.9749279121818246,-0.22252093395631004,-0.43388373911755007,-0.900968867902423,-0.7818314824678964,0.6234898018589008,-0.9057022630804705,0.4239143907098627,-0.7678804460366029,-0.6405931786981717,0.25467112024124977,-0.9670277247913148,0.9837979515735148,-0.17928075881074446,-0.44602140294068493,-0.8950222947607636,0.7983981991447741,0.6021298162376464,-0.9831469737221499,-0.18281692498501964,0.9614787218710211,-0.2748793687952365,-0.7379428103031459,0.6748632518680322,0.3594718130884227,-0.9331559438780435,0.09447223619869745,0.9955274966507041,-0.5285813283559141,-0.8488826652214647,0.8517119107469158,0.5240103253675806,-0.9960209693076311,-0.0891191825562097
2023-04-18,0.0,0.0,0.0,0,0,Lazada,0.0,0,17510.0,40143.0,350.0,0.0,8877.0,12625.688571428569,9587.952857142856,1.5571397428075342,-1.0,0.0,0.4338837391175942,-0.9009688679024017,-0.7818314824680798,0.623489801858671,0.9749279121819009,-0.22252093395597564,-0.7998392447397339,0.6002142805483489,-0.9601498736715883,-0.27948563485165573,-0.3527520865490271,-0.9357168190405192,0.5366961939916818,-0.8437755598231339,-0.46135120399057555,-0.8872175982116486,0.8186378142731416,0.5743101331528927,-0.9912685467787251,-0.13185851571739443,0.9403039842384019,-0.34033574191581345,-0.6772399381909577,0.7357622347736446,0.26141439851116255,-0.9652266636656113,0.21337702862091276,0.9769699297608448,-0.6400381082043437,-0.7683431655492257,0.9223291176290478,0.3864052261210014,-0.996575140802688,0.08269213223821545
2023-04-19,7.0,2272.49,0.0,0,0,Lazada,0.0,0,16310.0,1710.0,1400.0,4496.2,2730.0,9009.857142857141,10154.881428571429,1.8075642662785922,-0.860668914776211,0.0,-0.4338837391175924,-0.9009688679024026,0.7818314824680773,0.623489801858674,-0.9749279121818237,-0.22252093395631384,-0.660152120671227,0.7511319308705241,-0.9917226741360998,0.12839835514656367,-0.8296770135526138,-0.5582437220268723,-0.25467112024125355,-0.9670277247913138,-0.4765444837967782,-0.8791503597012642,0.8379085086871817,0.5458107099257243,-0.9967506498213929,-0.08054900421874163,0.9146788759587111,-0.4041813378607536,-0.6115298757991161,0.7912213413483724,0.16057454459499368,-0.9870237158387383,0.3291915385199807,0.9442631682782338,-0.7393922635959244,-0.6732748922501827,0.9708824104813837,0.23955655912092677,-0.9677109772087604,0.2520624220102353
2023-04-20,3.0,1050.0,0.0,0,0,Lazada,0.0,0,16783.0,1750.0,700.0,13336.0,5434.0,9318.49857142857,10357.345,1.5496462772049933,-0.9374366918906036,0.0,-0.9749279121818242,-0.22252093395631192,0.43388373911755357,-0.9009688679024214,0.7818314824679636,0.6234898018588165,-0.492548067953857,0.8702852410301594,-0.8573146280763235,0.5147928015098453,-0.9996684675143146,0.025747913654928817,-0.8826787983255634,-0.46997674302729003,-0.49159674642336193,-0.8708229664552749,0.8561874740403072,0.5166652778119296,-0.9995786855478958,-0.02902501332197875,0.8847246782682592,-0.4661139814070432,-0.5412984521036183,0.8408305333122882,0.058025569328787364,-0.9983150972033179,0.4402384552773289,0.8978808954950713,-0.8247650844733672,-0.5654755126737492,0.9962102997023288,0.08697723131369638,-0.9102805323268027,0.41399197150045386
2023-04-21,2.0,665.03,0.0,0,0,Lazada,0.0,0,12067.0,17510.0,1918.52,10659.0,12550.0,9427.49857142857,9912.916428571427,2.189112971851076,-0.9448885389906356,0.0,-0.7818314824680505,0.6234898018587077,-0.9749279121818089,-0.2225209339563788,-0.4338837391177761,-0.9009688679023141,-0.3041148323275349,0.9526353808033772,-0.5794210982045928,0.8150283375167907,-0.7998392447397173,0.6002142805483709,-0.9444892287836847,0.32854238191076734,-0.5065035376636446,-0.8622378826833189,0.8734530757734233,0.4869083326684257,-0.9997451236925734,0.022576263041545523,0.8505831615778914,-0.5258405511561074,-0.4670649248774322,0.8842230238742026,-0.04514101777397201,-0.9989806246941579,0.5449095160526314,0.8384948534816937,-0.8945422369764454,-0.4469834295196825,0.9977068927101184,-0.06768276175452981,-0.8259791204414006,0.5637007118984773
2023-04-22,6.0,2050.0,0.0,0,0,Lazada,0.0,1,13288.0,16310.0,1477.82,7496.0,3660.0,8919.359999999999,7905.167142857143,4.610000835832707,-0.8457254665863938,0.0,-6.859260036498355e-14,1.0,-1.371852007299671e-13,1.0,-3.194646388165667e-13,1.0,-0.10282099713737607,0.9946998756145874,-0.20455206612623164,0.9788556850953514,-0.30411483232756287,0.9526353808033682,-0.4004539056513242,0.9163169044869796,-0.5212604463582775,-0.8533976488498016,0.8896848787211044,0.4565750941247385,-0.9972495210773453,0.07411742515094064,0.8124159144868895,-0.5830783668499724,-0.3893781415452042,0.9210779895789514,-0.1478271334705231,-0.9890132145779894,0.6416887978251161,0.7669651144255241,-0.9474042892438848,-0.3200392362231382,0.9753363880767846,-0.2207236509604982,-0.7172952716008901,0.6967693257736058
2023-04-23,3.0,950.0,0.0,0,0,Lazada,0.0,1,2050.0,2272.49,1710.0,15280.0,2332.5,6882.217142857141,7946.0371428571425,4.656298485678787,-0.5365853658536586,0.0,0.7818314824680358,0.623489801858726,0.9749279121818194,-0.222520933956333,0.43388373911753236,-0.9009688679024316,0.1028209971373751,0.9946998756145875,0.20455206612622973,0.9788556850953518,0.304114832327533,0.9526353808033777,0.4004539056513206,0.9163169044869811,-0.5358631057005587,-0.8443048809221416,0.9048636712981586,0.42570146389790353,-0.992098522791769,0.1254612333527365,0.770403578999315,-0.6375565272703639,-0.30881248126625827,0.9511229423235341,-0.24893980855376663,-0.9685189578512204,0.7291746721017947,0.6843276244352848,-0.9823516608469254,-0.18704334906990744,0.9296339319682749,-0.3684843993077656,-0.5874372716163897,0.8092697028283538
2023-04-24,2.0,650.0,0.0,0,0,Lazada,0.0,0,12130.0,1050.0,1750.0,4145.0,1662.5,6028.575714285713,7673.5371428571425,5.424034609990279,-0.9464138499587799,0.0,0.9749279121818294,-0.22252093395628902,-0.4338837391175112,-0.9009688679024417,-0.7818314824680785,0.6234898018586725,0.30411483232750686,0.9526353808033861,0.5794210982045448,0.8150283375168248,0.7998392447396986,0.600214280548396,0.944489228783646,0.3285423819108784,-0.5503071945286518,-0.8349622695966593,0.918971488238027,0.39432398330000895,-0.9843058444990337,0.17647097349151797,0.7247449955623123,-0.6890171923888285,-0.2259636082480245,0.9741357440046707,-0.3474028211842704,-0.9377159910299119,0.8061001043286261,0.5917792002101612,-0.9987235240803968,-0.05051061718523221,0.8616928164028651,-0.5074302810827299,-0.4402384552773386,0.8978808954950667
2023-04-25,5.0,1580.0,0.0,0,0,Lazada,0.0,0,12470.0,665.03,17510.0,11460.0,2272.5,6029.004285714284,7728.251428571428,6.533152761567512,-0.8732959101844426,0.0,0.43388373911761363,-0.9009688679023924,-0.7818314824681066,0.6234898018586372,0.9749279121818647,-0.22252093395613426,0.4925480679538562,0.8702852410301599,0.8573146280763225,0.514792801509847,0.9996684675143109,0.0257479136550738,0.8826787983255652,-0.4699767430272866,-0.5645884386042955,-0.8253725795023503,0.9319916318560635,0.36247978998872726,-0.9738922359149941,0.22701082094141137,0.6756562619728742,-0.7372168036994564,-0.14144406768794845,0.989946248902377,-0.44216815196705894,-0.8969321743510129,0.8713510040136363,0.4906601958631125,-0.9962102997023298,0.08697723131368564,0.7731383255706075,-0.6342374393977994,-0.28004404847435693,0.9599871514317742
2023-04-26,8.0,2760.0,0.0,0,0,Lazada,0.0,0,8721.0,2050.0,16310.0,7490.0,970.0,5507.285714285713,7213.322857142856,4.490405576084986,-0.6835225318197454,0.0,-0.4338837391174706,-0.9009688679024612,0.7818314824679087,0.6234898018588855,-0.9749279121818599,-0.22252093395615521,0.6601521206712049,0.7511319308705435,0.9917226741360923,0.12839835514662198,0.8296770135526312,-0.5582437220268464,0.2546711202413673,-0.9670277247912838,-0.5787026118775987,-0.8155386483828007,0.9439086918125067,0.33020657401209075,-0.9608854255574987,0.2769462022689327,0.6233697106072844,-0.7819272369583953,-0.05587875690538139,0.9984375616565662,-0.532227138847433,-0.8466016020976308,0.9239823598019405,0.38243509093026135,-0.9748595108374167,0.22282040779478096,0.6660888558609699,-0.7458723993404127,-0.111582899586018,0.9937551290534186
2023-04-27,6.0,1856.07,0.0,0,0,Lazada,0.0,0,22378.0,12130.0,16783.0,8023.0,1328.77,8669.857142857141,7681.573571428571,3.7702737269704376,-0.9170582715166682,0.0,-0.9749279121818194,-0.22252093395633296,0.4338837391175924,-0.9009688679024026,0.7818314824677816,0.6234898018590448,0.7998392447397162,0.6002142805483724,0.9601498736716048,-0.2794856348515993,0.35275208654916285,-0.935716819040468,-0.5366961939915826,-0.8437755598231971,-0.5926455377376204,-0.8054633862564373,0.954708563351822,0.2975425331993734,-0.9453200469131344,0.3261441535642625,0.5681328088136711,-0.8229368818745996,0.030099694852248563,0.9995469015357916,-0.6166212130956263,-0.7872599821917015,0.9632319258228688,0.26867128070481877,-0.935074884351561,0.35445022309897734,0.5431052396834568,-0.8396646346181165,0.060172113453475735,0.998188016739603
2023-04-28,8.0,2710.0,0.0,0,1,Lazada,0.0,0,12543.0,12470.0,12067.0,14821.0,1959.48,8901.152857142855,7436.292857142857,2.0182283343537093,-0.7839432352706689,0.0,-0.7818314824680639,0.6234898018586909,-0.9749279121817993,-0.22252093395642086,-0.433883739117513,-0.9009688679024409,0.9057022630804701,0.4239143907098636,0.7678804460366041,-0.6405931786981702,-0.2546711202412194,-0.9670277247913228,-0.983797951573514,-0.1792807588107483,-0.6064130902482757,-0.7951497745554208,0.9643784639967451,0.2645263279510731,-0.9272375462179526,0.37447367448688595,0.5102069876723102,-0.8600516436414426,0.11585560376946762,0.9932660666081431,-0.6944521021088809,-0.7195389342325795,0.9885312610933426,0.15101637606963636,-0.8776087166898394,0.4793776594606941,0.40712948535426263,-0.913370451763781,0.2301508797012213,0.9731549581504242
2023-04-29,2.0,700.0,0.0,0,0,Lazada,0.0,1,8655.0,8721.0,13288.0,18639.0,849.8299999999999,8517.581428571428,7338.647857142858,1.6794112914152517,-0.9191218948584633,0.0,-9.015381179761603e-14,1.0,-1.8030762359523205e-13,1.0,-1.5677459767123202e-13,1.0,0.9732643737003757,0.2296877421318243,0.44709379298516677,-0.8944870822287692,-0.7678804460365615,-0.6405931786982214,-0.7998392447397903,0.6002142805482737,-0.6200011953692753,-0.7846008652433858,0.9729069486773338,0.23119703548133935,-0.9066860720978016,0.42180607708265655,0.44986640466679034,-0.8930958615692807,0.200754931406812,0.9796414943824329,-0.7648913904341128,-0.64415926667228,0.9995139620968312,0.031174341588784533,-0.8035476485339235,0.5952404359043513,0.2614143985111507,-0.9652266636656145,0.3933357220160242,0.9193949150316925
2023-04-30,9.0,3022.42,0.0,0,1,Lazada,0.0,1,6637.0,22378.0,950.0,40143.0,966.1,7925.581428571428,6767.147857142858,1.8954640874089381,-0.5446105167997589,0.0,0.7818314824680224,0.6234898018587429,0.974927912181829,-0.22252093395629094,0.43388373911738576,-0.9009688679025021,0.9996684675143132,0.02574791365498759,0.0514787547703446,-0.9986740898848306,-0.9970175264485269,-0.07717546212664346,-0.10282099713735655,0.9946998756145894,-0.6334058321617079,-0.773819779912309,0.9802839232770915,0.19759410356706875,-0.8837203473619962,0.46801532844383703,0.38739664612229213,-0.921913140471053,0.28416997247975523,0.958773918471323,-0.8271893372462529,-0.5619233046832146,0.9960209693076333,-0.08911918255618481,-0.7142921172691111,0.6998476771463991,0.10944576864892051,-0.9939927684469575,0.5449095160526058,0.8384948534817103
2023-05-01,2.0,610.0,0.0,1,0,Lazada,0.0,0,22962.0,12543.0,650.0,1710.0,10652.0,8175.631428571427,7688.892142857142,2.007324129848232,-0.9734343698284121,0.0,0.9749279121818342,-0.222520933956268,-0.43388373911747236,-0.9009688679024604,-0.7818314824682606,0.6234898018584442,0.9837979515735158,-0.17928075881073868,-0.3527520865491005,-0.9357168190404915,-0.8573146280763568,0.5147928015097899,0.660152120671241,0.7511319308705119,-0.6466230339778838,-0.762809708858793,0.9865006565801179,0.1637573038584731,-0.858401523291892,0.5129783862992274,0.3230933755523472,-0.9463670908660075,0.36548399581331076,0.9308176238148566,-0.880682856430147,-0.4737063503796811,0.9781028708075105,-0.20812201737948471,-0.6115298757991064,0.7912213413483798,-0.045141017773955856,-0.9989806246941586,0.6803978890506097,0.7328428976086717
2023-05-02,0.0,0.0,0.0,1,0,Lazada,0.0,0,9201.0,8655.0,1580.0,1750.0,5900.0,7398.2028571428555,7452.534999999999,3.675013109187996,-1.0,0.0,0.43388373911763306,-0.9009688679023831,-0.7818314824681335,0.6234898018586035,0.9749279121818285,-0.22252093395629288,0.9263239682515038,-0.3767278936351635,-0.6979441547663102,-0.7161521883144258,-0.40045390565125233,0.9163169044870109,0.9996684675143107,0.025747913655081636,-0.6596488896351387,-0.7515739101399999,0.9915497906051809,0.1297266848062572,-0.8307970168121231,0.5565755266413326,0.25726093431109726,-0.966341974498356,0.44409580415921657,0.8959793059709464,-0.9248025743285111,-0.3804473662878464,0.9460191696320135,-0.3241106766040818,-0.4972040784469552,0.8676336233547626,-0.19864794288017232,-0.9800709131432663,0.7958013007903684,0.6055578334563575
2023-05-03,7.0,2433.74,0.0,0,0,Lazada,0.0,0,9428.0,6637.0,2760.0,17510.0,6566.0,7408.631428571427,7390.177857142857,2.903487445327181,-0.7418604157827747,0.0,-0.43388373911745115,-0.9009688679024707,0.7818314824678818,0.6234898018589191,-0.974927912181795,-0.22252093395643996,0.8296770135526307,-0.5582437220268471,-0.926323968251479,-0.37672789363522435,0.20455206612616642,0.978855685095365,0.6979441547664043,-0.7161521883143341,-0.6724795445732231,-0.7401157086095325,0.9954253493144535,0.09554252426118082,-0.800980330978291,0.5986906625177207,0.19021090117414113,-0.9817432521156033,0.5194241791627817,0.8545165429066136,-0.9590788900341126,-0.2831389812281852,0.9002345254573021,-0.4354053274532434,-0.3734765374130819,0.9276396261490423,-0.3474028211842686,-0.9377159910299125,0.8877131077605714,0.46039704420214084
2023-05-04,4.0,1242.08,0.0,0,0,Lazada,0.0,0,10892.0,610.0,12543.0,2272.49,4496.2,5982.24857142857,7078.94,2.408563378275702,-0.8859640102827764,0.0,-0.9749279121818146,-0.22252093395635397,0.4338837391176313,-0.900968867902384,0.7818314824681665,0.6234898018585621,0.6979441547663369,-0.7161521883143999,-0.9996684675143126,0.025747913655007195,0.7338853664322181,0.6792733388972726,-0.05147875477038377,-0.9986740898848286,-0.6851112019949128,-0.7284384949335707,0.9981227456866077,0.06124528180217159,-0.7690308592589165,0.6392116531380609,0.12226061766546709,-0.9924980309139452,0.5909121786151527,0.8067358905889175,-0.9831469737221509,-0.1828169249850146,0.8414120250581651,-0.5403941192199613,-0.24268684458259757,0.9701046827361169,-0.48784714544229435,-0.8729290708206509,0.9534201253498654,0.30164559432858784
2023-05-05,6.0,2060.7799999999997,0.0,1,0,Lazada,0.0,0,1242.08,9201.0,2710.0,16783.0,2056.58,6072.545714285713,6271.731428571429,0.17115166663247935,0.659136287517712,0.0,-0.7818314824680773,0.623489801858674,-0.9749279121817898,-0.22252093395646289,-0.4338837391176596,-0.9009688679023703,0.5366961939916148,-0.8437755598231765,-0.905702263080486,0.4239143907098299,0.9917226741360986,0.12839835514657338,-0.7678804460365565,-0.6405931786982274,-0.6975401239895528,-0.7165457245875098,0.9996387871459109,0.026875550849278614,-0.7350336741329418,0.6780306024735374,0.053731686109702255,-0.9985554095330956,0.6580312542193609,0.752990616455806,-0.9967506498213928,-0.08054900421874359,0.7704035789993162,-0.6375565272703624,-0.10730813165635497,0.9942258118156169,-0.616621213095636,-0.7872599821916939,0.9909827195236476,0.13398973694098945
2023-05-06,5.0,1719.09,0.0,0,0,Lazada,0.0,1,44135.0,9428.0,700.0,12067.0,1670.0,11357.514285714284,8759.644285714285,3.0689298263534646,-0.9610492806162909,0.0,-1.117150232302485e-13,1.0,-2.23430046460497e-13,1.0,-4.4883190741236153e-13,1.0,0.3527520865491087,-0.9357168190404884,-0.6601521206712542,0.7511319308705001,0.8826787983255818,-0.46997674302725545,-0.9917226741361092,0.12839835514649175,-0.7097626326391603,-0.7044409168334336,0.999971679340883,-0.007525989381743224,-0.6990793005655594,0.7150441465537413,-0.015051552481526852,-0.9998867189676518,0.720285159425266,0.6936780875245513,-0.9997451236925736,0.02257626304153646,0.6882375836422255,-0.7254853743958665,0.030099694852246603,0.9995469015357917,-0.7306444969185016,-0.6827580970759041,0.9992920637248702,-0.03762142177656188
2023-05-07,5.0,1750.0,0.0,0,0,Lazada,0.0,1,7353.0,10892.0,22962.0,2050.0,7496.0,11441.70714285714,9574.120714285715,3.4897163217991864,-0.7620019039847681,0.0,0.781831482467938,0.6234898018588487,0.9749279121818891,-0.22252093395602723,0.43388373911764894,-0.9009688679023754,0.15389057670407447,-0.9880878960910752,-0.30411483232754233,0.9526353808033747,0.4470937929851229,-0.894487082228791,-0.5794210982046055,0.8150283375167816,-0.7217751111067897,-0.6921276536786992,0.9991210282680496,-0.041918622026437105,-0.6612634749656393,0.7501537286959036,-0.08376355348526711,-0.9964856582548094,0.7772136184407311,0.6292368324488528,-0.9920985227917692,0.12546123335273457,0.5961040271552002,-0.8029072105849793,0.16693835946505667,0.9859673342150416,-0.8271893372462358,-0.5619233046832398,0.9781028708075138,-0.20812201737946892
2023-05-08,4.0,1140.0,0.0,0,0,Lazada,0.0,0,9778.0,2060.7799999999997,9201.0,12130.0,1050.0,11355.124285714284,8713.835000000001,4.051265543735098,-0.8834117406422581,0.0,0.9749279121818137,-0.22252093395635783,-0.4338837391176384,-0.9009688679023805,-0.7818314824681591,0.6234898018585713,-0.051478754770335804,-0.9986740898848311,0.10282099713733903,0.9946998756145913,-0.15389057670400186,-0.9880878960910865,0.20455206612615875,0.9788556850953667,-0.7335740047067976,-0.6796095788159782,0.9970878407382743,-0.07626164076313732,-0.6216868902665516,0.7832658619336762,-0.1520791094393491,-0.9883683242962283,0.8283957292921083,0.5601432992463591,-0.9738922359149945,0.22701082094140945,0.4953372552325609,-0.8687007560596876,0.30062034911406443,0.953743888944269,-0.9039461929223982,-0.4276462092677808,0.9280406337745505,-0.3724789686188077
2023-05-09,5.0,1700.63,0.0,0,0,Lazada,0.0,0,7878.0,1719.09,9428.0,12470.0,6887.0,6044.012857142857,8700.763571428572,2.004236730948773,-0.7841292206143691,0.0,0.43388373911755,-0.900968867902423,-0.7818314824680186,0.6234898018587476,0.9749279121817923,-0.22252093395645148,-0.25467112024122035,-0.9670277247913226,0.49254806795384937,0.8702852410301638,-0.6979441547663453,-0.7161521883143916,0.8573146280763145,0.5147928015098604,-0.7451558219567395,-0.6668903965450215,0.9938745231851228,-0.11051439799204806,-0.580454927809099,0.814292377946726,-0.2196748892188753,-0.9755731356729104,0.8734530757734189,0.48690833266843364,-0.9453200469131328,0.3261441535642674,0.38739664612229396,-0.9219131404710522,0.42861784100771483,0.9034858860933497,-0.9590788900341161,-0.28313898122817344,0.8505831615779009,-0.525840551156092
2023-05-10,5.0,1575.0,0.0,0,0,Lazada,0.0,0,1700.63,12690.0,2433.74,1580.0,11460.0,6041.375714285714,8148.808571428572,1.0819960032021965,-0.07387262367475589,0.0,-0.43388373911753414,-0.9009688679024307,0.7818314824679966,0.6234898018587751,-0.9749279121817299,-0.22252093395672468,-0.44709379298510804,-0.8944870822287985,0.7998392447397115,0.6002142805483788,-0.9837979515735077,-0.179280758810783,0.9601498736716091,-0.27948563485158423,-0.7565171356105624,-0.6539738706764896,0.9894848788166606,-0.14463635294482008,-0.5376773767406181,0.8431506618281974,-0.2862309683321781,-0.9581606508136429,0.9120525252759593,0.41007339725681513,-0.9066860720978025,0.4218060770826548,0.27384547484056115,-0.9617737030660318,0.548510501800358,0.8361436655352473,-0.9912685467787256,-0.13185851571739127,0.7480169550331398,-0.6636796177245086
2023-05-11,33.0,10349.95,0.0,0,0,Lazada,0.0,0,11126.0,1750.0,10892.0,2760.0,7490.0,4992.51857142857,8217.112857142858,2.1072738932569566,-0.06975103361495594,0.0,-0.974927912181835,-0.22252093395626416,0.43388373911746525,-0.9009688679024639,0.7818314824679844,0.6234898018587904,-0.6206094818274193,-0.7841198065767132,0.9732643737003804,0.22968774213180426,-0.9057022630804651,0.42391439070987424,0.4470937929851299,-0.8944870822287876,-0.7676545836727677,-0.6408638234181967,0.9839241031140679,-0.17858711966762078,-0.49346814167723846,0.8697638720650639,-0.351432343093377,-0.9362132813776458,0.9439086918125037,0.3302065740120993,-0.858401523291893,0.5129783862992258,0.15632827267718988,-0.9877051539613257,0.6580312542193701,0.7529906164557979,-0.9997451236925736,0.0225762630415345,0.6233697106072986,-0.781927236958384
2023-05-12,26.0,8690.91,0.0,0,0,Lazada,0.0,0,32320.0,7878.0,44135.0,12543.0,1400.0,18272.79714285714,14748.190714285713,1.285962714765482,-0.7310980816831683,0.0,-0.7818314824680198,0.623489801858746,-0.9749279121818307,-0.22252093395628325,-0.4338837391173964,-0.900968867902497,-0.7678804460365986,-0.640593178698177,0.9837979515735172,-0.17928075881073097,-0.4925480679538954,0.8702852410301377,-0.35275208654908585,-0.935716819040497,-0.7785648703932875,-0.6275641342440497,0.9771987776823883,-0.21232651482103293,-0.4479449394078956,0.8940611451454854,-0.41497042150534974,-0.9098349022079074,0.9687860460256836,0.24789836027275758,-0.8009803309782965,0.5986906625177135,0.03654700988812482,-0.9993319348786155,0.755109145738988,0.6555990985513448,-0.9843058444990319,0.1764709734915281,0.48032094452979046,-0.8770928059481562
2023-05-13,18.0,5599.79,0.0,0,0,Lazada,0.0,1,13333.0,1575.0,12690.0,8655.0,700.0,20050.694285714282,13046.035,1.4019810337436291,-0.5800052501312533,0.0,-1.9589396941264945e-14,1.0,-3.917879388252989e-14,1.0,1.6860548461943722e-13,1.0,-0.8826787983255473,-0.4699767430273203,0.8296770135526192,-0.5582437220268642,0.10282099713738777,0.9946998756145862,-0.9263239682514945,-0.3767278936351862,-0.7892447672427557,-0.6140787387460409,0.9693168624606882,-0.24581460524014323,-0.40122898544750224,0.9159777842484871,-0.4765444837967765,-0.8791503597012651,0.9865006565801175,0.16375730385847503,-0.7350336741329432,0.6780306024735361,-0.08376355348526515,-0.9964856582548096,0.8379085086871796,0.5458107099257276,-0.9453200469131334,0.32614415356426557,0.3230933755523509,-0.9463670908660061
2023-05-14,9.0,2921.73,0.0,0,0,Lazada,0.0,1,7928.0,10349.95,1750.0,6637.0,1918.52,20168.807142857142,12580.662857142857,0.5148273871587342,-0.6314669525731584,0.0,0.7818314824679954,0.6234898018587767,0.9749279121818482,-0.22252093395620687,0.43388373911750233,-0.900968867902446,-0.9601498736715943,-0.279485634851635,0.5366961939916455,-0.8437755598231571,0.6601521206712144,0.7511319308705351,-0.9057022630805166,0.4239143907097642,-0.7996911138678674,-0.6004116274696631,0.9602876863008679,-0.2790117551984608,-0.35344467127409235,0.9354554315134146,-0.5358631057005482,-0.8443048809221484,0.9969215500633251,0.07840550375667059,-0.6612634749656461,0.7501537286958976,-0.20286099168259825,-0.979207545954152,0.9048636712981478,0.42570146389792635,-0.8837203473620048,0.46801532844382104,0.1563282726771918,-0.9877051539613254
2023-05-15,12.0,4022.13,0.0,0,1,Lazada,0.0,0,36627.0,32320.0,1140.0,22962.0,1477.82,15345.775714285714,14582.143571428573,1.3790297063902224,-0.8901867474813662,0.0,0.9749279121818185,-0.2225209339563368,-0.43388373911759953,-0.9009688679023992,-0.7818314824680577,0.6234898018586985,-0.9970175264485269,-0.07717546212664249,0.15389057670405415,-0.9880878960910784,0.9732643737003916,0.22968774213175658,-0.30411483232750314,0.9526353808033873,-0.8099008190265968,-0.5865668447330172,0.9501219359262347,-0.3118786733199049,-0.3047192331091581,0.9524422234305694,-0.5926455377376274,-0.8054633862564321,0.999971679340883,-0.007525989381741265,-0.580454927809089,0.8142923779467331,-0.3190204483114522,-0.9477478322629707,0.9547085633518271,0.29754253319935675,-0.8009803309782891,0.5986906625177233,-0.015051552481522934,-0.9998867189676518
2023-05-16,8.0,2571.3,0.0,0,0,Lazada,0.0,0,12893.0,13333.0,1700.63,9201.0,15185.0,11903.521428571428,15146.224285714286,1.607874810655591,-0.8005661987124797,0.0,0.43388373911756944,-0.9009688679024137,-0.7818314824680455,0.6234898018587138,0.9749279121818573,-0.22252093395616676,-0.9917226741361007,0.12839835514655687,-0.2546711202412403,-0.9670277247913173,0.926323968251499,-0.37672789363517534,0.49254806795388517,0.8702852410301435,-0.819870861502921,-0.5725484874300675,0.9388316432829675,-0.3443764590830838,-0.2551824131233778,0.9668929289391508,-0.6466230339778823,-0.7628097088587943,0.99562849320633,-0.09340183893100258,-0.49346814167724634,0.8697638720650595,-0.43055961698185985,-0.9025621398133394,0.9865006565801172,0.16375730385847698,-0.6990793005655622,0.7150441465537386,-0.18598706431514886,-0.9825521929686141
2023-05-17,7.0,2033.49,0.0,0,0,Lazada,0.0,0,15315.0,7928.0,11126.0,9428.0,10604.0,11754.022857142858,16189.843571428572,2.215467193795972,-0.8672223310479922,0.0,-0.43388373911751477,-0.90096886790244,0.7818314824679697,0.6234898018588089,-0.9749279121817661,-0.22252093395656608,-0.9444892287836679,0.3285423819108155,-0.6206094818273908,-0.7841198065767357,0.536696193991652,-0.8437755598231529,0.9732643737003638,0.22968774213187484,-0.8295982910008727,-0.5583607038182677,0.9264301712993588,-0.37646664886313735,-0.20496611396950395,0.9787690698649198,-0.6975401239895438,-0.7165457245875185,0.9839241031140695,-0.17858711966761187,-0.40122898544751706,0.9159777842484806,-0.5358631057005465,-0.8443048809221494,0.9996387871459103,0.026875550849303837,-0.5804549278091138,0.8142923779467155,-0.35143234309336,-0.9362132813776521
2023-05-18,11.0,3619.65,0.0,0,0,Lazada,0.0,0,2033.49,2921.73,10349.95,2433.74,17510.0,10911.949999999999,15540.378571428571,2.41710798541095,0.780018588731688,0.0,-0.9749279121818303,-0.2225209339562852,0.4338837391175041,-0.9009688679024451,0.7818314824680859,0.6234898018586632,-0.8573146280763271,0.5147928015098394,-0.882678798325557,-0.46997674302730214,-0.05147875477034853,-0.9986740898848304,0.8296770135525963,-0.5582437220268984,-0.8390802290175681,-0.5440076922910424,0.9129321980697731,-0.4081112614563491,-0.15420404756268763,0.9880390233767512,-0.7451558219567452,-0.666890396545015,0.9649450457625365,-0.2624520121057111,-0.30471923310915994,0.9524422234305687,-0.6334058321616993,-0.773819779912316,0.9938745231851209,-0.11051439799206535,-0.44794493940789276,0.8940611451454868,-0.5065035376636304,-0.8622378826833274
2023-05-19,4.0,1400.0,0.0,0,0,Lazada,0.0,0,10178.0,12893.0,8690.91,1242.08,2272.49,8497.491428571428,9900.357142857143,0.7932523180642627,-0.8624484181568088,0.0,-0.7818314824680332,0.6234898018587292,-0.9749279121818211,-0.2225209339563253,-0.4338837391171333,-0.9009688679026238,-0.7338853664321908,0.6792733388973021,-0.9970175264485286,-0.07717546212662196,-0.6206094818273847,-0.7841198065767405,0.15389057670401346,-0.9880878960910847,-0.8483138696949905,-0.5294937001354318,0.8983536994820143,-0.43927284303377867,-0.10303137904318062,0.9946781061893644,-0.7892447672427545,-0.6140787387460425,0.9388316432829706,-0.34437645908307524,-0.2049661139694989,0.9787690698649208,-0.721775111106782,-0.6921276536787072,0.969316862460689,-0.24581460524013943,-0.3047192331091483,0.9524422234305725,-0.6466230339778685,-0.7628097088588061
2023-05-20,11.0,3588.46,0.0,0,0,Lazada,0.0,1,14410.0,15315.0,5599.79,44135.0,1050.0,8546.877142857142,9456.506428571429,1.4198691578203708,-0.7509743233865371,0.0,-4.115060837389742e-14,1.0,-8.230121674779483e-14,1.0,-1.2345182512169227e-13,1.0,-0.5794210982045752,0.8150283375168031,-0.9444892287836705,0.3285423819108081,-0.9601498736716059,-0.2794856348515955,-0.6206094818273785,-0.7841198065767454,-0.8572964806503143,-0.5148230222752138,0.8827119303085983,-0.4699145114708294,-0.05158436686940671,0.9986686402879998,-0.8295982910008756,-0.5583607038182635,0.9057769657642589,-0.4237547501691191,-0.1030313790431755,0.9946781061893649,-0.7996911138678714,-0.6004116274696578,0.9264301712993549,-0.3764666488631469,-0.15420404756271255,0.9880390233767473,-0.7676545836727526,-0.6408638234182149
2023-05-21,5.0,1710.0,0.0,0,0,Lazada,0.0,1,11034.0,3619.65,2921.73,12690.0,665.03,8157.444285714285,9534.697142857143,1.6080171429958698,-0.8450244698205547,0.0,0.781831482467982,0.6234898018587935,0.9749279121818577,-0.22252093395616482,0.43388373911776545,-0.9009688679023192,-0.4004539056512775,0.9163169044869999,-0.7338853664322155,0.6792733388972755,-0.9444892287836731,0.3285423819108007,-0.9970175264485229,-0.07717546212669427,-0.8660254037844377,-0.5000000000000016,0.8660254037844405,-0.49999999999999684,-1.959434878635765e-15,1.0,-0.8660254037844349,-0.5000000000000063,0.866025403784445,-0.49999999999998895,-3.91886975727153e-15,1.0,-0.866025403784441,-0.4999999999999957,0.866025403784446,-0.49999999999998723,-5.878304635907295e-15,1.0,-0.8660254037844259,-0.5000000000000221
2023-05-22,14.0,4377.67,0.0,0,0,Lazada,0.0,0,1710.0,12872.0,36627.0,7353.0,13288.0,7884.637142857142,9448.145,1.465716572214836,1.5600409356725145,0.0,0.9749279121818233,-0.22252093395631578,-0.4338837391175607,-0.9009688679024179,-0.7818314824679563,0.6234898018588257,-0.20455206612621055,0.9788556850953558,-0.4004539056512847,0.9163169044869968,-0.5794210982045416,0.815028337516827,-0.7338853664322261,0.6792733388972639,-0.8744980560685742,-0.48502901968055984,0.8483138696949916,-0.5294937001354302,0.05158436686940989,0.9986686402879997,-0.8983536994820126,-0.4392728430337822,0.8198708615029212,-0.5725484874300671,0.10303137904318184,0.9946781061893643,-0.9198172790502219,-0.3923470060554129,0.7892447672427593,-0.6140787387460362,0.15420404756270095,0.9880390233767492,-0.9388316432829672,-0.34437645908308445
2023-05-23,12.0,3697.5,0.0,0,0,Lazada,0.0,0,13474.0,1400.0,12893.0,9778.0,950.0,7142.01857142857,7819.755,1.812009477135001,-0.7255826035327297,0.0,0.4338837391175889,-0.9009688679024043,-0.7818314824680724,0.6234898018586801,0.9749279121818211,-0.22252093395632536,-7.83773951454306e-15,1.0,-1.567547902908612e-14,1.0,-2.351321854362918e-14,1.0,-3.135095805817224e-14,1.0,-0.8827119303085991,-0.46991451147082797,0.8295982910008738,-0.5583607038182661,0.10303137904317672,0.9946781061893648,-0.9264301712993573,-0.37646664886314096,0.767654583672768,-0.6408638234181965,0.20496611396949124,0.9787690698649225,-0.9602876863008684,-0.2790117551984596,0.6975401239895493,-0.7165457245875131,0.30471923310916416,0.9524422234305674,-0.9839241031140677,-0.1785871196676215
2023-05-24,9.0,2701.64,0.0,0,0,Lazada,0.0,0,15852.0,3588.46,15315.0,7878.0,650.0,7676.232857142856,8111.555,0.9428333691089511,-0.8295710320464295,0.0,-0.43388373911749534,-0.9009688679024493,0.7818314824679429,0.6234898018588425,-0.9749279121818024,-0.22252093395640746,0.2045520661261952,0.978855685095359,0.40045390565125594,0.9163169044870093,0.579421098204596,0.8150283375167884,0.7338853664321835,0.67927333889731,-0.8906645958869747,-0.45466094799695755,0.809900819026598,-0.5865668447330157,0.15420404756269077,0.9880390233767508,-0.9501219359262335,-0.3118786733199086,0.7097626326391631,-0.7044409168334307,0.30471923310916604,0.9524422234305668,-0.9868505034357956,-0.1616356516011144,0.5926455377376337,-0.8054633862564275,0.4479449394078822,0.8940611451454921,-0.999971679340883,-0.007525989381751062
2023-05-25,21.0,6637.7,0.0,0,0,Lazada,0.0,0,14914.0,1710.0,3619.65,1575.0,1580.0,8103.829999999999,8130.637142857143,1.3336310101810376,-0.5549349604398552,0.0,-0.9749279121818002,-0.22252093395641703,0.4338837391177478,-0.9009688679023278,0.7818314824679038,0.6234898018588916,0.40045390565123706,0.9163169044870176,0.7338853664321555,0.6792733388973402,0.9444892287836576,0.3285423819108451,0.9970175264485366,-0.07717546212651841,-0.8983536994820134,-0.43927284303378045,0.7892447672427569,-0.6140787387460394,0.20496611396949316,0.9787690698649221,-0.9693168624606872,-0.24581460524014703,0.6466230339778868,-0.7628097088587905,0.40122898544749686,0.9159777842484895,-0.9991210282680493,-0.04191862202644298,0.4765444837967834,-0.8791503597012613,0.5804549278091041,0.8142923779467223,-0.9865006565801192,0.16375730385846538
2023-05-26,6.0,1955.37,0.0,0,0,Lazada,0.0,0,14765.0,3697.5,1400.0,62960.0,22378.0,9909.977142857142,8525.997857142856,0.9356779879937165,-0.8675672197764985,0.0,-0.7818314824680468,0.6234898018587123,-0.9749279121818115,-0.22252093395636735,-0.43388373911768957,-0.9009688679023559,0.5794210982045624,0.8150283375168123,0.9444892287836603,0.3285423819108377,0.9601498736715872,-0.2794856348516595,0.6206094818274277,-0.7841198065767065,-0.9057769657642543,-0.4237547501691291,0.7676545836727667,-0.6408638234181979,0.25518241312337403,0.9668929289391518,-0.9839241031140684,-0.17858711966761764,0.5787026118776047,-0.8155386483827963,0.4934681416772395,0.8697638720650633,-0.9969215500633256,0.07840550375666278,0.351432343093371,-0.936213281377648,0.6990793005655538,0.7150441465537468,-0.9439086918125116,0.3302065740120766
2023-05-27,23.0,7286.13,0.0,0,0,Lazada,0.0,1,1955.37,15852.0,14410.0,32320.0,1856.07,9661.101428571428,8565.667142857143,0.8555343313540462,2.726215498856994,0.0,-6.27118198065299e-14,1.0,-1.254236396130598e-13,1.0,3.923821602364237e-14,1.0,0.7338853664321995,0.6792733388972927,0.9970175264485266,-0.07717546212664739,0.6206094818274216,-0.7841198065767114,-0.15389057670406384,-0.9880878960910768,-0.9129321980697738,-0.40811126145634763,0.7451558219567431,-0.6668903965450174,0.30471923310916116,0.9524422234305684,-0.9938745231851216,-0.110514397992059,0.5065035376636511,-0.8622378826833151,0.5804549278090941,0.8142923779467295,-0.9802839232770926,0.19759410356706297,0.2196748892188968,-0.9755731356729056,0.800980330978282,0.5986906625177327,-0.8734530757734307,0.48690833266841266
2023-05-28,12.0,4068.7,0.0,0,0,Lazada,0.0,1,11367.0,14914.0,11034.0,13333.0,2710.0,9675.314285714285,8612.429285714285,0.3165696933378942,-0.6420603501363596,0.0,0.7818314824679685,0.6234898018588104,0.9749279121818674,-0.2225209339561228,0.4338837391180286,-0.9009688679021925,0.8573146280763191,0.5147928015098528,0.8826787983255716,-0.4699767430272745,0.0514787547703955,-0.998674089884828,-0.8296770135525612,-0.5582437220269504,-0.9198172790502193,-0.3923470060554191,0.721775111106791,-0.6921276536786978,0.3534446712740821,0.9354554315134186,-0.9991210282680494,-0.041918622026441026,0.4305596169818797,-0.90256213981333,0.6612634749656295,0.7501537286959121,-0.9494491062150143,0.313921000743038,0.08376355348527492,-0.9964856582548087,0.8837203473619992,0.4680153284438314,-0.7772136184407463,0.6292368324488341
2023-05-29,5.0,1682.28,0.0,0,0,Lazada,0.0,0,3331.0,14765.0,13474.0,2921.73,6637.0,7692.599999999999,8709.074285714285,0.32921143704463673,-0.4949624737316122,0.0,0.9749279121818281,-0.22252093395629477,-0.4338837391175218,-0.9009688679024366,-0.7818314824681384,0.6234898018585974,0.9444892287836628,0.3285423819108303,0.6206094818274155,-0.7841198065767163,-0.5366961939916124,-0.8437755598231781,-0.9732643737003782,0.22968774213181384,-0.9264301712993567,-0.37646664886314246,0.6975401239895517,-0.7165457245875108,0.4012289854474987,0.9159777842484886,-0.9996387871459108,0.0268755508492818,0.3514323430933825,-0.9362132813776437,0.7350336741329379,0.6780306024735417,-0.904863671298158,0.42570146389790464,-0.053731686109708625,-0.9985554095330953,0.9453200469131295,0.3261441535642767,-0.658031254219379,0.7529906164557902
2023-05-30,15.0,4280.74,0.0,0,0,Lazada,0.0,0,35398.0,7286.13,15852.0,4022.13,22962.0,10601.15857142857,10131.130000000001,2.8012064283912568,-0.8790683089440081,0.0,0.4338837391176083,-0.9009688679023949,-0.7818314824680993,0.6234898018586464,0.9749279121818861,-0.2225209339560406,0.9917226741361024,0.1283983551465442,0.25467112024121563,-0.9670277247913238,-0.9263239682514812,-0.3767278936352189,-0.4925480679538408,0.8702852410301686,-0.9327689179559784,-0.3604748891327012,0.6724795445732219,-0.7401157086095336,0.4479449394078857,0.8940611451454904,-0.9954253493144531,0.095542524261184,0.26970674546013756,-0.9629425068264982,0.8009803309782833,0.5986906625177312,-0.8471733374738772,0.5313166064347812,-0.19021090117414738,-0.9817432521156021,0.9843058444990298,0.17647097349153967,-0.5194241791628023,0.8545165429066012
2023-05-31,14.0,3920.86,0.0,0,1,Lazada,0.0,0,11830.0,4068.7,14914.0,2571.3,9201.0,10237.959999999997,9956.637142857142,2.969341774491397,-0.6685663567202029,0.0,-0.4338837391174759,-0.9009688679024588,0.781831482467916,0.6234898018588763,-0.9749279121818386,-0.22252093395624886,0.9970175264485281,-0.07717546212662686,-0.15389057670402315,-0.9880878960910832,-0.9732643737003763,0.22968774213182144,0.3041148323274434,0.9526353808034064,-0.9388316432829669,-0.3443764590830856,0.6466230339778852,-0.7628097088587917,0.4934681416772351,0.8697638720650659,-0.9865006565801185,0.16375730385846923,0.18598706431517245,-0.9825521929686096,0.858401523291889,0.5129783862992325,-0.777213618440745,0.6292368324488355,-0.32309337555233975,-0.94636709086601,0.9997451236925734,0.022576263041546255,-0.3654839958133331,0.9308176238148478
2023-06-01,11.0,3232.75,0.0,0,0,Lazada,0.0,0,3920.86,11075.0,6637.7,15315.0,0.0,10216.839999999998,9171.412857142857,2.698270428960412,-0.1754997628071393,0.0,-0.9749279121817954,-0.22252093395643807,0.43388373911778666,-0.900968867902309,0.7818314824680052,0.6234898018587643,0.9601498736716066,-0.27948563485159267,-0.536696193991571,-0.8437755598232044,-0.6601521206712497,0.7511319308705041,0.9057022630804419,0.4239143907099239,-0.9446165532223592,-0.3281761224987429,0.6200011953692824,-0.7846008652433802,0.5376773767406089,0.8431506618282034,-0.9729069486773381,0.23119703548132173,0.10089228319741511,-0.9948973551031346,0.9066860720977932,0.42180607708267476,-0.6959977221267478,0.7180439894563413,-0.4498664046667579,-0.8930958615692969,0.9912685467787271,-0.13185851571737964,-0.20075493140684944,0.9796414943824252
2023-06-02,5.0,1348.51,0.0,0,0,Lazada,0.0,0,19044.0,1682.28,14765.0,3619.65,2433.74,11341.232857142855,9516.916428571427,3.434836845752461,-0.9291897710565007,0.0,-0.7818314824679893,0.6234898018587843,-0.9749279121818525,-0.22252093395618772,-0.43388373911742645,-0.9009688679024825,0.8826787983255413,-0.46997674302733156,-0.8296770135526335,-0.5582437220268431,-0.10282099713732147,0.994699875614593,0.9263239682514753,-0.37672789363523346,-0.9501219359262363,-0.3118786733199,0.5926455377376192,-0.8054633862564382,0.5804549278091016,0.8142923779467242,-0.954708563351821,0.2975425331993764,0.01505155248153273,-0.9998867189676517,0.9453200469131349,0.32614415356426135,-0.6047018766694908,0.7964519071183118,-0.5681328088136763,-0.822936881874596,0.9590788900341113,-0.2831389812281894,-0.030099694852258354,0.9995469015357913
2023-06-03,28.0,8757.1,0.0,0,0,Lazada,0.0,1,13714.0,11830.0,11367.0,1400.0,1242.08,8834.731428571427,9503.274285714286,1.2591286381267763,-0.36144815516989937,0.0,2.9413806482453654e-14,1.0,5.882761296490731e-14,1.0,-2.5281909371748713e-13,1.0,0.7678804460366085,-0.640593178698165,-0.9837979515735116,-0.1792807588107618,0.4925480679538545,0.8702852410301608,0.35275208654914453,-0.9357168190404749,-0.9553461622632786,-0.29548893422398304,0.5645884386042972,-0.8253725795023492,0.6216868902665429,0.7832658619336831,-0.9319916318560649,0.3624797899887236,-0.07090046226091042,-0.9974833955766829,0.9738922359149895,0.22701082094143094,-0.5046482954181614,0.8633250245020957,-0.6756562619728684,-0.7372168036994617,0.9039461929224032,-0.42764620926777014,0.14144406768793874,0.9899462489023785
2023-06-04,10.0,2770.54,0.0,0,0,Lazada,0.0,1,8757.1,3920.86,4068.7,14410.0,2060.7799999999997,8395.745714285713,9316.852857142858,1.2569776070847727,-0.6836235740142285,0.0,0.7818314824680259,0.6234898018587384,0.9749279121818264,-0.2225209339563024,0.4338837391174723,-0.9009688679024604,0.6206094818274316,-0.7841198065767034,-0.9732643737003877,0.22968774213177376,0.9057022630804934,0.4239143907098139,-0.44709379298507385,-0.8944870822288156,-0.9602876863008665,-0.27901175519846605,0.5358631057005574,-0.8443048809221425,0.6612634749656418,0.7501537286959015,-0.9048636712981573,0.4257014638979064,-0.15632827267718213,-0.987705153961327,0.99209852279177,0.12546123335272824,-0.397286027670698,0.9176948361071001,-0.770403578999319,-0.637556527270359,0.8271893372462584,-0.5619233046832066,0.30881248126624894,0.9511229423235372
2023-06-05,10.0,3000.53,0.0,0,0,Lazada,0.0,0,10385.0,1348.51,1682.28,1710.0,12690.0,8943.592857142856,10142.412857142857,1.2869184329607268,-0.7110707751564757,0.0,0.9749279121818328,-0.22252093395627373,-0.43388373911748296,-0.9009688679024553,-0.7818314824680369,0.6234898018587246,0.44709379298512203,-0.8944870822287915,-0.7998392447397303,0.6002142805483537,0.9837979515735161,-0.17928075881073674,-0.9601498736715915,-0.27948563485164446,-0.9649450457625336,-0.2624520121057218,0.5065035376636494,-0.8622378826833161,0.6990793005655566,0.715044146553744,-0.8734530757734288,0.4869083326684161,-0.24060026613222274,-0.9706242897934831,0.9997451236925735,0.022576263041544295,-0.2841699724797627,0.9587739184713208,-0.8505831615778798,-0.525840551156126,0.7306444969184902,-0.6827580970759163,0.4670649248774235,0.8842230238742071
2023-06-06,47.0,12343.32,0.0,1,0,Lazada,0.0,0,72344.0,13714.0,4280.74,13474.0,1750.0,18264.024285714284,12875.573571428571,3.6045444578776986,-0.8293801835674002,0.0,0.4338837391175253,-0.9009688679024349,-0.7818314824679844,0.6234898018587904,0.9749279121817487,-0.22252093395664257,0.25467112024123556,-0.9670277247913186,-0.4925480679538766,0.8702852410301483,0.6979441547662976,-0.7161521883144382,-0.8573146280763467,0.5147928015098067,-0.9693168624606876,-0.24581460524014512,0.47654448379677994,-0.8791503597012632,0.7350336741329441,0.6780306024735351,-0.8379085086871838,0.545810709925721,-0.32309337555234163,-0.9463670908660093,0.9967506498213923,-0.08054900421874993,-0.1669383594650523,0.9859673342150423,-0.914678875958708,-0.4041813378607608,0.6166212130956453,-0.7872599821916867,0.6115298757990971,0.7912213413483871
2023-06-07,18.0,5019.19,0.0,0,0,Lazada,0.0,0,12518.0,2770.54,3920.86,15852.0,1140.0,18605.484285714283,13500.615000000002,3.6702846484555813,-0.599042179261863,0.0,-0.4338837391175589,-0.9009688679024188,0.7818314824680309,0.6234898018587322,-0.9749279121817735,-0.22252093395653358,0.05147875477035146,-0.9986740898848303,-0.10282099713737021,0.9946998756145881,0.15389057670404832,-0.9880878960910793,-0.20455206612622012,0.9788556850953538,-0.9734018427044308,-0.2291044578781012,0.4460214029406867,-0.8950222947607627,0.7690308592589185,0.6392116531380585,-0.7983981991447764,0.6021298162376432,-0.4031976860870794,-0.9151129033807932,0.9831469737221497,-0.18281692498502086,-0.04728902277115322,0.9988812483600588,-0.9614787218710189,-0.27487936879524405,0.48784714544232943,-0.8729290708206313,0.7379428103031297,0.67486325186805
2023-06-08,16.0,4656.87,0.0,0,0,Lazada,0.0,0,7065.0,10385.0,19044.0,14914.0,1700.63,17525.00571428571,13852.799285714285,3.0074014206586632,-0.3408535031847134,0.0,-0.9749279121818158,-0.22252093395634825,0.4338837391176207,-0.9009688679023891,0.7818314824678231,0.6234898018589927,-0.15389057670405898,-0.9880878960910776,0.30411483232751246,0.9526353808033843,-0.44709379298508084,-0.8944870822288121,0.5794210982045545,0.8150283375168179,-0.977198777682387,-0.21232651482103831,0.4149704215053598,-0.9098349022079028,0.8009803309782887,0.5986906625177238,-0.7551091457390025,0.655599098551328,-0.4803209445297819,-0.8770928059481609,0.9590788900341148,-0.28313898122817766,0.07304518821104167,0.9973286321364756,-0.9900977505087069,-0.14037964395737199,0.34740282118427956,-0.9377159910299085,0.8425720899865947,0.5385835804920364
2023-06-09,2.0,533.71,0.0,0,0,Lazada,0.0,0,12094.0,72344.0,8753.0,10802.0,11126.0,18005.76857142857,13592.682142857144,-0.10091042456026485,-0.9558698528195799,0.0,-0.7818314824680027,0.6234898018587675,-0.9749279121818429,-0.22252093395622974,-0.43388373911757305,-0.9009688679024119,-0.35275208654909407,-0.9357168190404939,0.6601521206712306,0.7511319308705209,-0.8826787983255597,-0.469976743027297,0.9917226741361012,0.12839835514655393,-0.9807065438204114,-0.19548574093223126,0.3834282907116417,-0.9235706501843531,0.8307970168121249,0.55657552664133,-0.7082462315032522,0.7059654917638976,-0.5538929381563723,-0.83258790110144,0.9248025743285087,-0.38044736628785236,0.1923215052390909,0.9813319716704283,-0.9999947982262414,-0.003225448877116623,0.19864794288018384,-0.980070913143264,0.9223291176290473,0.3864052261210023
2023-06-10,14.0,4703.79,0.0,0,0,Lazada,0.0,1,9207.0,12518.0,8757.1,1955.37,62960.0,7299.109999999999,12683.66142857143,2.2672413927185215,-0.4891072010426849,0.0,7.85259504982118e-15,1.0,1.570519009964236e-14,1.0,-9.012905257215248e-14,1.0,-0.5366961939916016,-0.843775559823185,0.9057022630804726,0.42391439070985826,-0.9917226741361046,0.12839835514652673,0.7678804460365967,-0.6405931786981792,-0.9839241031140682,-0.17858711966761923,0.351432343093374,-0.9362132813776469,0.8584015232918899,0.5129783862992309,-0.6580312542193654,0.7529906164558021,-0.6233697106072688,-0.7819272369584078,0.8806828564301507,-0.4737063503796742,0.3088124812662508,0.9511229423235366,-0.9909827195236492,0.13398973694097782,0.0451410177739676,-0.998980624694158,0.9748595108374078,0.22282040779482012
2023-06-11,9.0,2919.6,0.0,0,0,Lazada,0.0,1,13624.0,7065.0,16877.0,11367.0,8690.91,7412.052857142854,13169.386428571428,2.4532600559408544,-0.7857017028772754,0.0,0.7818314824680125,0.6234898018587552,0.9749279121818359,-0.22252093395626038,0.4338837391177354,-0.9009688679023338,-0.697944154766346,-0.716152188314391,0.9996684675143133,0.02574791365498171,-0.7338853664321728,0.6792733388973216,0.051478754770332855,-0.9986740898848312,-0.9868505034357962,-0.16163565160111054,0.3190204483114578,-0.9477478322629688,0.8837203473619978,0.46801532844383426,-0.6047018766694893,0.7964519071183129,-0.6882375836422199,-0.7254853743958719,0.8271893372462493,-0.5619233046832199,0.4208310085956536,0.9071390534005054,-0.9632319258228752,0.2686712807047957,-0.10944576864890883,-0.9939927684469588,0.9986126020839722,0.05265805692463681
2023-06-12,34.0,10211.01,0.0,1,0,Lazada,0.0,0,2919.6,4656.87,10385.0,4068.7,13333.0,6819.852857142855,12172.429285714286,2.8587248890832653,2.4974003288121662,0.0,0.9749279121818377,-0.22252093395625272,-0.4338837391174441,-0.900968867902474,-0.781831482468219,0.6234898018584962,-0.8296770135526061,-0.5582437220268838,0.9263239682515122,-0.37672789363514264,-0.20455206612621246,0.9788556850953554,-0.6979441547662779,-0.7161521883144573,-0.9894848788166603,-0.14463635294482202,0.28623096833218187,-0.9581606508136418,0.9066860720977971,0.42180607708266654,-0.5485105018003644,0.836143665535243,-0.7480169550331144,-0.6636796177245371,0.764891390434127,-0.6441592666722631,0.5267547528105531,0.8500173118187024,-0.9172671631198646,0.3982724588294247,-0.2614143985111394,-0.9652266636656176,0.9928872135356993,-0.11905873003402455
2023-06-13,49.0,14156.69,0.0,0,0,Lazada,0.0,0,45788.0,9207.0,12343.32,1682.28,2921.73,20092.91428571428,13920.035,0.9401006086834073,-0.690820957456102,0.0,0.43388373911754474,-0.9009688679024256,-0.7818314824680113,0.6234898018587568,0.9749279121818137,-0.22252093395635786,-0.9263239682514979,-0.37672789363517806,0.6979441547663326,-0.716152188314404,0.40045390565131345,0.9163169044869842,-0.9996684675143123,0.025747913655018956,-0.9918264497026016,-0.12759425406472197,0.25310271202292983,-0.9674394126593343,0.9272375462179538,0.37447367448688296,-0.4897230781238958,0.8718780343332757,-0.8022658445149577,-0.5969669293392237,0.6944521021088763,-0.719538934232584,0.6250496486104373,0.7805849965070869,-0.853957589444607,0.5203426135057133,-0.40712948535425186,-0.9133704517637857,0.9578523554276668,-0.2872609705505966
2023-06-14,20.0,6401.17,0.0,0,0,Lazada,0.0,0,16456.0,13624.0,5019.19,4280.74,4022.13,22478.899999999998,14330.847142857141,0.674975609605554,-0.6110130043753038,0.0,-0.43388373911753947,-0.9009688679024281,0.7818314824680039,0.6234898018587659,-0.9749279121818097,-0.22252093395637498,-0.983797951573513,-0.1792807588107541,0.3527520865491298,-0.9357168190404804,0.8573146280763326,0.5147928015098302,-0.660152120671288,0.7511319308704705,-0.9938745231851226,-0.11051439799205,0.21967488921887912,-0.9755731356729096,0.9453200469131309,0.32614415356427295,-0.4286178410077219,0.9034858860933463,-0.8505831615778883,-0.5258405511561124,0.6166212130956438,-0.7872599821916879,0.7142921172691042,0.699847677146406,-0.7745003397565573,0.6325734927397585,-0.5431052396834231,-0.8396646346181382,0.8945422369764506,-0.44698342951967196
2023-06-15,17.0,4693.61,0.0,0,1,Lazada,0.0,0,6401.17,2919.6,7065.0,11830.0,12893.0,21447.06714285714,14429.56,0.7491104981026553,-0.26675748339756644,0.0,-0.9749279121818111,-0.22252093395636927,0.43388373911765954,-0.9009688679023703,0.7818314824682081,0.62348980185851,-0.9996684675143135,0.02574791365497192,-0.051478754770313294,-0.9986740898848322,0.9970175264485217,-0.07717546212670992,0.10282099713729419,0.9946998756145959,-0.9956284932063293,-0.09340183893101002,0.18598706431516354,-0.9825521929686113,0.9608854255574977,0.27694620226893646,-0.3654839958133162,0.9308176238148544,-0.8926116709398637,-0.45082635781633773,0.5322271388474397,-0.8466016020976267,0.793189683945177,0.6089746507720581,-0.6803978890506184,0.7328428976086637,-0.6660888558609823,-0.7458723993404016,0.8048257371083481,-0.5935111901961109
2023-06-16,6.0,1878.72,0.0,0,0,Lazada,0.0,0,24852.0,54197.0,12094.0,3232.75,15315.0,23792.06714285714,15702.684285714287,0.2584465200670329,-0.9244036697247706,0.0,-0.7818314824680871,0.6234898018586618,-0.9749279121817828,-0.22252093395649347,-0.43388373911730993,-0.9009688679025386,-0.9732643737003859,0.2296877421317814,-0.4470937929850879,-0.8944870822288086,0.7678804460365916,-0.6405931786981853,0.7998392447396845,0.6002142805484147,-0.9970878407382744,-0.07626164076313574,0.15207910943934597,-0.9883683242962289,0.9738922359149915,0.2270108209414221,-0.3006203491140583,0.9537438889442709,-0.9280406337745415,-0.37247896861882995,0.4421681519670787,-0.8969321743510031,0.8605996962501125,0.5092820071573452,-0.5734296417196528,0.8192548113970833,-0.7731383255706,-0.6342374393978085,0.691351236209413,-0.7225188358733055
2023-06-17,19.0,6097.6,0.0,0,0,Lazada,0.0,1,10918.0,14156.69,9207.0,1348.51,3619.65,11336.598571428569,15714.756428571429,1.0035709803131398,-0.44150943396226416,0.0,-1.3708616382811296e-14,1.0,-2.741723276562259e-14,1.0,7.256098857318214e-14,1.0,-0.9057022630804767,0.4239143907098494,-0.7678804460365841,-0.6405931786981943,0.25467112024115496,-0.9670277247913398,0.9837979515735253,-0.1792807588106866,-0.9982521339365442,-0.05909887554882782,0.11799115725973525,-0.9930146458177284,0.984305844499033,0.17647097349152183,-0.23433389447179975,0.9721561736170169,-0.9566081051665085,-0.291377646928762,0.34740282118427773,-0.9377159910299092,0.9155458729775425,0.40221356823681303,-0.45561828439695734,0.8901752518033589,-0.8616928164028447,-0.5074302810827646,0.5574684374327978,-0.8301981337405154
2023-06-18,10.0,3069.53,0.0,0,0,Lazada,0.0,1,15392.0,6401.17,13624.0,13714.0,10178.0,10033.299999999997,16256.1,1.1710409745175177,-0.8005762733887734,0.0,0.781831482467999,0.623489801858772,0.9749279121818455,-0.22252093395621833,0.4338837391175889,-0.9009688679024043,-0.7998392447397257,0.6002142805483599,-0.960149873671596,-0.27948563485162936,-0.3527520865491188,-0.9357168190404845,0.5366961939916355,-0.8437755598231634,-0.9991210282680495,-0.04191862202643906,0.08376355348527101,-0.9964856582548091,0.9920985227917685,0.1254612333527404,-0.16693835946506438,0.9859673342150402,-0.9781028708075088,-0.2081220173794924,0.24893980855377423,-0.9685189578512184,0.9572324433233093,0.2893199776187042,-0.3291915385200033,0.9442631682782259,-0.9296339319682706,-0.36848439930777654,0.4071294853542635,-0.9133704517637805
2023-06-19,17.0,4877.87,0.0,0,0,Lazada,0.0,0,16557.0,24852.0,10211.01,2770.54,14410.0,11252.121428571425,16476.309285714284,1.122540301918965,-0.7053892613396147,0.0,0.9749279121818425,-0.2225209339562317,-0.43388373911740524,-0.9009688679024928,-0.7818314824681176,0.6234898018586235,-0.660152120671238,0.7511319308705144,-0.9917226741361036,0.1283983551465345,-0.829677013552605,-0.5582437220268854,-0.2546711202411967,-0.9670277247913288,-0.9996942666129788,-0.024725964109383363,0.04943680911325767,-0.9987772533977229,0.9972495210773445,0.07411742515095163,-0.09875272084577404,0.9951120038093987,-0.9923660086146711,-0.1233276325329671,0.14782713347054488,-0.9890132145779862,0.9850556718215,0.17223624302768945,-0.19654003584493673,0.9804958002511133,-0.975336388076782,-0.22072365096050967,0.24477230089727484,-0.9695805901076269
2023-06-20,7.0,2124.46,0.0,0,0,Lazada,0.0,0,12239.0,10918.0,45788.0,10385.0,11034.0,9878.714285714284,13098.370714285715,0.6647786296221716,-0.8264188250674075,0.0,0.43388373911756417,-0.9009688679024163,-0.7818314824680381,0.623489801858723,0.9749279121818787,-0.2225209339560731,-0.4925480679538698,0.8702852410301521,-0.8573146280763387,0.5147928015098201,-0.9996684675143122,0.02574791365502679,-0.8826787983255358,-0.46997674302734194,-0.999971679340883,-0.0075259893817451835,0.015051552481530771,-0.9998867189676517,0.9997451236925733,0.02257626304154944,-0.030099694852254437,0.9995469015357914,-0.9992920637248693,-0.03762142177658587,0.04514101777397984,-0.9989806246941575,0.9986126020839737,0.052658056924606476,-0.06017211345348747,0.9981880167396023,-0.9977068927101156,-0.0676827617545699,0.07518957641477646,-0.9971692572470164
2023-06-21,13.0,4353.8099999999995,0.0,0,0,Lazada,0.0,0,11507.0,3069.53,6401.17,12343.32,13474.0,9666.551428571427,9849.925714285713,1.5077323281213977,-0.621638133310159,0.0,-0.43388373911752004,-0.9009688679024375,0.7818314824679771,0.6234898018587997,-0.9749279121817448,-0.2225209339566597,-0.3041148323275218,0.9526353808033813,-0.5794210982045704,0.8150283375168066,-0.7998392447397268,0.6002142805483583,-0.9444892287836667,0.3285423819108192,-0.9999531843608731,0.009676212407229028,-0.01935151881832171,-0.9998127418269004,0.999578685547896,-0.02902501332196773,0.03869579017652218,0.9992510374388482,-0.9988298281778689,0.048362943894772255,-0.05802556932876535,-0.9983150972033192,0.9977068927101164,-0.06768276175455915,0.07733361695681157,0.9970052716452291,-0.9962102997023298,0.08697723131368466,-0.09661270188118258,-0.9953220513156622
2023-06-22,6.0,2100.0,0.0,0,0,Lazada,0.0,0,12793.0,4877.87,24852.0,5019.19,15852.0,9312.305714285712,10282.21357142857,1.138289769287044,-0.835847729226921,0.0,-0.9749279121818063,-0.22252093395639028,0.4338837391176984,-0.9009688679023515,0.781831482468026,0.6234898018587384,-0.10282099713736241,0.9946998756145888,-0.20455206612620477,0.978855685095357,-0.3041148323274695,0.9526353808033979,-0.4004539056512739,0.9163169044870015,-0.9996387871459109,0.026875550849280207,-0.05373168610970544,-0.9985554095330955,0.9967506498213927,-0.08054900421874481,0.10730813165636131,0.9942258118156162,-0.9909827195236508,0.13398973694096566,-0.16057454459499998,-0.9870237158387373,0.9823516608469273,-0.1870433490698978,0.2133770286209257,0.9769699297608421,-0.9708824104813865,0.23955655912091534,-0.26556302780403346,-0.9640935007889816
2023-06-23,11.0,3722.5,0.0,0,0,Lazada,0.0,0,14461.0,2124.46,10918.0,4656.87,14914.0,9232.895714285713,9555.804999999998,1.7755667468258134,-0.7425835004494848,0.0,-0.7818314824681005,0.6234898018586449,-0.9749279121817731,-0.2225209339565355,-0.4338837391174565,-0.9009688679024681,0.1028209971373322,0.9946998756145919,0.20455206612614532,0.9788556850953695,0.30411483232751807,0.9526353808033825,0.40045390565116257,0.9163169044870502,-0.9990285807311908,0.04406693638344549,-0.08804825782465045,-0.9961162102355547,0.9912685467787267,-0.13185851571738352,0.17541259380426766,0.9844950085880878,-0.975808755554671,0.2186258735439253,-0.2614143985111413,-0.965226663665617,0.9527692922168524,-0.303695037510655,0.3453856460875825,0.938460843869718,-0.9223291176290632,0.38640522612096434,-0.4266740831899012,-0.9044054548343111
2023-06-24,11.0,3242.6,0.0,0,0,Lazada,0.0,1,8385.0,11507.0,15392.0,533.71,10802.0,8188.901428571427,9205.226428571428,0.8948142724768857,-0.6132856290995826,0.0,-3.5269827815443773e-14,1.0,-7.053965563088755e-14,1.0,2.3525102971851677e-13,1.0,0.30411483232751996,0.9526353808033818,0.5794210982045672,0.8150283375168088,0.7998392447397574,0.6002142805483176,0.944489228783664,0.3285423819108266,-0.9981227456866079,0.06124528180216964,-0.1222606176654632,-0.9924980309139456,0.9831469737221493,-0.18281692498502278,0.24268684458258996,0.9701046827361188,-0.9534201253498683,0.3016455943285785,-0.3594718130884287,-0.9331559438780411,0.9093882203647938,-0.41594839182493926,0.47086328873604644,0.8822061909330916,-0.851711910746922,0.5240103253675706,-0.5751899607119777,-0.8180198708443173
2023-06-25,7.0,2236.5,0.0,0,0,Lazada,0.0,1,11026.0,12793.0,16557.0,4703.79,1955.37,7961.442857142855,8905.731428571427,0.9357412240840716,-0.7971612552149465,0.0,0.7818314824679856,0.6234898018587889,0.9749279121818551,-0.22252093395617628,0.433883739117852,-0.9009688679022776,0.49254806795386813,0.8702852410301531,0.8573146280763367,0.5147928015098234,0.9996684675143105,0.025747913655089476,0.8826787983255394,-0.46997674302733505,-0.9969215500633254,0.07840550375666669,-0.15632827267718405,-0.9877051539613266,0.972407556121997,-0.23328854407545438,0.30881248126625266,0.951122942323536,-0.9239823598019435,0.38243509093025413,-0.45370308603134274,-0.8911529104063096,0.8528367217694601,-0.5221776766595068,0.5874372716163802,0.8092697028283606,-0.7607200913564026,0.6490800741100488,-0.7067265555776141,-0.7074868024503366
2023-06-26,11.0,3553.5,0.0,0,0,Lazada,0.0,0,2236.5,2100.0,4877.87,13624.0,7286.13,6453.371428571426,7882.8385714285705,1.139271832906275,0.5888665325285043,0.0,0.9749279121818473,-0.22252093395621067,-0.4338837391173664,-0.9009688679025114,-0.7818314824680161,0.6234898018587507,0.6601521206712152,0.7511319308705344,0.9917226741360958,0.12839835514659476,0.8296770135525766,-0.5582437220269276,0.25467112024131416,-0.9670277247912978,-0.995425349314454,0.09554252426117534,-0.1902109011741303,-0.9817432521156054,0.9590788900341122,-0.28313898122818637,0.3734765374130614,0.9276396261490505,-0.887713107760576,0.4603970442021321,-0.5431052396834366,-0.8396646346181295,0.783933816682921,-0.6208444016506459,0.6929032710825883,0.7210305520039002,-0.6515303615068228,0.7586225596663922,-0.8174009818249159,-0.5760691233798799
2023-06-27,9.0,2795.0,0.0,0,0,Lazada,0.0,0,15381.0,3722.5,2124.46,10211.01,4068.7,6792.442857142855,8012.669285714285,0.7630603099273802,-0.8182822963396398,0.0,0.433883739117686,-0.9009688679023575,-0.7818314824682069,0.6234898018585115,0.9749279121818425,-0.2225209339562317,0.7998392447397074,0.6002142805483842,0.960149873671613,-0.2794856348515711,0.3527520865491775,-0.9357168190404624,-0.536696193991533,-0.8437755598232286,-0.9936345861898662,0.11265127219562723,-0.2238684004637281,-0.9746193817454134,0.9431964659565868,-0.3322354987159036,0.4363729641045866,0.8997658785476237,-0.8448805268402692,0.5349550405091152,-0.6267266965083288,-0.7792391467859897,0.7036774074790128,-0.7105196029692745,0.7852670068439881,0.6191572723971543,-0.5267547528105622,0.8500173118186968,-0.9039461929223978,-0.42764620926778163
2023-06-28,15.0,4921.79,0.0,0,0,Lazada,0.0,0,13907.0,3242.6,11507.0,45788.0,3331.0,7448.799999999997,7818.850714285714,1.147395365053948,-0.6460926152297404,0.0,-0.43388373911760303,-0.9009688679023975,0.781831482468092,0.6234898018586555,-0.9749279121818822,-0.22252093395605776,0.905702263080476,0.42391439070985115,0.7678804460365866,-0.6405931786981913,-0.25467112024120425,-0.9670277247913268,-0.9837979515735239,-0.1792807588106943,-0.9915497906051816,0.12972668480625174,-0.2572609343110866,-0.9663419744983588,0.9248025743285079,-0.38044736628785414,0.49720407844693604,0.8676336233547736,-0.7958013007903744,0.6055578334563497,-0.7036774074790166,-0.7105196029692706,0.6132298262997491,-0.7899045386224715,0.8627819522593724,0.5055762087514661,-0.38937814154519385,0.9210779895789558,-0.963807423136728,-0.2665994206793036
2023-06-29,10.0,3244.79,0.0,0,0,Lazada,0.0,0,10713.0,2236.5,12793.0,16456.0,35398.0,7643.969999999998,7802.70642857143,0.986871657115785,-0.6971165873238122,0.0,-0.9749279121818268,-0.22252093395630046,0.43388373911753236,-0.9009688679024316,0.7818314824678438,0.6234898018589666,0.9732643737003789,0.22968774213181095,0.44709379298514224,-0.8944870822287815,-0.7678804460365514,-0.6405931786982334,-0.7998392447397574,0.6002142805483176,-0.9891715794849546,0.14676370920374043,-0.290348980088269,-0.9569208273215198,0.9039461929224015,-0.4276462092677737,0.5556819724760517,0.8313949395234039,-0.7408382980859349,0.6716834195431174,-0.7731383255706012,-0.6342374393978071,0.5139010013093206,-0.857849497786924,0.9239823598019457,0.38243509093024913,-0.2426868445825985,0.9701046827361167,-0.9952176027737282,-0.097682767821729
2023-06-30,12.0,3680.0,0.0,0,1,Lazada,0.0,0,27006.0,2795.0,3722.5,24852.0,3920.86,10540.654285714283,8666.548571428571,0.9725762025813266,-0.8637339850403614,0.0,-0.781831482468043,0.6234898018587169,-0.9749279121818142,-0.2225209339563559,-0.43388373911719336,-0.9009688679025948,0.9996684675143127,0.025747913655002286,0.05147875477037397,-0.9986740898848291,-0.9970175264485169,-0.07717546212677244,-0.10282099713741505,0.9946998756145834,-0.9865006565801182,0.16375730385847118,-0.32309337555234346,-0.9463670908660087,0.8806828564301498,-0.4737063503796759,0.6115298757991002,0.7912213413483847,-0.6803978890506169,0.7328428976086651,-0.8343701235229487,-0.5512045872199354,0.4071294853542617,-0.9133704517637813,0.9677109772087503,0.2520624220102742,-0.09019000427035893,0.9959245770286587,-0.9972495210773462,0.07411742515092866
2023-07-01,11.0,3743.84,0.0,0,0,Lazada,0.0,1,18949.0,4921.79,3242.6,10918.0,19044.0,11387.36857142857,9418.084285714285,0.9750306453304004,-0.8024254578077998,0.0,5.685579847353978e-14,1.0,1.1371159694707956e-13,1.0,-5.680628002261271e-14,1.0,0.9837979515735134,-0.17928075881075217,-0.35275208654912615,-0.9357168190404819,-0.8573146280763649,0.5147928015097764,0.6601521206712821,0.7511319308704756,-0.9835378122597298,0.18070244009239203,-0.35545536519693227,-0.934693256289311,0.8550745085896938,-0.518505144391156,0.6644834655228536,0.7473029667054311,-0.6149269413476425,0.7885840835350617,-0.886721063082992,-0.46230483047981275,0.29446162178681057,-0.9556633054034676,0.9931409302238691,0.11692344809347714,0.06446435710736569,0.9979200101524841,-0.9698431969672985,0.24372971360966622
2023-07-02,16.0,5165.0,0.0,0,0,Lazada,0.0,1,3743.84,10713.0,11026.0,6097.6,1348.51,11219.089999999998,9453.887142857144,0.8611667083842399,0.37959955553656144,0.0,0.7818314824680431,0.6234898018587169,0.9749279121818142,-0.22252093395635592,0.43388373911770545,-0.9009688679023482,0.9263239682514985,-0.3767278936351762,-0.6979441547663299,-0.7161521883144066,-0.4004539056513709,0.9163169044869591,0.9996684675143122,0.02574791365502677,-0.9802839232770918,0.19759410356706683,-0.3873966461222885,-0.9219131404710545,0.8271893372462522,-0.5619233046832157,0.7142921172691056,0.6998476771464047,-0.5449095160526379,0.8384948534816895,-0.929633931968266,-0.3684843993077879,0.17752914918704374,-0.9841155426010324,0.9997913581495417,-0.02042645758556339,0.21757660514827426,0.9760432474496977,-0.9138076496466699,0.4061472386305598
2023-07-03,9.0,2699.0,0.0,0,0,Lazada,0.0,0,13740.0,27006.0,15381.0,16557.0,8757.1,12990.97714285714,10935.458571428573,0.6295846339799817,-0.803566229985444,0.0,0.9749279121818267,-0.2225209339563005,-0.4338837391175324,-0.9009688679024315,-0.7818314824679148,0.6234898018588778,0.829677013552623,-0.5582437220268586,-0.9263239682514893,-0.37672789363519893,0.20455206612615107,0.9788556850953682,0.697944154766365,-0.7161521883143724,-0.9767399525103051,0.2144272957675092,-0.4188794133697402,-0.9080418696596663,0.797101592787195,-0.6038452208771027,0.7607200913564062,0.6490800741100446,-0.47086328873606675,0.8822061909330808,-0.962651974716148,-0.27074189844776625,0.05802556932878834,-0.9983150972033179,0.9875365065492321,-0.1573901147865979,0.36548399581329477,0.9308176238148629,-0.8307970168121377,0.5565755266413108
2023-07-04,16.0,5669.41,0.0,0,0,Lazada,0.0,0,12379.0,18949.0,13907.0,12239.0,16877.0,10761.262857142854,10714.172857142858,0.5951630384742886,-0.5420138944987478,0.0,0.43388373911760303,-0.9009688679023975,-0.781831482468092,0.6234898018586557,0.9749279121819074,-0.222520933955947,0.6979441547663474,-0.7161521883143895,-0.9996684675143134,0.025747913654977802,0.7338853664321302,0.6792733388973675,-0.05147875477032504,-0.9986740898848316,-0.9729069486773351,0.231197035481334,-0.44986640466678046,-0.8930958615692856,0.7648913904341258,-0.6441592666722646,0.8035476485339104,0.595240435904369,-0.3933357220160593,0.9193949150316774,-0.9854237542919506,-0.1701176783205005,-0.062318379354318415,-0.9980563208530124,0.9566081051665111,-0.29137764692875356,0.5046482954181521,0.8633250245021011,-0.7232617254437567,0.6905740195722105
2023-07-05,9.0,2917.13,0.0,0,0,Lazada,0.0,0,13694.0,5165.0,10713.0,17291.0,3000.53,10285.63,10752.359999999999,0.7453440787969473,-0.7869775083978384,0.0,-0.4338837391175836,-0.9009688679024068,0.7818314824680651,0.6234898018586893,-0.9749279121818172,-0.22252093395634248,0.5366961939916033,-0.8437755598231839,-0.9057022630804743,0.4239143907098547,0.9917226741360966,0.12839835514658893,-0.7678804460365917,-0.6405931786981852,-0.9687860460256837,0.24789836027275722,-0.48032094452978985,-0.8770928059481565,0.7306444969184924,-0.682758097075914,0.8425720899866044,0.538583580492021,-0.3129000178799548,0.9497860700235206,-0.9977068927101167,-0.06768276175455376,-0.18175978759138361,-0.9833429613388887,0.9075909860952617,-0.4198554536487893,0.6317404220940667,0.7751800043166815,-0.5943761565849832,0.804187157621448
2023-07-06,7.0,2162.5,0.0,0,0,Lazada,0.0,0,9630.0,13740.0,11197.0,4353.8099999999995,12343.32,8675.505714285713,10651.598571428573,0.6278747597106548,-0.7754413291796469,0.0,-0.974927912181822,-0.2225209339563215,0.4338837391175712,-0.9009688679024128,0.7818314824679453,0.6234898018588395,0.3527520865490959,-0.9357168190404932,-0.6601521206712335,0.7511319308705183,0.8826787983255892,-0.4699767430272416,-0.9917226741361022,0.12839835514654618,-0.9643784639967455,0.2645263279510712,-0.5102069876723069,-0.8600516436414447,0.69445210210888,-0.7195389342325804,0.8776087166898356,0.479377659460701,-0.23015087970124468,0.9731549581504187,-0.9993706508539972,0.035472555753115434,-0.2985688173637287,-0.9543881083175881,0.8414120250581657,-0.5403941192199604,0.7437200839287261,0.6684911643103808,-0.4479449394078936,0.8940611451454864
2023-07-07,18.0,6000.15,0.0,1,0,Lazada,0.0,0,37239.0,12379.0,3680.0,2100.0,5019.19,11955.862857142856,10737.205714285714,2.4276640397508316,-0.8388745669862241,0.0,-0.7818314824680564,0.6234898018587001,-0.9749279121818045,-0.2225209339563979,-0.43388373911774963,-0.9009688679023269,0.153890576704089,-0.988087896091073,-0.30411483232757036,0.9526353808033658,0.44709379298513696,-0.894487082228784,-0.5794210982046535,0.8150283375167475,-0.9596855068649524,0.28107601803312854,-0.5394891616674108,-0.8419925441732808,0.6564105761979392,-0.7544038410927462,0.9084917035725073,0.41790288888678856,-0.1457001152853518,0.9893288009584251,-0.9903973200352562,0.1382503109109789,-0.4110537546870189,-0.9116111071930312,0.7593226149052614,-0.650714350920153,0.837908508687179,0.5458107099257284,-0.2882906407095228,0.9575429528116703
2023-07-08,18.0,6159.62,0.0,0,0,Lazada,0.0,1,18408.0,13694.0,3743.84,3722.5,4656.87,12864.397142857142,10864.287857142857,2.5032547224837622,-0.6653835289004781,0.0,-7.839225068070872e-14,1.0,-1.5678450136141745e-13,1.0,-3.488635897637422e-13,1.0,-0.05147875477032112,-0.9986740898848319,0.10282099713730979,0.9946998756145943,-0.15389057670398637,-0.9880878960910889,0.2045520661261012,0.9788556850953787,-0.9547085633518235,0.29754253319936813,-0.568132808813662,-0.8229368818746058,0.6166212130956422,-0.7872599821916891,0.9350748843515532,0.35445022309899793,-0.060172113453499695,0.9981880167396016,-0.970882410481386,0.23955655912091725,-0.5175855102531743,-0.8556314858488794,0.6628750027453554,-0.7487300786901412,0.9120525252759697,0.4100733972567919,-0.12012616518235833,0.9927586335250783
2023-07-09,9.0,2967.5,0.0,0,0,Lazada,0.0,1,6159.62,2917.13,5165.0,8385.0,12094.0,11788.057142857142,11036.843571428572,2.5416467568782184,-0.5182332676366399,0.0,0.7818314824680297,0.6234898018587337,0.9749279121818237,-0.2225209339563139,0.43388373911755884,-0.9009688679024188,-0.2546711202412336,-0.967027724791319,0.49254806795387324,0.8702852410301503,-0.6979441547663341,-0.7161521883144025,0.8573146280763427,0.5147928015098133,-0.9494491062150142,0.31392100074303836,-0.5961040271552012,-0.8029072105849786,0.5751899607119733,-0.8180198708443204,0.9572324433233098,0.2893199776187023,0.025800772391535935,0.9996671046623472,-0.9410336347451163,0.33831301819231724,-0.6166212130956368,-0.7872599821916934,0.5538929381563914,-0.8325879011014272,0.9643784639967381,0.2645263279510984,0.05158436686939791,0.9986686402880003
2023-07-10,16.0,5117.66,0.0,0,0,Lazada,0.0,0,13486.0,37239.0,2699.0,2236.5,4703.79,13446.609999999999,10234.093571428572,0.3023588799487242,-0.6205205398190716,0.0,0.9749279121818316,-0.22252093395627948,-0.43388373911749356,-0.9009688679024502,-0.7818314824680969,0.6234898018586494,-0.4470937929850949,-0.8944870822288051,0.7998392447396938,0.6002142805484022,-0.9837979515735049,-0.17928075881079844,0.9601498736716255,-0.2794856348515278,-0.9439086918125085,0.33020657401208553,-0.6233697106072758,-0.7819272369584022,0.532227138847444,-0.8466016020976239,0.9748595108374118,0.22282040779480244,0.11158289958599414,0.9937551290534212,-0.9011686968561613,0.4334685453485272,-0.7067265555776154,-0.7074868024503351,0.43443718749486754,-0.9007021317403159,0.9936345861898651,0.11265127219563757,0.22177215755646912,0.9750985130399639
2023-07-11,9.0,2717.54,0.0,0,0,Lazada,0.0,0,8989.0,18408.0,5669.41,15381.0,2919.6,9284.825714285713,10164.712142857143,0.135178376654243,-0.697681610857715,0.0,0.43388373911762246,-0.9009688679023882,-0.7818314824681188,0.6234898018586219,0.9749279121818712,-0.2225209339561056,-0.6206094818274077,-0.7841198065767223,0.9732643737003737,0.22968774213183288,-0.9057022630805199,0.4239143907097571,0.44709379298518254,-0.8944870822287613,-0.9380889596420661,0.3463944338433662,-0.6498975881398518,-0.7600217924046676,0.4878471454423198,-0.8729290708206366,0.9878726596350411,0.1552662498600073,0.1965400358449281,0.9804958002511149,-0.8517119107469284,0.5240103253675602,-0.7865965660866021,-0.6174672802835514,0.3067665664015285,-0.9517847833088195,0.9991210282680492,-0.04191862202644641,0.3854133594543112,0.9227440286201487
2023-07-12,8.0,2642.5,0.0,0,0,Lazada,0.0,0,2717.54,6159.62,13694.0,2795.0,10211.01,7043.331428571427,9953.864285714286,0.22628842235356797,-0.027613209005203254,0.0,-0.43388373911756417,-0.9009688679024161,0.7818314824680382,0.623489801858723,-0.9749279121818534,-0.2225209339561839,-0.7678804460366073,-0.6405931786981665,0.9837979515735122,-0.17928075881075795,-0.49254806795390904,0.8702852410301299,-0.3527520865491372,-0.9357168190404777,-0.9319916318560629,0.3624797899887287,-0.6756562619728765,-0.7372168036994543,0.4421681519670706,-0.8969321743510072,0.9962102997023303,0.08697723131367929,0.2800440484743339,0.9599871514317808,-0.7931896839451824,0.6089746507720512,-0.8550745085896939,-0.5185051443911559,0.1732952273485587,-0.9848699224660135,0.9807065438204121,-0.195485740932228,0.5376773767405987,0.8431506618282099
2023-07-13,13.0,4378.75,0.0,0,0,Lazada,0.0,0,8094.0,13486.0,2162.5,10713.0,14156.69,8322.385714285712,10075.676428571429,0.5621026529607747,-0.45901284902396833,0.0,-0.9749279121818172,-0.2225209339563425,0.4338837391176101,-0.900968867902394,0.7818314824677632,0.6234898018590678,-0.8826787983255403,-0.4699767430273333,0.8296770135526357,-0.5582437220268399,0.10282099713725909,0.9946998756145995,-0.9263239682514723,-0.3767278936352407,-0.9256185127518927,0.3784578825324879,-0.7006152447379038,-0.7135392622980512,0.3953117887649234,-0.918546999158713,0.999832969770105,0.018276557681694165,0.3614775484858024,0.932380813799112,-0.7262249146041667,0.6874571793269532,-0.9111686353326641,-0.41203363695942413,0.0365470098881258,-0.9993319348786154,0.9388316432829716,-0.3443764590830725,0.6740694616546008,0.7386679638813888
2023-07-14,5.0,1722.02,0.0,0,0,Lazada,0.0,0,2930.0,8989.0,6000.15,11197.0,6401.17,6708.827142857141,7783.337142857143,0.43651902297817885,-0.4122798634812287,0.0,-0.78183148246807,0.6234898018586832,-0.974927912181795,-0.22252093395643996,-0.4338837391174865,-0.9009688679024536,-0.9601498736715981,-0.27948563485162187,0.5366961939916223,-0.8437755598231718,0.6601521206712027,0.7511319308705455,-0.9057022630804934,0.4239143907098139,-0.9189714882380278,0.3943239833000072,-0.7247449955623096,-0.6890171923888313,0.3474028211842759,-0.9377159910299099,0.9987235240803972,-0.050510617185224385,0.44023845527731703,0.8978808954950772,-0.6515303615067997,0.758622559666412,-0.9540665500578354,-0.29959475639727057,-0.10089228319740634,-0.9948973551031355,0.8744980560685723,-0.48502901968056317,0.7905633969115339,0.6123802049900834
2023-07-15,6.0,1979.95,0.0,0,1,Lazada,0.0,1,1722.02,2717.54,18408.0,27006.0,4693.61,5670.68714285714,7477.75642857143,0.5575854522322942,0.14978339392109263,0.0,-9.99534621133412e-14,1.0,-1.999069242266824e-13,1.0,-1.8617354861840757e-13,1.0,-0.9970175264485258,-0.07717546212665714,0.15389057670408318,-0.9880878960910738,0.973264373700362,0.22968774213188248,-0.30411483232755915,0.9526353808033694,-0.9120525252759653,0.41007339725680186,-0.7480169550331204,-0.6636796177245303,0.29856881736372165,-0.9543881083175904,0.9928872135356971,-0.11905873003404255,0.5157444481311179,0.8567424725213106,-0.5699010576127649,0.8217133225960572,-0.9831469737221481,-0.18281692498502952,-0.23642378142119863,-0.971650037605362,0.7892447672427599,-0.6140787387460355,0.8837203473619855,0.4680153284438574
2023-07-16,17.0,5424.68,0.0,0,0,Lazada,0.0,1,16830.0,8094.0,9866.0,3743.84,10918.0,8094.817142857141,8335.172857142858,1.0787593980961645,-0.6776779560308972,0.0,0.7818314824680163,0.6234898018587506,0.9749279121818333,-0.22252093395627184,0.4338837391174123,-0.9009688679024893,-0.9917226741361026,0.12839835514654227,-0.25467112024121186,-0.9670277247913248,0.9263239682515049,-0.3767278936351608,0.492548067953834,0.8702852410301725,-0.9048636712981579,0.425701463897905,-0.770403578999317,-0.6375565272703615,0.24893980855376546,-0.9685189578512207,0.9823516608469243,-0.18704334906991368,0.5874372716163817,0.8092697028283595,-0.4822058478963506,0.8760579434344292,-0.9979887423155979,-0.06339140486951904,-0.36748468921840144,-0.9300295711374208,0.6851112019949256,-0.7284384949335587,0.9507903724625831,0.3098349038318027
2023-07-17,6.0,2100.0,0.0,0,0,Lazada,0.0,0,16069.0,2930.0,5117.66,18653.0,15392.0,9383.521428571428,8202.435714285715,1.3477252418256291,-0.8693135851639804,0.0,0.9749279121818364,-0.22252093395625847,-0.4338837391174547,-0.9009688679024689,-0.7818314824682789,0.6234898018584212,-0.9444892287836635,0.32854238191082846,-0.6206094818274124,-0.7841198065767186,0.5366961939916652,-0.8437755598231444,0.9732643737003764,0.22968774213182144,-0.8974070536021568,0.44120355862696264,-0.791878371172418,-0.6106788397098086,0.19864794288017304,-0.9800709131432661,0.9671667297977309,-0.25414270946136364,0.6547868630645496,0.7558135775163654,-0.3893781415452051,0.921077989578951,-0.9983769064671424,0.05695219603403198,-0.4915967464233638,-0.8708229664552738,0.5645884386042953,-0.8253725795023504,0.9897936029670713,0.1425083279161737
2023-07-18,8.0,2658.1800000000003,0.0,0,0,Lazada,0.0,0,2100.0,1722.02,8989.0,13740.0,3069.53,9264.949999999999,7986.888571428572,1.444593793751519,0.26580000000000004,0.0,0.4338837391176419,-0.9009688679023788,-0.7818314824681457,0.6234898018585882,0.974927912181835,-0.2225209339562642,-0.8573146280763346,0.5147928015098268,-0.8826787983255431,-0.4699767430273281,-0.05147875477033287,-0.9986740898848312,0.829677013552629,-0.5582437220268496,-0.8896848787211052,0.4565750941247368,-0.8124159144868873,-0.5830783668499755,0.1478271334705289,-0.9890132145779885,0.9474042892438872,-0.32003923622313074,0.7172952716008834,0.6967693257736128,-0.2924059769510743,0.9562942772197729,-0.9843058444990342,0.17647097349151508,-0.6064130902482634,-0.7951497745554302,0.4305596169818824,-0.9025621398133288,0.999578685547896,-0.029025013321969936
2023-07-19,13.0,4424.75,0.0,0,0,Lazada,0.0,0,12519.0,20729.0,2642.5,12379.0,4877.87,10904.265714285712,8234.791428571429,0.50799613920014,-0.6465572330058311,0.0,-0.4338837391174423,-0.9009688679024749,0.7818314824678696,0.6234898018589345,-0.9749279121817884,-0.2225209339564686,-0.7338853664322201,0.6792733388972705,-0.9970175264485219,-0.07717546212670795,-0.6206094818273724,-0.7841198065767503,0.1538905767041839,-0.9880878960910582,-0.8816994317707852,0.4718115217065756,-0.8319919011831944,-0.5547877759698511,0.09661270188120549,-0.99532205131566,0.9231578729647051,-0.38442104726885273,0.7745003397565607,0.6325734927397543,-0.19232150523909955,0.9813319716704266,-0.9559793438440781,0.29343396896652196,-0.7097626326391568,-0.704440916833437,0.2862309683322002,-0.9581606508136363,0.979856770095868,-0.199701552566056
2023-07-20,6.0,1922.83,0.0,0,0,Lazada,0.0,0,13843.0,16069.0,4378.75,2917.13,17291.0,8884.704285714284,8299.095,0.47112150569751243,-0.8610973054973633,0.0,-0.9749279121818124,-0.22252093395636352,0.43388373911764894,-0.9009688679023754,0.7818314824681483,0.623489801858585,-0.579421098204564,0.8150283375168111,-0.9444892287836615,0.328542381910834,-0.9601498736716014,-0.27948563485161054,-0.6206094818274216,-0.7841198065767113,-0.8734530757734243,0.486908332668424,-0.8505831615778893,-0.5258405511561107,0.04514101777397078,-0.9989806246941579,0.894542236976449,-0.4469834295196755,0.8259791204413951,0.5637007118984854,-0.09019000427034284,0.9959245770286601,-0.9138076496466634,0.40614723863057456,-0.7996911138678708,-0.6004116274696586,0.135055115840348,-0.9908380875225529,0.9312100364121986,-0.3644830148102815
2023-07-21,6.0,1720.0,0.0,0,0,Lazada,0.0,0,7192.0,2658.1800000000003,1722.02,2162.5,4353.8099999999995,7591.251428571427,8428.100714285714,0.840119856915407,-0.7608453837597331,0.0,-0.7818314824680834,0.6234898018586663,-0.9749279121817853,-0.222520933956482,-0.43388373911763306,-0.9009688679023831,-0.40045390565126493,0.9163169044870054,-0.7338853664321968,0.6792733388972956,-0.9444892287836782,0.3285423819107859,-0.9970175264485271,-0.07717546212663955,-0.8649482509584351,0.5018610596210309,-0.8681676914867152,-0.4962709536721121,-0.006450864198102747,-0.9999791929590823,0.8616928164028563,-0.5074302810827447,0.8713510040136369,0.49066019586311166,0.012901459949414846,0.9999167727021953,-0.8584015232918861,0.5129783862992372,-0.8744980560685667,-0.48502901968057344,-0.019351518818338128,-0.9998127418269,0.8550745085897,-0.5185051443911458
2023-07-22,23.0,7384.75,0.0,0,0,Lazada,0.0,1,45224.0,4424.75,20729.0,6000.15,2100.0,12129.36857142857,11516.817142857142,3.896299837634021,-0.8367072793207146,0.0,-1.2151467354597368e-13,1.0,-2.4302934709194735e-13,1.0,-4.78230858359537e-13,1.0,-0.20455206612622492,0.9788556850953528,-0.4004539056513116,0.916316904486985,-0.579421098204647,0.8150283375167521,-0.733885366432266,0.6792733388972209,-0.8561874740403063,0.516665277811931,-0.8847246782682606,-0.46611398140704036,-0.0580255693287744,-0.9983150972033187,0.8247650844733636,-0.5654755126737545,0.9102805323267987,0.4139919715004628,0.11585560376946664,0.9932660666081432,-0.7905633969115584,0.6123802049900516,-0.9327689179559754,-0.3604748891327091,-0.1732952273485751,-0.9848699224660106,0.7536976643929243,-0.65722129506632
2023-07-23,34.0,10223.74,0.0,0,0,Lazada,0.0,1,7384.75,10579.0,16830.0,18408.0,14461.0,12552.225714285712,10563.656428571428,3.7525241253247748,0.38443955448728806,0.0,0.7818314824680737,0.6234898018586785,0.9749279121817923,-0.22252093395645148,0.4338837391176754,-0.9009688679023626,5.883256481000002e-15,1.0,1.1766512962000004e-14,1.0,-3.9193649417808005e-14,1.0,2.3533025924000007e-14,1.0,-0.847173337473877,0.5313166064347815,-0.9002345254572964,-0.43540532745325505,-0.10944576864891273,-0.9939927684469584,0.7839338166829197,-0.6208444016506475,0.9424798789477826,0.33426288722885916,0.21757660514827618,0.9760432474496974,-0.7112757519738263,0.7029130847082503,-0.9734018427044313,-0.22910445787809905,-0.3230933755523388,-0.9463670908660102,0.630072090984383,-0.776536644442854
2023-07-24,5.0,1682.1,0.0,0,0,Lazada,0.0,0,52502.0,1922.83,16069.0,2967.5,8385.0,18024.188571428567,13454.44642857143,4.283938845769833,-0.9679612205249324,0.0,0.9749279121818158,-0.22252093395634825,-0.43388373911762074,-0.900968867902389,-0.7818314824681775,0.6234898018585484,0.20455206612620863,0.9788556850953563,0.4004539056512811,0.9163169044869983,0.5794210982044905,0.8150283375168633,0.7338853664322208,0.6792733388972697,-0.8379085086871808,0.5458107099257257,-0.9146788759587124,-0.4041813378607507,-0.16057454459498788,-0.9870237158387393,0.7393922635959201,-0.6732748922501873,0.9677109772087508,0.2520624220102723,0.31698176735051653,0.9484316312562245,-0.6216868902665482,0.7832658619336788,-0.9956284932063305,-0.09340183893099721,-0.4651624991319125,-0.8852253099642788,0.48784714544233027,-0.8729290708206308
2023-07-25,9.0,2982.5,0.0,0,0,Lazada,0.0,0,14795.0,45224.0,12519.0,5117.66,2236.5,21254.369999999995,14355.797857142856,1.5537902065710179,-0.798411625549172,0.0,0.43388373911755884,-0.9009688679024188,-0.7818314824680308,0.6234898018587323,0.9749279121817989,-0.22252093395642283,0.40045390565124966,0.9163169044870121,0.7338853664321742,0.67927333889732,0.9444892287836525,0.32854238191085994,0.9970175264485324,-0.07717546212657313,-0.8283957292921144,0.56014329924635,-0.9280406337745423,-0.3724789686188281,-0.21127575558217693,-0.977426496010406,0.6913512362094102,-0.7225188358733081,0.9857872803589389,0.1679983270229994,0.41301304294127633,0.9107251102063605,-0.5230943033491322,0.8522748088519841,-0.9990285807311909,0.0440669363834406,-0.5961040271552029,-0.8029072105849773,0.3312212278017085,-0.9435531242349466
2023-07-26,13.0,4274.49,0.0,0,0,Lazada,0.0,0,11027.0,10223.74,10579.0,2717.54,15381.0,15740.191428571427,14146.20857142857,1.916238794094609,-0.6123614763761676,0.0,-0.4338837391175253,-0.9009688679024349,0.7818314824679844,0.6234898018587904,-0.9749279121817235,-0.22252093395675335,0.5794210982045505,0.8150283375168208,0.9444892287836506,0.3285423819108655,0.9601498736716233,-0.27948563485153527,0.6206094818274739,-0.78411980657667,-0.8186378142731447,0.5743101331528881,-0.9403039842383982,-0.3403357419158238,-0.26141439851115,-0.9652266636656147,0.6400381082043607,-0.7683431655492116,0.9965751408026848,0.08269213223825354,0.5046482954181415,0.8633250245021074,-0.41692588132872727,0.9089404873138087,-0.9835378122597346,0.18070244009236625,-0.7127855825108395,-0.7013820024527884,0.16481784665722352,-0.9863240225317824
2023-07-27,6.0,1910.41,0.0,0,0,Lazada,0.0,0,12923.0,1682.1,1922.83,17210.0,13907.0,9236.155714285711,13630.172142857142,1.6310635595654277,-0.8521697748200883,0.0,-0.974927912181833,-0.2225209339562737,0.4338837391174829,-0.9009688679024553,0.7818314824679661,0.6234898018588134,0.7338853664322088,0.6792733388972827,0.9970175264485245,-0.07717546212667474,0.6206094818274339,-0.7841198065767017,-0.15389057670411807,-0.9880878960910684,-0.8086376511543116,0.5883070194512706,-0.9514544127333389,-0.30778970172872455,-0.31085696824350095,-0.950456703534916,0.5856957398073463,-0.8105309990194856,0.9999947982262414,-0.0032254488771078058,0.5909121786151519,0.8067358905889181,-0.3047192331091609,0.9524422234305684,-0.9494491062150101,0.3139210007430506,-0.8124159144868928,-0.5830783668499679,-0.006450864198104954,-0.9999791929590823
2023-07-28,11.0,3538.07,0.0,0,0,Lazada,0.0,0,1910.41,16969.0,7192.0,8094.0,4921.79,9268.771428571426,13629.285,0.45449354027135475,0.8519951214660728,0.0,-0.7818314824680259,0.6234898018587384,-0.9749279121818264,-0.22252093395630237,-0.43388373911736994,-0.9009688679025097,0.8573146280763261,0.5147928015098411,0.8826787983255587,-0.4699767430272987,0.05147875477041115,-0.9986740898848272,-0.8296770135525919,-0.5582437220269049,-0.7983981991447774,0.602129816237642,-0.9614787218710181,-0.2748793687952471,-0.35947181308841725,-0.9331559438780456,0.5285813283559329,-0.8488826652214531,0.9960209693076332,-0.08911918255618578,0.6708865180801487,0.741560031189852,-0.188099417611794,0.9821499931752298,-0.8974070536021606,0.4412035586269551,-0.8926116709398623,-0.45082635781634034,-0.17752914918703216,-0.9841155426010345
2023-07-29,11.0,3810.0,0.0,0,0,Lazada,0.0,1,14696.0,2982.5,45224.0,2930.0,3244.79,7335.9242857142835,14295.147142857142,0.9315590867386059,-0.7407457811649428,0.0,-2.938904725699012e-14,1.0,-5.877809451398025e-14,1.0,1.392065336722617e-13,1.0,0.9444892287836579,0.3285423819108442,0.6206094818274385,-0.784119806576698,-0.5366961939915992,-0.8437755598231865,-0.9732643737003916,0.2296877421317566,-0.7879224882631221,0.6157744331240541,-0.9703650471118365,-0.24164369502149957,-0.40712948535425547,-0.9133704517637842,0.4689651910076313,-0.883216649312713,0.9846830346495287,-0.17435401134873568,0.7437200839287464,0.6684911643103582,-0.06875540848114893,0.9976335468520444,-0.8283957292921131,0.5601432992463518,-0.951454412733333,-0.3077897017287427,-0.3433668739963828,-0.9392013574532099
2023-07-30,14.0,4680.91,0.0,0,0,Lazada,0.0,1,7530.0,4274.49,10223.74,1979.95,27006.0,6954.567142857141,11347.379285714285,0.719150566607306,-0.3783652058432935,0.0,0.7818314824679893,0.6234898018587843,0.9749279121818525,-0.22252093395618777,0.4338837391175288,-0.9009688679024332,0.9917226741360968,0.12839835514658698,0.254671120241299,-0.9670277247913018,-0.9263239682514753,-0.37672789363523346,-0.4925480679539909,0.8702852410300836,-0.7772136184407381,0.6292368324488442,-0.9781028708075092,-0.2081220173794905,-0.45370308603134446,-0.8911529104063087,0.4071294853542599,-0.9133704517637822,0.9660648215530215,-0.2582997494341191,0.808637651154313,0.5883070194512688,0.051584366869399864,0.9986686402880002,-0.743720083928753,0.6684911643103509,-0.9875365065492302,-0.1573901147866095,-0.4990686026885248,-0.8665624788845426
2023-07-31,5.0,1592.5,0.0,0,1,Lazada,0.0,0,16463.0,3538.07,16969.0,5424.68,3743.84,10288.99714285714,9778.884285714286,0.7759815518164304,-0.9032679341553788,0.0,0.9749279121818206,-0.22252093395632724,-0.4338837391175819,-0.9009688679024077,-0.7818314824680761,0.6234898018586755,0.9970175264485271,-0.07717546212664055,-0.15389057670405026,-0.9880878960910789,-0.97326437370038,0.2296877421318062,0.3041148323274957,0.9526353808033896,-0.7662747586044906,0.6425130304714681,-0.9846830346495279,-0.1743540113487405,-0.49906860268853526,-0.8665624788845366,0.34336687399639204,-0.9392013574532065,0.9403039842384022,-0.3403357419158125,0.864948250958438,0.5018610596210259,0.17117705961019247,0.9852402825012834,-0.644981268323751,0.7641983796838917,-0.9999947982262414,-0.0032254488771176026,-0.6400381082043423,-0.7683431655492269
2023-08-01,7.0,2400.0,0.0,0,0,Lazada,0.0,0,17860.0,3810.0,2982.5,2100.0,18653.0,10463.05857142857,8899.49142857143,1.7669126831810666,-0.8656215005599104,0.0,0.43388373911757827,-0.9009688679024094,-0.7818314824680577,0.6234898018586985,0.9749279121818638,-0.2225209339561381,0.9601498736716028,-0.2794856348516059,-0.5366961939915942,-0.8437755598231896,-0.6601521206712615,0.7511319308704937,0.9057022630804652,0.42391439070987424,-0.7551091457389965,0.6555990985513349,-0.9900977505087094,-0.14037964395735403,-0.5431052396834323,-0.8396646346181322,0.27797913939877955,-0.960587111124813,0.9075909860952668,-0.41985545364877813,0.9120525252759647,0.4100733972568031,0.28829064070951155,0.9575429528116738,-0.5340463569360706,0.8454551961182278,-0.9885312610933463,0.15101637606961166,-0.7621140503891403,-0.6474427960827573
2023-08-02,11.0,3665.16,0.0,0,0,Lazada,0.0,0,2400.0,7530.0,11027.0,2658.1800000000003,13740.0,10261.63,8857.884285714286,1.7027372613587946,0.52715,0.0,-0.4338837391175059,-0.9009688679024442,0.7818314824679575,0.6234898018588242,-0.9749279121817597,-0.22252093395659472,0.8826787983255615,-0.4699767430272935,-0.8296770135525853,-0.5582437220269146,-0.10282099713745015,0.9946998756145797,0.9263239682515403,-0.37672789363507364,-0.7437200839287426,0.6684911643103625,-0.9943406096530513,-0.10623912647795192,-0.5856957398073481,-0.8105309990194842,0.21127575558218867,-0.9774264960104034,0.8681676914867211,-0.4962709536721017,0.9494491062150116,0.3139210007430464,0.40122898544749597,0.9159777842484899,-0.4130130429412982,0.9107251102063505,-0.9534201253498692,0.3016455943285757,-0.8616928164028441,-0.5074302810827653
2023-08-03,10.0,3323.98,0.0,0,0,Lazada,0.0,0,15073.0,21305.0,12923.0,4424.75,12379.0,11194.094285714282,9103.360714285713,1.5827277295394488,-0.7794745571551781,0.0,-0.9749279121818281,-0.22252093395629474,0.43388373911752176,-0.9009688679024367,0.7818314824680676,0.6234898018586862,0.7678804460365998,-0.6405931786981754,-0.9837979515735165,-0.1792807588107348,0.4925480679538408,0.8702852410301686,0.3527520865490931,-0.9357168190404943,-0.7321109433803463,0.6811854127788846,-0.9974065903329596,-0.07197286683452125,-0.6267266965083302,-0.7792391467859885,0.14357242341181597,-0.9896398128792405,0.8223255775192149,-0.5690172620911336,0.9767399525103049,0.21442729576751052,0.5083564379375084,0.8611467540480473,-0.2841699724797773,0.9587739184713164,-0.8955013179435097,0.44505886078297235,-0.9358348973349877,-0.3524387108846205
2023-08-04,9.0,2775.62,0.0,0,0,Lazada,0.0,0,12274.0,17860.0,14696.0,1922.83,2917.13,9485.87714285714,9748.467857142856,0.5445563585251225,-0.773861821737005,0.0,-0.7818314824680395,0.6234898018587215,-0.9749279121818167,-0.2225209339563444,-0.4338837391171068,-0.9009688679026364,0.6206094818274208,-0.784119806576712,-0.9732643737003813,0.22968774213180046,0.9057022630804386,0.42391439070993103,-0.447093792985123,-0.894487082228791,-0.7202851594252713,0.693678087524546,-0.9992920637248697,-0.03762142177657681,-0.6660888558609745,-0.7458723993404085,0.07518957641475839,-0.9971692572470178,0.7704035789993247,-0.6375565272703522,0.9936345861898653,0.11265127219563563,0.6081214998935391,0.793843965378104,-0.149953468132445,0.9886930551971385,-0.8161603698771147,0.5778254499778037,-0.9823516608469197,-0.18704334906993728
2023-08-05,6.0,2100.0,0.0,0,0,Lazada,0.0,1,2775.62,2400.0,3810.0,7192.0,9630.0,7330.965714285711,8897.012142857142,0.6334433896535139,-0.2434122826611712,0.0,-5.09502586896226e-14,1.0,-1.019005173792452e-13,1.0,-1.528507760688678e-13,1.0,0.4470937929851352,-0.8944870822287849,-0.799839244739748,0.6002142805483301,0.983797951573519,-0.1792807588107213,-0.9601498736715751,-0.2794856348517009,-0.7082462315032508,0.7059654917638989,-0.9999947982262414,-0.003225448877112704,-0.703677407479013,-0.7105196029692743,0.006450864198114751,-0.9999791929590822,0.7127855825108563,-0.7013820024527713,0.999953184360873,0.009676212407230374,0.6990793005655443,0.715044146553756,-0.012901459949438851,0.9999167727021949,-0.7172952716008901,0.6967693257736058,-0.9998699583618589,-0.016126573270681493
2023-08-06,5.0,1710.0,0.0,0,0,Lazada,0.0,1,15328.0,3323.98,21305.0,7384.75,6000.15,8241.65714285714,9717.875714285716,0.7153918203642059,-0.8884394572025052,0.0,0.7818314824679758,0.6234898018588012,0.9749279121818621,-0.22252093395614572,0.43388373911779193,-0.9009688679023066,0.25467112024124977,-0.9670277247913148,-0.4925480679539022,0.8702852410301338,0.6979441547663902,-0.7161521883143478,-0.857314628076377,0.5147928015097563,-0.6959977221267399,0.718043989456349,-0.9995139620968314,0.03117434158877866,-0.7393922635959216,-0.6732748922501857,-0.06231837935432037,-0.9980563208530123,0.6498975881398663,-0.7600217924046552,0.9956284932063301,-0.09340183893100161,0.7799125224167079,0.6258885343075139,0.12439450483979062,0.992232839189302,-0.6012710693734974,0.7990451183346601,-0.987872659635047,0.15526624985996954
2023-08-07,3.0,970.0,0.0,0,0,Lazada,0.0,0,15236.0,12274.0,1592.5,52502.0,6159.62,8501.231428571426,8230.59,1.3414507037984624,-0.9363349960619585,0.0,0.9749279121818255,-0.22252093395630623,-0.433883739117543,-0.9009688679024264,-0.7818314824679746,0.6234898018588028,0.051478754770337753,-0.998674089884831,-0.10282099713734291,0.9946998756145908,0.1538905767040638,-0.9880878960910768,-0.2045520661261664,0.978855685095365,-0.683543255826725,0.7299100063801018,-0.9978501244431209,0.06553723482760056,-0.7731383255706026,-0.6342374393978055,-0.1307926758567585,-0.9914097417023039,0.5822045598324597,-0.8130423423846337,0.9807065438204117,-0.19548574093222995,0.849450479481473,0.5276683455625282,0.2593382659754042,0.9657865518844578,-0.4708632887360568,0.8822061909330862,-0.9467139181463953,0.3220757010205837
2023-08-08,9.0,2959.59,0.0,1,0,Lazada,0.0,0,38285.0,2100.0,2400.0,16969.0,9866.0,11959.142857142855,9645.054285714286,6.850543623151195,-0.9226958338774978,0.0,0.4338837391175977,-0.9009688679024,-0.7818314824680846,0.6234898018586648,0.9749279121818276,-0.22252093395629668,-0.15389057670404446,-0.9880878960910798,0.3041148323274845,0.9526353808033932,-0.44709379298506685,-0.8944870822288191,0.5794210982045065,0.815028337516852,-0.6708865180801575,0.741560031189844,-0.995005254544735,0.09982255971656483,-0.8048257371083429,-0.593511190196118,-0.1986479428801752,-0.9800709131432657,0.5102069876723233,-0.8600516436414349,0.9553461622632811,-0.295488934223975,0.9066860720977987,0.42180607708266277,0.38937814154520917,0.9210779895789493,-0.32919153852000427,0.9442631682782255,-0.877608716689854,0.47937765946066746
2023-08-09,12.0,4084.71,0.0,0,0,Lazada,0.0,0,2959.59,10085.0,3665.16,14795.0,13486.0,12081.941428571427,9685.025,6.3616550250269785,0.38016076551143896,0.0,-0.43388373911748646,-0.9009688679024537,0.7818314824679307,0.6234898018588578,-0.9749279121817959,-0.22252093395643613,-0.3527520865490803,-0.9357168190404991,0.6601521206712085,0.7511319308705403,-0.8826787983255523,-0.4699767430273108,0.9917226741360936,0.12839835514661224,-0.6580312542193666,0.7529906164558011,-0.9909827195236496,0.13398973694097466,-0.8343701235229537,-0.5512045872199278,-0.26556302780405094,-0.9640935007889768,0.43443718749487853,-0.9007021317403106,0.9198172790502198,-0.3923470060554179,0.9507903724625838,0.30983490383180085,0.5120551783114557,0.8589525565270897,-0.17964488371033452,0.9837315262594263,-0.7825970017678042,0.6225286602430795
2023-08-10,12.0,3945.08,0.0,0,0,Lazada,0.0,0,10279.0,15236.0,11805.0,4274.49,2717.54,12380.042857142855,10195.565714285714,5.528700982554248,-0.6162000194571456,0.0,-0.974927912181798,-0.22252093395642658,0.43388373911776545,-0.9009688679023192,0.7818314824678855,0.6234898018589146,-0.5366961939915892,-0.8437755598231929,0.9057022630804602,0.4239143907098849,-0.9917226741361067,0.12839835514651118,0.7678804460366343,-0.6405931786981341,-0.6449812683237474,0.7641983796838948,-0.9857872803589421,0.16799832702298056,-0.8616928164028502,-0.507430281082755,-0.3312212278016724,-0.9435531242349594,0.3554553651969501,-0.9346932562893041,0.8744980560685783,-0.48502901968055245,0.9811246297717126,0.19337647441020306,0.6250496486104143,0.7805849965071052,-0.02580077239154573,0.9996671046623469,-0.6644834655228822,0.7473029667054056
2023-08-11,6.0,1571.0,0.0,0,0,Lazada,0.0,0,3945.08,970.0,12274.0,12923.0,2642.5,10767.054285714285,9634.142857142857,5.576494200083211,-0.6017824733592221,0.0,-0.7818314824680529,0.6234898018587046,-0.9749279121818072,-0.22252093395638645,-0.4338837391176631,-0.9009688679023685,-0.6979441547663354,-0.7161521883144012,0.9996684675143125,0.0257479136550111,-0.7338853664321835,0.67927333889731,0.05147875477039158,-0.9986740898848282,-0.6317404220940748,0.775180004316675,-0.9794250862518059,0.2018080781848005,-0.8867210630829929,-0.462304830479811,-0.3953117887649189,-0.9185469991587148,0.27384547484057387,-0.9617737030660283,0.8198708615029218,-0.5725484874300664,0.9972495210773454,0.07411742515094039,0.72622491460416,0.6874571793269603,0.12866054379808908,0.9916886933254709,-0.5267547528105871,0.8500173118186812
2023-08-12,5.0,1661.68,0.0,0,0,Lazada,0.0,1,13300.0,4084.71,10085.0,14696.0,4378.75,8822.684285714282,10452.312857142857,1.1348423771380856,-0.8750616541353383,0.0,-7.251147012225507e-14,1.0,-1.4502294024451015e-13,1.0,9.839265076466834e-15,1.0,-0.8296770135526138,-0.5582437220268723,0.9263239682515019,-0.37672789363516807,-0.2045520661262278,0.9788556850953523,-0.6979441547663172,-0.716152188314419,-0.618312633709784,0.7859322407147263,-0.9719036673475087,0.23537897398974097,-0.909388220364791,-0.41594839182494553,-0.4575313760742462,-0.8891934772070736,0.19021090117412814,-0.9817432521156059,0.7565171356105679,-0.6539738706764832,0.9989315138848575,-0.04621504698371322,0.8136678304455927,0.5813300798152133,0.2800440484743447,0.9599871514317777,-0.3734765374130573,0.9276396261490522
2023-08-13,7.0,2235.0,0.0,0,0,Lazada,0.0,1,5950.0,10279.0,1710.0,7530.0,1722.02,7205.679999999998,9180.789999999999,1.0819050842896247,-0.6243697478991597,0.0,0.7818314824679624,0.623489801858818,0.9749279121818717,-0.22252093395610367,0.4338837391180551,-0.9009688679021798,-0.9263239682514923,-0.37672789363519166,0.6979441547663537,-0.7161521883143834,0.4004539056511949,0.9163169044870361,-0.9996684675143138,0.025747913654960174,-0.604701876669482,0.7964519071183185,-0.9632319258228703,0.2686712807048131,-0.9296339319682667,-0.3684843993077861,-0.5175855102531882,-0.855631485848871,0.10516999849234286,-0.994454258081849,0.6851112019949241,-0.72843849493356,0.9861462483415964,-0.1658781989346233,0.885724918383563,0.46421047915189356,0.4247283525160098,0.9053208417843014,-0.209173505646344,0.9778785428342412
2023-08-14,10.0,3040.34,0.0,0,0,Lazada,0.0,0,2235.0,3945.08,15236.0,4680.91,1979.95,6056.53714285714,9218.289999999999,1.2214095293830554,0.360331096196868,0.0,0.9749279121818303,-0.2225209339562852,-0.43388373911750416,-0.9009688679024451,-0.7818314824681567,0.6234898018585744,-0.9837979515735155,-0.1792807588107406,0.35275208654910417,-0.9357168190404901,0.8573146280763246,0.5147928015098436,-0.6601521206712468,0.7511319308705067,-0.5909121786151558,0.8067358905889153,-0.9534201253498678,0.3016455943285804,-0.9474042892438834,-0.3200392362231421,-0.5751899607119809,-0.818019870844315,0.019351518818319504,-0.9998127418269004,0.6064130902482825,-0.7951497745554157,0.9590788900341151,-0.2831389812281767,0.9410336347451226,0.3383130181922997,0.5592523247663497,0.8289974892865679,-0.038695790176517766,0.9992510374388485
2023-08-15,10.0,3100.0,0.0,0,1,Lazada,0.0,0,16957.0,13300.0,2959.59,1592.5,5424.68,8543.28857142857,7944.385714285714,0.7316625951000437,-0.8171846435100548,0.0,0.43388373911761713,-0.9009688679023907,-0.7818314824681115,0.6234898018586311,0.9749279121818927,-0.22252093395601197,-0.9996684675143132,0.025747913654985636,-0.0514787547703407,-0.9986740898848309,0.9970175264485317,-0.07717546212658094,0.10282099713734878,0.9946998756145903,-0.5769476201403175,0.8167811479303523,-0.9424798789477866,0.33426288722884784,-0.9626519747161467,-0.2707418984477712,-0.6300720909843643,-0.7765366444428691,-0.06661003679003585,-0.9977790852682923,0.5212604463582908,-0.8533976488497935,0.9181214482844391,-0.3962991372689122,0.9785481345802008,0.2060183203251818,0.6803978890506097,0.7328428976086717,0.13292420315609854,0.9911262059976601
2023-08-16,20.0,5501.17,0.0,0,0,Lazada,0.0,0,11895.0,5950.0,14846.0,2400.0,2100.0,8548.04857142857,8512.292857142858,0.8165086586874715,-0.5375224884405212,0.0,-0.4338837391174671,-0.900968867902463,0.7818314824679038,0.6234898018588916,-0.9749279121818321,-0.2225209339562775,-0.9732643737003827,0.22968774213179474,-0.4470937929851124,-0.8944870822287964,0.7678804460366017,-0.6405931786981732,0.7998392447397173,0.6002142805483709,-0.5628123335824821,0.8265847065893737,-0.9304241352383132,0.3664845543348818,-0.9753363880767845,-0.22072365096049892,-0.681972149090462,-0.7313781428679261,-0.15207910943934813,-0.9883683242962286,0.4305596169818678,-0.9025621398133357,0.8638670987837376,-0.5037197987363294,0.9975590477788612,0.06982797572987322,0.7852670068439874,0.6191572723971551,0.30062034911406255,0.9537438889442695
2023-08-17,14.0,4272.0,0.0,0,0,Lazada,0.0,0,5501.17,2235.0,10279.0,3665.16,2658.1800000000003,8483.929999999998,7844.805,0.8737846336437188,-0.2234379232054272,0.0,-0.9749279121817932,-0.22252093395644762,0.4338837391178043,-0.9009688679023006,0.7818314824679868,0.6234898018587873,-0.905702263080483,0.4239143907098361,-0.7678804460365652,-0.6405931786982169,0.2546711202412801,-0.9670277247913068,0.9837979515735359,-0.17928075881062877,-0.5485105018003629,0.8361436655352441,-0.917267163119863,0.3982724588294283,-0.985423754291951,-0.1701176783204986,-0.7306444969184842,-0.6827580970759227,-0.23642378142121434,-0.9716500376053582,0.3352760024840323,-0.9421199510456867,0.7971015927871967,-0.6038452208771002,0.9977068927101184,-0.06768276175452981,0.8713510040136423,0.49066019586310183,0.4594423522174478,0.8882075911569878
2023-08-18,10.0,3289.49,0.0,0,0,Lazada,0.0,0,11407.0,16659.0,1571.0,3323.98,4424.75,9970.16714285714,7948.727857142857,0.3193417903510154,-0.7116253177873235,0.0,-0.7818314824679954,0.6234898018587767,-0.9749279121818482,-0.2225209339562068,-0.43388373911739997,-0.9009688679024953,-0.7998392447397173,0.6002142805483709,-0.9601498736716036,-0.27948563485160305,-0.35275208654910417,-0.9357168190404901,0.5366961939915892,-0.8437755598231929,-0.5340463569360725,0.8454551961182266,-0.9030245348792233,0.42958897728661805,-0.9928872135356965,-0.11905873003404742,-0.775858772806979,-0.6309066211876752,-0.31902044831145315,-0.9477478322629704,0.23642378142120815,-0.9716500376053596,0.7187918772884155,-0.6952253139408802,0.9789888737409344,-0.20391367068310287,0.936590583203979,0.3504255690637178,0.6047018766694814,0.7964519071183189
2023-08-19,6.0,1962.5,0.0,0,0,Lazada,0.0,1,6821.0,3100.0,13300.0,12274.0,13843.0,6612.237142857141,7577.762857142857,0.48513958197614543,-0.712285588623369,0.0,1.961415616672848e-14,1.0,3.922831233345696e-14,1.0,-2.8221804466466265e-13,1.0,-0.6601521206712276,0.7511319308705234,-0.9917226741361002,0.12839835514656173,-0.8296770135525963,-0.5582437220268984,-0.25467112024124977,-0.9670277247913148,-0.519424179162785,0.8545165429066116,-0.8877131077605751,0.4603970442021339,-0.9977068927101168,-0.0676827617545518,-0.8174009818249183,-0.5760691233798767,-0.3992584296048815,-0.9168384298170773,0.13505511584034605,-0.9908380875225532,0.6300720909843593,-0.7765366444428731,0.9417589340994624,-0.33628873017668065,0.9794250862518029,0.20180807818481517,0.7321109433803434,0.6811854127788877
2023-08-20,6.0,1850.01,0.0,0,0,Lazada,0.0,1,17055.0,4272.0,2235.0,10085.0,1720.0,8389.141428571427,8436.535714285714,0.9636083548129585,-0.8915268249780123,0.0,0.7818314824680198,0.623489801858746,0.9749279121818307,-0.2225209339562833,0.4338837391174988,-0.9009688679024477,-0.4925480679538826,0.8702852410301449,-0.8573146280763538,0.5147928015097949,-0.9996684675143125,0.025747913655011116,-0.8826787983255081,-0.46997674302739384,-0.5046482954181549,0.8633250245020995,-0.8713510040136427,0.49066019586310117,-0.9998699583618593,-0.01612657327065528,-0.8550745085896876,-0.5185051443911664,-0.47654448379677566,-0.8791503597012655,0.03224895228929914,-0.9994798672690923,0.5322271388474524,-0.8466016020976186,0.8867210630830031,-0.4623048304797915,0.9988298281778685,0.048362943894782046,0.8379085086871785,0.5458107099257292
2023-08-21,8.0,2443.96,0.0,1,0,Lazada,0.0,0,1850.01,11407.0,3040.34,15328.0,45224.0,8043.142857142855,8409.03642857143,0.7708761285293003,0.3210523186361156,0.0,0.974927912181835,-0.22252093395626418,-0.4338837391174653,-0.9009688679024638,-0.7818314824680552,0.6234898018587016,-0.30411483232753583,0.9526353808033768,-0.5794210982045943,0.8150283375167896,-0.7998392447397362,0.6002142805483458,-0.944489228783686,0.3285423819107637,-0.4897230781238972,0.8718780343332749,-0.8539575894446086,0.5203426135057105,-0.9993706508539969,0.03547255575312449,-0.8887010478292885,-0.45848712914009343,-0.5503071945286494,-0.834962269596661,-0.07090046226090943,-0.997483395576683,0.42667408318993755,-0.904405454834294,0.8149159841660867,-0.5795791048257506,0.9943406096530529,-0.10623912647793705,0.9189714882380247,0.3943239833000144
2023-08-22,13.0,4468.36,0.0,0,0,Lazada,0.0,0,18661.0,6821.0,16957.0,15236.0,10223.74,8958.63857142857,8509.437857142857,1.5584560434783747,-0.7605508815176036,0.0,0.43388373911753414,-0.9009688679024307,-0.7818314824679966,0.6234898018587751,0.9749279121817552,-0.22252093395661393,-0.10282099713734877,0.9946998756145903,-0.2045520661261779,0.9788556850953626,-0.3041148323274845,0.9526353808033933,-0.40045390565122363,0.9163169044870235,-0.47465294389193585,0.8801730414269223,-0.835553450495215,0.5494091657094377,-0.9962102997023294,0.08697723131368856,-0.918121448284436,-0.3962991372689194,-0.620001195369273,-0.7846008652433877,-0.17329522734857705,-0.9848699224660102,0.31494162072896414,-0.9491110448902242,0.7277014757264255,-0.6858939875998203,0.966064821553026,-0.2582997494341025,0.9729069486773325,0.23119703548134507
2023-08-23,7.0,2402.5,0.0,0,0,Lazada,0.0,0,14775.0,13917.0,11895.0,38285.0,1682.1,10452.904285714283,8451.320714285714,0.9998858512182152,-0.8373942470389171,0.0,-0.43388373911755007,-0.900968867902423,0.7818314824680187,0.6234898018587475,-0.974927912181767,-0.22252093395656225,0.10282099713734584,0.9946998756145905,0.20455206612617216,0.9788556850953638,0.30411483232750314,0.9526353808033873,0.40045390565121286,0.9163169044870282,-0.4594423522174453,0.888207591156989,-0.8161603698771159,0.5778254499778019,-0.9903973200352559,0.13825031091098083,-0.9431964659565876,-0.33223549871590147,-0.685111201994908,-0.7284384949335753,-0.27384547484055266,-0.9617737030660343,0.1986479428801829,-0.9800709131432641,0.6267266965083254,-0.7792391467859925,0.9146788759587128,-0.40418133786075006,0.998122745686607,0.061245281802184554
2023-08-24,9.0,2642.76,0.0,0,0,Lazada,0.0,0,13765.0,2443.96,11407.0,14846.0,2982.5,9424.259999999998,8733.701428571429,1.4181788881636772,-0.808008717762441,0.0,-0.9749279121818137,-0.2225209339563578,0.43388373911763833,-0.9009688679023805,0.7818314824678048,0.6234898018590157,0.30411483232750597,0.9526353808033864,0.5794210982045432,0.8150283375168259,0.7998392447396797,0.6002142805484211,0.9444892287836447,0.32854238191088214,-0.44409580415922006,0.8959793059709447,-0.7958013007903731,0.6055578334563513,-0.9819471901866469,0.1891552687200364,-0.963807423136729,-0.2665994206792998,-0.7451558219567351,-0.6668903965450262,-0.37148096925727975,-0.9284405686309016,0.07947729992363249,-0.9968366760893426,0.5139010013093215,-0.8578494977869234,0.8414120250581663,-0.5403941192199596,0.9938745231851243,-0.11051439799203515
2023-08-25,11.0,3683.18,0.0,0,0,Lazada,0.0,0,5343.0,4468.36,6821.0,3945.08,4274.49,7550.08857142857,8254.363571428572,0.6804773161103218,-0.3106531910911473,0.0,-0.7818314824680088,0.6234898018587598,-0.9749279121818386,-0.22252093395624886,-0.4338837391175466,-0.9009688679024247,0.49254806795388006,0.8702852410301464,0.8573146280763508,0.5147928015097999,0.999668467514313,0.025747913654991503,0.8826787983255137,-0.46997674302738346,-0.42861784100772654,0.9034858860933441,-0.7745003397565638,0.6325734927397505,-0.9708824104813838,0.23955655912092605,-0.979856770095866,-0.1997015525660656,-0.7996911138678635,-0.6004116274696684,-0.4651624991319016,-0.8852253099642845,-0.04084439154328633,-0.9991655196610113,0.3913578365610297,-0.9202385798054059,0.7480169550331398,-0.6636796177245086,0.9602876863008716,-0.2790117551984483
2023-08-26,12.0,3875.0,0.0,0,0,Lazada,0.0,1,3683.18,14775.0,1962.5,1571.0,12923.0,7437.919999999998,8030.233571428572,0.358405561159327,0.05207999609033509,0.0,-1.947055265903998e-15,1.0,-3.894110531807996e-15,1.0,-1.1952800351932802e-13,1.0,0.6601521206712254,0.7511319308705254,0.9917226741360994,0.12839835514656753,0.8296770135526488,-0.5582437220268204,0.2546711202412611,-0.9670277247913118,-0.41301304294128083,0.9107251102063585,-0.7522826980987228,0.6588404527207674,-0.9572324433233134,0.2893199776186908,-0.991268546778726,-0.13185851571738838,-0.8483138696949852,-0.5294937001354404,-0.5538929381563714,-0.8325879011014405,-0.16057454459498496,-0.9870237158387397,0.2614143985111507,-0.9652266636656145,0.6367278583822032,-0.7710886034432184,0.8983536994820231,-0.43927284303376063
2023-08-27,17.0,4989.29,0.0,0,0,Lazada,0.0,1,14216.0,13765.0,1850.01,1661.68,14696.0,7012.705714285713,7367.412142857143,0.1852854926468394,-0.6490370005627462,0.0,0.7818314824680064,0.6234898018587629,0.9749279121818403,-0.22252093395624126,0.43388373911776196,-0.900968867902321,0.7998392447397156,0.6002142805483732,0.9601498736716053,-0.2794856348515974,0.3527520865490858,-0.9357168190404971,-0.5366961939915793,-0.8437755598231991,-0.3972860276706911,0.9176948361071031,-0.7291746721017938,0.6843276244352857,-0.9410336347451204,0.3383130181923057,-0.997988742315598,-0.06339140486951708,-0.8906645958869701,-0.45466094799696655,-0.6367278583821949,-0.7710886034432253,-0.277979139398772,-0.9605871111248152,0.12652781683869646,-0.9919630595773379,0.5102069876723014,-0.8600516436414479,0.8099008190266098,-0.5865668447329994
2023-08-28,14.0,4300.5,0.0,0,0,Lazada,0.0,0,13037.0,5343.0,18661.0,2235.0,7530.0,7243.9242857142835,8348.292142857143,0.28944615030795423,-0.6701311651453555,0.0,0.9749279121818398,-0.22252093395624317,-0.43388373911742645,-0.9009688679024825,-0.7818314824682374,0.6234898018584732,0.9057022630804576,0.42391439070989023,0.7678804460366419,-0.640593178698125,-0.2546711202411891,-0.9670277247913308,-0.9837979515734929,-0.179280758810864,-0.3814414490727928,0.924393001341555,-0.7052036118889417,0.709004841858496,-0.9223291176290562,0.38640522612098105,-0.9999855506507186,0.005375731557581833,-0.9264301712993516,-0.37646664886315506,-0.7127855825108408,-0.701382002452787,-0.3913578365610198,-0.9202385798054101,-0.010751307763517829,-0.9999422030204417,0.3714809692573161,-0.9284405686308871,0.6975401239895711,-0.7165457245874919
2023-08-29,11.0,3850.0,0.0,0,0,Lazada,0.0,0,11943.0,3875.0,14775.0,16659.0,21305.0,8274.969999999998,7856.445000000001,0.4834542502616909,-0.6776354349828351,0.0,0.43388373911755357,-0.9009688679024214,-0.7818314824680235,0.6234898018587415,0.9749279121818203,-0.2225209339563292,0.973264373700382,0.2296877421317976,0.44709379298511764,-0.8944870822287937,-0.7678804460366142,-0.6405931786981581,-0.7998392447397245,0.6002142805483615,-0.3654839958133111,0.9308176238148564,-0.6803978890506103,0.7328428976086713,-0.9011686968561573,0.43346854534853535,-0.9972495210773449,0.07411742515094674,-0.9553461622632745,-0.295488934223996,-0.7812565682797474,-0.6242100403868496,-0.49906860268852654,-0.8665624788845416,-0.1478271334705352,-0.9890132145779876,0.22386840046374265,-0.9746193817454101,0.5645884386043196,-0.8253725795023339
2023-08-30,4.0,1344.71,0.0,0,0,Lazada,0.0,0,3850.0,5564.0,2402.5,16957.0,16463.0,8271.39857142857,7076.0878571428575,0.328226301252175,-0.6507246753246754,0.0,-0.43388373911753064,-0.9009688679024324,0.7818314824679917,0.6234898018587812,-0.9749279121818032,-0.22252093395640363,0.999668467514313,0.02574791365498857,0.05147875477034656,-0.9986740898848305,-0.9970175264485245,-0.07717546212667473,-0.10282099713736045,0.9946998756145891,-0.3494183899593994,0.9369668023778543,-0.6547868630645532,0.7558135775163621,-0.8776087166898414,0.47937765946069044,-0.9897936029670726,0.142508327916164,-0.9771987776823842,-0.2123265148210516,-0.8414120250581527,-0.5403941192199806,-0.5995514915196447,-0.8003361849976355,-0.28210766268190607,-0.9593827529490782,0.070900462260906,-0.9974833955766832,0.4149704215053845,-0.9098349022078915
2023-08-31,7.0,2282.5,0.0,0,1,Lazada,0.0,0,10123.0,13037.0,2642.76,5501.17,2400.0,9069.172857142856,7414.102857142857,1.6549676733598553,-0.7745233626395337,0.0,-0.9749279121818089,-0.2225209339563788,0.4338837391176772,-0.9009688679023617,0.7818314824681898,0.623489801858533,0.9837979515735211,-0.17928075881070973,-0.3527520865490455,-0.9357168190405123,-0.8573146280763145,0.5147928015098604,0.6601521206711526,0.7511319308705895,-0.3332493855822941,0.9428387173896835,-0.6284008465466205,0.777889694018047,-0.8517119107469199,0.524010325367574,-0.9776530844816647,0.21022475211898137,-0.9918264497025994,-0.12759425406473898,-0.8926116709398633,-0.4508263578163386,-0.6913512362094045,-0.7225188358733134,-0.411053754687031,-0.9116111071930257,-0.08376355348526321,-0.9964856582548097,0.25310271202296303,-0.9674394126593256
2023-09-01,7.0,2110.0,0.0,0,0,Lazada,0.0,0,16130.0,11943.0,3683.18,11407.0,15073.0,9222.744285714283,8158.87,2.2393443993777153,-0.8691878487290763,0.0,-0.7818314824680932,0.6234898018586541,-0.9749279121817783,-0.22252093395651257,-0.4338837391172834,-0.9009688679025514,0.9263239682515041,-0.3767278936351626,-0.6979441547663088,-0.7161521883144272,-0.4004539056512811,0.9163169044869983,0.9996684675143106,0.025747913655085556,-0.3169817673505313,0.9484316312562195,-0.6012710693734877,0.7990451183346673,-0.8235472349556038,0.5672476988027183,-0.960885425557501,0.2769462022689249,-0.9991210282680487,-0.0419186220264562,-0.9343105477678157,-0.35646009640604104,-0.7731383255706007,-0.6342374393978077,-0.5322271388474193,-0.8466016020976395,-0.2364237814211977,-0.9716500376053622,0.08376355348530519,-0.9964856582548062
2023-09-02,9.0,2938.99,0.0,0,0,Lazada,0.0,1,2110.0,3850.0,3875.0,3289.49,3323.98,7818.029999999998,8046.5,2.392276069507288,0.3928862559241706,0.0,-2.3508266698536476e-14,1.0,-4.701653339707295e-14,1.0,4.3162037626006606e-14,1.0,0.8296770135526154,-0.5582437220268699,-0.9263239682514997,-0.3767278936351735,0.204552066126247,0.9788556850953481,0.6979441547663257,-0.7161521883144109,-0.3006203491140599,0.9537438889442704,-0.5734296417196554,0.8192548113970816,-0.7931896839451812,0.6089746507720527,-0.9395699859530646,0.3423568919945353,-0.9990285807311915,0.04406693638342836,-0.9660648215530232,-0.25829974943411294,-0.84372825902927,-0.5367705514607122,-0.6433365204044807,-0.7655835170076842,-0.38342829071164103,-0.9235706501843534,-0.08804825782461628,-0.9961162102355577
2023-09-03,13.0,3474.56,0.0,0,0,Lazada,0.0,1,14852.0,10123.0,4989.29,13917.0,2775.62,9158.498571428569,8747.142142857143,1.1900478084587631,-0.7660544034473471,0.0,0.7818314824679929,0.6234898018587798,0.9749279121818499,-0.22252093395619923,0.43388373911761535,-0.9009688679023916,0.697944154766358,-0.7161521883143793,-0.9996684675143142,0.02574791365494841,0.7338853664321968,0.6792733388972956,-0.05147875477026632,-0.9986740898848346,-0.2841699724797692,0.9587739184713189,-0.5449095160526304,0.8384948534816944,-0.7607200913564139,0.6490800741100355,-0.9138076496466626,0.4061472386305764,-0.9915497906051806,0.1297266848062594,-0.9875365065492283,-0.1573901147866216,-0.9020987014301836,-0.4315297589714719,-0.7422809070869784,-0.6700888411055153,-0.5212604463582695,-0.8533976488498065,-0.25726093431110153,-0.9663419744983549
2023-09-04,13.0,4285.07,0.0,0,0,Lazada,0.0,0,18524.0,16130.0,4300.5,1850.01,10085.0,10528.935714285713,9030.875714285716,0.9429561644802542,-0.7686746922910819,0.0,0.9749279121818447,-0.22252093395622213,-0.4338837391173876,-0.9009688679025012,-0.7818314824681359,0.6234898018586005,0.5366961939916156,-0.843775559823176,-0.9057022630804867,0.4239143907098281,0.9917226741360946,0.12839835514660447,-0.7678804460365539,-0.6405931786982304,-0.26763550537876996,0.9635202313707016,-0.5157444481311342,0.8567424725213008,-0.7262249146041605,0.6874571793269597,-0.8837203473620033,0.4680153284438236,-0.9767399525103034,0.21442729576751673,-0.9984970627014769,-0.05480525318364054,-0.9474042892438848,-0.3200392362231382,-0.8271893372462358,-0.5619233046832398,-0.6466230339778685,-0.7628097088588061,-0.4188794133697542,-0.9080418696596598
2023-09-05,7.0,1950.0,0.0,0,0,Lazada,0.0,0,13987.0,2938.99,3850.0,18661.0,1710.0,10533.51714285714,9175.77357142857,1.2115048507682558,-0.8605848287695718,0.0,0.433883739117573,-0.9009688679024119,-0.7818314824680503,0.6234898018587077,0.9749279121818852,-0.22252093395604444,0.3527520865490831,-0.9357168190404981,-0.660152120671213,0.7511319308705364,0.8826787983255431,-0.4699767430273281,-0.991722674136095,0.1283983551466006,-0.25102184062588107,0.9679814231320737,-0.4859689570525459,0.8739760710575896,-0.6897960046655875,0.7240037789593317,-0.8494504794814771,0.5276683455625215,-0.9547085633518213,0.2975425331993755,-0.9988298281778683,0.04836294389478547,-0.9789888737409321,-0.20391367068311342,-0.8964562582905634,-0.44313223418262265,-0.7565171356105609,-0.6539738706764914,-0.5681328088136747,-0.822936881874597
2023-09-06,13.0,4079.13,0.0,0,0,Lazada,0.0,0,8226.0,14852.0,18886.0,14775.0,970.0,9328.375714285712,9531.58,0.9877823926531623,-0.5041174325309993,0.0,-0.4338837391175112,-0.9009688679024417,0.7818314824679649,0.623489801858815,-0.9749279121817382,-0.22252093395668837,0.15389057670407544,-0.9880878960910751,-0.3041148323275442,0.9526353808033742,0.44709379298515095,-0.894487082228777,-0.5794210982046087,0.8150283375167793,-0.23433389447180475,0.9721561736170157,-0.4556182843969665,0.8901752518033541,-0.651530361506809,0.7586225596664041,-0.8111602420785637,0.5848239578463299,-0.925618512751891,0.37845788253249174,-0.988531261093346,0.1510163760696136,-0.9963950238187234,-0.08483487790576318,-0.9487718864399455,-0.31596187665790826,-0.8483138696949987,-0.5294937001354187,-0.7006152447379098,-0.7135392622980453
2023-09-07,4.0,1312.5,0.0,0,0,Lazada,0.0,0,4079.13,3474.56,10123.0,2402.5,38285.0,7789.394285714284,8473.94642857143,1.0003272770046985,-0.6782402129865928,0.0,-0.9749279121818041,-0.22252093395639985,0.43388373911771605,-0.9009688679023431,0.7818314824680076,0.6234898018587613,-0.051478754770334825,-0.9986740898848311,0.10282099713733707,0.9946998756145915,-0.1538905767040832,-0.9880878960910738,0.2045520661261549,0.9788556850953675,-0.21757660514828095,0.9760432474496963,-0.42472835251601687,0.9053208417842981,-0.6115298757991041,0.7912213413483817,-0.769030859258917,0.6392116531380602,-0.8896848787211034,0.45657509412474045,-0.9677109772087528,0.2520624220102647,-0.9993706508539968,0.03547255575312865,-0.9831469737221504,-0.1828169249850165,-0.9198172790502099,-0.3923470060554409,-0.8124159144868921,-0.5830783668499687
2023-09-08,24.0,7727.5,0.0,0,0,Lazada,0.0,0,20858.0,4285.07,16130.0,13765.0,4084.71,7813.957142857141,9171.44642857143,2.528847711149442,-0.6295186499184965,0.0,-0.7818314824681066,0.6234898018586372,-0.9749279121817688,-0.22252093395655462,-0.43388373911743,-0.9009688679024809,-0.2546711202412194,-0.9670277247913228,0.49254806795384765,0.8702852410301647,-0.6979441547663229,-0.7161521883144135,0.8573146280763124,0.5147928015098637,-0.20075493140682626,0.97964149438243,-0.393335722016051,0.9193949150316809,-0.5699010576127633,0.8217133225960583,-0.7232617254437442,0.6905740195722236,-0.8471733374738767,0.531316606434782,-0.9365905832039828,0.3504255690637077,-0.9878726596350423,0.15526624985999957,-0.998931513884857,-0.04621504698372399,-0.9693168624606862,-0.24581460524015084,-0.900234525457297,-0.43540532745325394
2023-09-09,89.0,23988.29,0.0,1,0,Lazada,0.0,1,72780.0,8226.0,15673.0,3683.18,3945.08,18964.73285714286,14678.482857142857,2.4006827906052632,-0.670399972519923,0.0,-4.506947813116895e-14,1.0,-9.01389562623379e-14,1.0,2.0585207877134124e-13,1.0,-0.44709379298510715,-0.8944870822287989,0.7998392447397104,0.6002142805483803,-0.9837979515735225,-0.17928075881070202,0.9601498736716102,-0.27948563485158046,-0.18387385105132856,0.9829498496360605,-0.36147754848581354,0.9323808137991076,-0.5267547528105528,0.8500173118187025,-0.6740694616546185,0.7386679638813726,-0.7983981991447769,0.6021298162376424,-0.8955013179435025,0.44505886078298684,-0.9620675724981437,0.2728112643340247,-0.9958270335100601,0.09126072172930558,-0.9956284932063304,-0.0934018389309982,-0.9614787218710185,-0.27487936879524594
2023-09-10,41.0,12086.380000000001,0.0,0,0,Lazada,0.0,1,23988.29,4079.13,14852.0,3875.0,1571.0,21216.48857142857,15272.432142857144,2.401820281115419,-0.4961549989599091,0.0,0.7818314824679795,0.6234898018587965,0.9749279121818595,-0.22252093395615719,0.4338837391178785,-0.9009688679022648,-0.6206094818274185,-0.7841198065767138,0.97326437370038,0.22968774213180618,-0.9057022630804784,0.4239143907098459,0.44709379298513346,-0.8944870822287858,-0.16693835946505894,0.9859673342150412,-0.32919153851999294,0.9442631682782295,-0.4822058478963551,0.8760579434344268,-0.6216868902665467,0.78326586193368,-0.7437200839287422,0.6684911643103629,-0.8448805268402697,0.5349550405091145,-0.9223291176290519,0.38640522612099143,-0.9738922359149917,0.2270108209414214,-0.9981227456866077,0.06124528180217086,-0.9943406096530514,-0.1062391264779507
2023-09-11,29.0,8019.67,0.0,0,0,Lazada,0.0,0,23738.0,7727.5,4285.07,4989.29,1661.68,25604.024285714284,16708.990714285716,0.49120632981729634,-0.6621589855927206,0.0,0.9749279121818495,-0.22252093395620112,-0.43388373911734873,-0.90096886790252,-0.7818314824680345,0.6234898018587276,-0.7678804460365979,-0.6405931786981778,0.9837979515735176,-0.17928075881072902,-0.4925480679538237,0.8702852410301782,-0.3527520865490822,-0.9357168190404984,-0.1499534681324472,0.9886930551971381,-0.2965159050905518,0.9550279147901023,-0.436372964104591,0.8997658785476216,-0.5663619330814591,0.8241566360566618,-0.6835432558267271,0.7299100063800997,-0.7852670068439941,0.6191572723971467,-0.8692328164574895,0.4944029842076,-0.9335418911179271,0.3584683215124656,-0.9767399525103072,0.2144272957675,-0.9978501244431214,0.06553723482759469
2023-09-12,18.0,5291.76,0.0,0,0,Lazada,0.0,0,18012.0,72780.0,1950.0,4300.5,2235.0,25680.334285714285,17263.24785714286,-0.05957620874408381,-0.7062091938707529,0.0,0.43388373911749,-0.9009688679024519,-0.7818314824679355,0.6234898018588517,0.974927912181849,-0.22252093395620307,-0.8826787983255469,-0.4699767430273212,0.8296770135526204,-0.5582437220268627,0.10282099713735658,0.9946998756145894,-0.926323968251493,-0.3767278936351898,-0.1329242031560922,0.991126205997661,-0.26348932231872,0.9646623124306358,-0.38937814154520334,0.9210779895789518,-0.5083564379375152,0.8611467540480434,-0.6183126337097863,0.7859322407147245,-0.7172952716008888,0.6967693257736072,-0.8035476485339235,0.5952404359043513,-0.8755389928586336,0.4831474640149626,-0.9319916318560612,0.3624797899887332,-0.9719036673475101,0.23537897398973526
2023-09-13,10.0,2776.06,0.0,0,0,Lazada,0.0,0,14908.0,12086.380000000001,4079.13,3850.0,16659.0,14741.972857142857,17979.230714285713,0.2504206335830315,-0.8137872283337806,0.0,-0.4338837391175942,-0.9009688679024017,0.7818314824680798,0.6234898018586709,-0.9749279121818757,-0.2225209339560864,-0.960149873671602,-0.2794856348516087,0.5366961939915991,-0.8437755598231865,0.6601521206712763,0.7511319308704808,-0.9057022630804701,0.4239143907098636,-0.11585560376947857,0.9932660666081418,-0.23015087970124276,0.9731549581504192,-0.3413465142450355,0.9399375283564135,-0.4479449394078901,0.8940611451454882,-0.5485105018003653,0.8361436655352424,-0.6416887978251119,0.7669651144255276,-0.7262249146041675,0.6874571793269525,-0.8009803309782891,0.5986906625177233,-0.8649482509584363,0.5018610596210289,-0.9172671631198653,0.3982724588294229
2023-09-14,15.0,5029.3099999999995,0.0,0,0,Lazada,0.0,0,2776.06,21138.0,1312.5,1344.71,16957.0,13411.927142857141,17886.154285714285,0.25938651651566247,0.8116719379264135,0.0,-0.9749279121818246,-0.22252093395631004,0.43388373911755,-0.900968867902423,0.7818314824678255,0.6234898018589896,-0.9970175264485269,-0.07717546212664346,0.15389057670405606,-0.988087896091078,0.9732643737003845,0.2296877421317871,-0.30411483232750686,0.9526353808033861,-0.09875272084577562,0.9951120038093985,-0.19654003584493987,0.9804958002511126,-0.2924059769510792,0.9562942772197713,-0.38541335945433336,0.9227440286201395,-0.47465294389194157,0.8801730414269193,-0.5592523247663469,0.8289974892865699,-0.6383844591746777,0.76971766400691,-0.711275751973827,0.7029130847082496,-0.7772136184407463,0.6292368324488341,-0.8355534504952221,0.5494091657094268
2023-09-15,12.0,3565.0,0.0,0,1,Lazada,0.0,0,12508.0,8019.67,7727.5,10123.0,11895.0,9506.399999999998,17555.212142857144,0.4467002917640209,-0.7149824112567956,0.0,-0.7818314824680491,0.6234898018587093,-0.9749279121818097,-0.22252093395637498,-0.4338837391171669,-0.9009688679026076,-0.9917226741361045,0.1283983551465277,-0.25467112024118344,-0.9670277247913323,0.9263239682515108,-0.3767278936351463,0.4925480679537828,0.8702852410302014,-0.08162061540319238,0.9966634713589156,-0.1626965717643934,0.9866761502824083,-0.24268684458260162,0.9701046827361159,-0.3210576541852745,0.9470596510722272,-0.3972860276706971,0.9176948361071006,-0.47086328873606764,0.8822061909330804,-0.5412984521036318,0.8408305333122794,-0.6081214998935477,0.7938439653780974,-0.6708865180801566,0.7415600311898448,-0.7291746721018028,0.6843276244352763
2023-09-16,8.0,2660.0,0.0,0,0,Lazada,0.0,1,16895.0,5291.76,72780.0,16130.0,4272.0,8710.44714285714,17195.390714285713,0.7833867141656413,-0.8425569695176087,0.0,4.7056148157814606e-14,1.0,9.411229631562921e-14,1.0,-8.620523096978826e-14,1.0,-0.9444892287836589,0.3285423819108414,-0.6206094818274339,-0.7841198065767017,0.5366961939915825,-0.8437755598231971,0.973264373700389,0.229687742131768,-0.0644643571073619,0.9979200101524843,-0.1286605437981039,0.991688693325469,-0.19232150523909763,0.981331971670427,-0.2551824131233719,0.9668929289391524,-0.31698176735053746,0.9484316312562175,-0.3774624838618161,0.9260248772451355,-0.4363729641045809,0.8997658785476266,-0.4934681416772357,0.8697638720650656,-0.5485105018003678,0.8361436655352409,-0.6012710693734982,0.7990451183346595
2023-09-17,5.0,1710.0,0.0,0,0,Lazada,0.0,1,12097.0,2776.06,12086.380000000001,2938.99,3289.49,7932.909999999997,11337.441428571428,1.0241979709401465,-0.8586426386707449,0.0,0.781831482468037,0.6234898018587245,0.9749279121818185,-0.22252093395633682,0.4338837391177319,-0.9009688679023354,-0.8573146280763276,0.5147928015098385,-0.8826787983255561,-0.46997674302730386,-0.051478754770317214,-0.998674089884832,0.8296770135525985,-0.5582437220268952,-0.04728902277113511,0.9988812483600596,-0.09447223619871745,0.9955274966507022,-0.14144406768794748,0.9899462489023771,-0.18809941761180604,0.9821499931752274,-0.23433389447181452,0.9721561736170133,-0.2800440484743551,0.9599871514317747,-0.3251276029998963,0.9456701548465732,-0.3694836834473991,0.9292372181881988,-0.4130130429412991,0.9107251102063502,-0.4556182843969844,0.890175251803345
2023-09-18,19.0,6187.78,0.0,0,0,Lazada,0.0,0,18390.0,3565.0,8019.67,3474.56,13917.0,10582.999999999998,10044.699999999999,2.1250454395322866,-0.6635247417074497,0.0,0.974927912181829,-0.22252093395629094,-0.43388373911751477,-0.90096886790244,-0.7818314824679331,0.6234898018588548,-0.7338853664322108,0.6792733388972805,-0.997017526448524,-0.0771754621266806,-0.6206094818274492,-0.7841198065766894,0.15389057670412967,-0.9880878960910666,-0.030099694852259582,0.9995469015357913,-0.060172113453497746,0.9981880167396017,-0.09019000427034796,0.9959245770286597,-0.12012616518235443,0.9927586335250788,-0.14995346813245714,0.9886930551971366,-0.1796448837103186,0.9837315262594293,-0.20917350564636986,0.9778785428342357,-0.23851257519408417,0.9711394088771634,-0.2676355053787688,0.963520231370702,-0.29651590509057096,0.9550279147900963
2023-09-19,11.0,3722.5,0.0,0,0,Lazada,0.0,0,24375.0,2660.0,5291.76,4285.07,1850.01,12026.254285714283,10368.350714285712,2.0100968914451234,-0.8472820512820513,0.0,0.43388373911761186,-0.9009688679023933,-0.7818314824681042,0.6234898018586403,0.974927912181914,-0.22252093395591832,-0.579421098204576,0.8150283375168026,-0.9444892287836711,0.32854238191080626,-0.9601498736715971,-0.27948563485162564,-0.6206094818273755,-0.7841198065767478,-0.012901459949423296,0.9999167727021951,-0.025800772391547936,0.9996671046623469,-0.03869579017653418,0.9992510374388478,-0.05158436686942188,0.9986686402879991,-0.06446435710737546,0.9979200101524835,-0.07733361695683551,0.9970052716452272,-0.09019000427035796,0.9959245770286588,-0.10303137904320571,0.9946781061893618,-0.11585560376949146,0.9932660666081403,-0.12866054379813088,0.9916886933254655
2023-09-20,12.0,3660.7599999999998,0.0,0,0,Lazada,0.0,0,3722.5,12097.0,14908.0,13987.0,2443.96,12178.039999999997,10256.260714285716,1.500906893039342,-0.01658562793821361,0.0,-0.4338837391175748,-0.9009688679024112,0.7818314824680529,0.6234898018587046,-0.9749279121818106,-0.22252093395637115,-0.4004539056512784,0.9163169044869995,-0.7338853664322168,0.679273338897274,-0.944489228783646,0.3285423819108784,-0.9970175264485227,-0.07717546212669818,0.004300592702983659,0.9999907524084426,0.008601105865717773,0.9999630098048061,0.012901459949416804,0.9999167727021953,0.017201575418265832,0.9998520419557735,0.02150137274079922,0.9997688187627484,0.025800772391534957,0.9996671046623472,0.030099694852246603,0.9995469015357917,0.03439806061361866,0.9994082116062595,0.03869579017650406,0.999251037438849,0.04299280405369278,0.9990753819405225
2023-09-21,9.0,2905.74,0.0,0,0,Lazada,0.0,0,13758.0,18390.0,12508.0,4079.13,14775.0,11965.005714285711,10853.86,0.4802665988639929,-0.7887963366768426,0.0,-0.9749279121818198,-0.22252093395633105,0.4338837391175889,-0.9009688679024043,0.781831482467927,0.6234898018588625,-0.2045520661262115,0.9788556850953556,-0.40045390565128647,0.916316904486996,-0.5794210982045672,0.8150283375168088,-0.7338853664322288,0.679273338897261,0.02150137274081281,0.999768818762748,0.042992804053719955,0.9990753819405213,0.06446435710735542,0.9979200101524848,0.08590610426132851,0.9963032375991969,0.1073081316563462,0.9942258118156178,0.12866054379809103,0.9916886933254707,0.14995346813243435,0.98869305519714,0.1711770596101915,0.9852402825012835,0.19232150523908897,0.9813319716704287,0.213377028620896,0.9769699297608485
2023-09-22,5.0,1655.63,0.0,0,0,Lazada,0.0,0,17090.0,24375.0,16895.0,20858.0,9454.0,11310.428571428569,11134.055714285714,0.7235020834606106,-0.903122878876536,0.0,-0.7818314824680626,0.6234898018586924,-0.9749279121818002,-0.22252093395641703,-0.43388373911772316,-0.9009688679023397,-8.817456953860943e-15,1.0,-1.7634913907721887e-14,1.0,5.881275742962919e-14,1.0,-3.5269827815443773e-14,1.0,0.03869579017652769,0.999251037438848,0.07733361695682256,0.9970052716452283,0.1158556037694827,0.9932660666081413,0.15420404756268982,0.9880390233767509,0.19232150523907793,0.9813319716704308,0.23015087970125087,0.9731549581504173,0.26763550537875747,0.9635202313707051,0.30471923310916416,0.9524422234305674,0.34134651424504725,0.9399375283564093,0.3774624838617789,0.9260248772451507
2023-09-23,13.0,3963.9700000000003,0.0,0,0,Lazada,0.0,1,10363.0,3660.7599999999998,12097.0,17770.0,2642.76,9013.447142857141,10595.743571428571,1.5100204042194962,-0.6174881790987166,0.0,2.5494936725182127e-14,1.0,5.098987345036425e-14,1.0,-3.7826254071091773e-13,1.0,0.20455206612619423,0.9788556850953593,0.40045390565125416,0.9163169044870101,0.5794210982045704,0.8150283375168066,0.7338853664321808,0.6792733388973129,0.05587875690537393,0.9984375616565665,0.11158289958600315,0.9937551290534202,0.16693835946505256,0.9859673342150422,0.22177215755648677,0.9750985130399599,0.27591294500294217,0.9611826292540889,0.3291915385199807,0.9442631682782338,0.3814414490727841,0.9243930013415586,0.4324994021339879,0.9016342202654816,0.4822058478963536,0.8760579434344276,0.5304054598463336,0.8477440935596068
2023-09-24,12.0,3871.1,0.0,0,0,Lazada,0.0,1,3963.9700000000003,13661.0,1710.0,72780.0,5343.0,9056.762857142854,10014.812857142857,1.1164250760574015,-0.023428532506552857,0.0,0.7818314824680235,0.6234898018587414,0.9749279121818281,-0.22252093395629477,0.4338837391175853,-0.900968867902406,0.40045390565126227,0.9163169044870066,0.7338853664321928,0.6792733388972999,0.9444892287836847,0.32854238191076734,0.9970175264485281,-0.07717546212662785,0.07304518821104557,0.9973286321364754,0.14570011528534693,0.9893288009584259,0.21757660514828503,0.9760432474496954,0.28829064070951343,0.9575429528116732,0.3574644155648428,0.9339267592294833,0.4247283525160244,0.9053208417842945,0.48972307812388893,0.8718780343332795,0.5521013427459133,0.8337770129585965,0.6115298757990971,0.7912213413483871,0.6676911663366698,0.7444383832097707
2023-09-25,11.0,3630.0,0.0,0,0,Lazada,0.0,0,16321.0,17090.0,6187.78,21138.0,5564.0,10145.242857142855,9949.105714285715,0.9203982877526974,-0.7775871576496538,0.0,0.9749279121818337,-0.22252093395626993,-0.4338837391174759,-0.9009688679024587,-0.7818314824681152,0.6234898018586265,0.5794210982045616,0.8150283375168128,0.9444892287836596,0.32854238191083956,0.960149873671596,-0.2794856348516294,0.6206094818274308,-0.7841198065767041,0.09019000427034503,0.9959245770286599,0.1796448837103128,0.9837315262594303,0.2676355053787671,0.9635202313707024,0.3534446712740878,0.9354554315134164,0.43637296410459847,0.8997658785476179,0.5157444481311292,0.8567424725213038,0.5909121786151511,0.8067358905889187,0.6612634749656388,0.750153728695904,0.7262249146041594,0.687457179326961,0.7852670068440044,0.6191572723971336
2023-09-26,10.0,3384.3900000000003,0.0,0,0,Lazada,0.0,0,3630.0,1655.63,24375.0,23738.0,14216.0,8222.385714285712,9766.407142857144,1.0397499623029463,-0.06766115702479325,0.0,0.4338837391176313,-0.900968867902384,-0.7818314824681311,0.6234898018586066,0.9749279121818778,-0.22252093395607694,0.7338853664321795,0.6792733388973143,0.9970175264485311,-0.07717546212658875,0.6206094818274461,-0.7841198065766919,-0.15389057670394762,-0.9880878960910949,0.10730813165635973,0.9942258118156163,0.2133770286209226,0.9769699297608427,0.3169817673505184,0.9484316312562239,0.4169258813287201,0.9089404873138119,0.5120551783114696,0.8589525565270815,0.6012710693734661,0.7990451183346836,0.6835432558267207,0.7299100063801058,0.7579216274973348,0.65234561895654,0.8235472349555988,0.5672476988027256,0.8796622089871348,0.47559898872881806
2023-09-27,16.0,4890.45,0.0,0,0,Lazada,0.0,0,11716.0,3871.1,13661.0,5291.76,4300.5,10149.355714285713,9603.059285714287,0.7341210044616181,-0.5825836462956641,0.0,-0.43388373911755534,-0.9009688679024205,0.781831482468026,0.6234898018587384,-0.9749279121818468,-0.22252093395621253,0.8573146280763332,0.5147928015098293,0.8826787983255459,-0.4699767430273229,0.05147875477031328,-0.9986740898848322,-0.8296770135526225,-0.5582437220268593,0.12439450483979901,0.9922328391893009,0.24685662543348202,0.9690520143313225,0.36548399581331165,0.9308176238148562,0.47843382025469705,0.8781236129591872,0.5839514998577038,0.8117885474764585,0.6803978890506112,0.7328428976086704,0.7662747586044868,0.6425130304714727,0.8402480696078417,0.5422021592729925,0.9011686968561504,0.43346854534854967,0.9480902797323694,0.3180012916278764
2023-09-28,8.0,3080.0,0.0,0,0,Lazada,0.0,0,4890.45,17752.0,13758.0,14908.0,11943.0,10294.97714285714,8976.591428571428,0.1689813246232321,-0.3702011062376672,0.0,-0.974927912181815,-0.22252093395635206,0.43388373911762773,-0.9009688679023856,0.7818314824677449,0.6234898018590908,0.9444892287836625,0.32854238191083124,0.6206094818274169,-0.784119806576715,-0.5366961939914899,-0.8437755598232559,-0.9732643737003791,0.22968774213181,0.14144406768794104,0.9899462489023781,0.2800440484743426,0.9599871514317783,0.41301304294127816,0.9107251102063596,0.537677376740614,0.8431506618282001,0.6515303615068045,0.7586225596664079,0.752282698098719,0.6588404527207719,0.8379085086871796,0.5458107099257276,0.9066860720977984,0.42180607708266366,0.9572324433233128,0.28931997761869244,0.9885312610933442,0.15101637606962523
2023-09-29,5.0,1670.0,0.0,0,1,Lazada,0.0,0,7119.0,3384.3900000000003,1655.63,12508.0,18886.0,7777.262857142855,7999.824285714286,0.46737864255355516,-0.7654164910802079,0.0,-0.7818314824680761,0.6234898018586755,-0.9749279121817905,-0.22252093395645905,-0.43388373911746003,-0.9009688679024663,0.9917226741360986,0.12839835514657338,0.2546711202412725,-0.9670277247913088,-0.9263239682515122,-0.37672789363514264,-0.4925480679539431,0.8702852410301106,0.15845177496083448,0.9873667175937019,0.31290001787995014,0.9497860700235221,0.45944235221744584,0.8882075911569888,0.5943761565849753,0.8041871576214538,0.7142921172691049,0.6998476771464054,0.8161603698771167,0.5778254499778009,0.8974070536021558,0.44120355862696475,0.9559793438440708,0.29343396896654583,0.9903973200352547,0.13825031091098958,0.9997913581495418,-0.02042645758556143
2023-09-30,7.0,2219.6,0.0,0,1,Lazada,0.0,1,30375.0,11716.0,3963.9700000000003,16895.0,2282.5,9818.635714285712,9430.279285714287,2.3531190754861373,-0.9269267489711934,0.0,-1.0975311242906638e-13,1.0,-2.1950622485813275e-13,1.0,-2.155724995655831e-13,1.0,0.9970175264485283,-0.07717546212662588,-0.15389057670402123,-0.9880878960910835,-0.9732643737004097,0.22968774213168028,0.3041148323274397,0.9526353808034075,0.1754125938042766,0.9844950085880861,0.34538564608759953,0.9384608438697117,0.5046482954181494,0.8633250245021027,0.6482618097757085,0.7614175109533029,0.7717727365467839,0.635898453468074,0.8713510040136363,0.4906601958631125,0.9439086918125077,0.3302065740120877,0.987195787291007,0.1595132519726463,0.9998699583618595,-0.01612657327063936,0.9815381791978466,-0.19126631375382325
2023-10-01,13.0,4122.08,0.0,0,0,Lazada,0.0,1,15498.0,3080.0,17752.0,12097.0,2110.0,9977.371428571427,10136.174285714285,3.2389903436652703,-0.7340250354884501,0.0,0.7818314824680102,0.6234898018587582,0.9749279121818377,-0.22252093395625272,0.43388373911743877,-0.9009688679024767,0.960149873671599,-0.27948563485161904,-0.5366961939916173,-0.843775559823175,-0.6601521206712733,0.7511319308704834,0.9057022630804884,0.4239143907098245,0.19232150523909475,0.9813319716704275,0.37746248386181064,0.9260248772451377,0.5485105018003604,0.8361436655352458,0.6990793005655559,0.7150441465537447,0.8235472349556004,0.5672476988027232,0.9172671631198607,0.3982724588294337,0.9767399525103047,0.2144272957675115,0.9997451236925734,0.022576263041546255,0.9854237542919525,-0.1701176783204899,0.93431054776782,-0.35646009640603005
2023-10-02,7.0,2252.49,0.0,0,0,Lazada,0.0,0,4122.08,9880.0,16321.0,1710.0,2938.99,10126.24,9162.608571428571,2.8587978852151634,-0.45355500135853744,0.0,0.9749279121818386,-0.2225209339562489,-0.43388373911743705,-0.9009688679024774,-0.7818314824682973,0.6234898018583982,0.8826787983255551,-0.46997674302730563,-0.8296770135526006,-0.5582437220268919,-0.10282099713746574,0.9946998756145782,0.9263239682515196,-0.3767278936351245,0.20917350564635714,0.9778785428342384,0.40909256580197817,0.9124928890712268,0.5909121786151534,0.8067358905889169,0.746588114532416,0.6652865452111083,0.8692328164574781,0.49440298420762,0.953420125349866,0.30164559432858595,0.9954253493144538,0.09554252426117765,0.9933900548258926,-0.11478762552213573,0.9474042892438885,-0.320039236223127,0.8595025968555432,-0.5111313784131997
2023-10-03,8.0,2493.05,0.0,0,0,Lazada,0.0,0,11651.0,1670.0,3384.3900000000003,18390.0,14852.0,9684.024285714284,8730.643571428573,3.491847208713533,-0.7860226589992275,0.0,0.4338837391176507,-0.9009688679023745,-0.7818314824681579,0.6234898018585728,0.9749279121818416,-0.22252093395623554,0.7678804460366092,-0.6405931786981642,-0.9837979515735112,-0.17928075881076372,0.49254806795382716,0.8702852410301763,0.3527520865491482,-0.9357168190404735,0.22596360824801723,0.9741357440046724,0.4402384552773252,0.8978808954950732,0.6317404220940752,0.7751800043166746,0.790563396911545,0.6123802049900691,0.9084917035725069,0.41790288888678945,0.9794250862518061,0.20180807818479932,0.9996942666129794,-0.024725964109356176,0.9682507501166745,-0.2499809690726419,0.8867210630829905,-0.4623048304798158,0.7593226149052628,-0.6507143509201515
2023-10-04,5.0,1671.87,0.0,0,0,Lazada,0.0,0,11599.0,2219.6,11716.0,24375.0,18524.0,7119.317142857141,8468.97642857143,1.5682725214351045,-0.8558608500732822,0.0,-0.4338837391175359,-0.9009688679024298,0.781831482467999,0.623489801858772,-0.9749279121817819,-0.22252093395649727,0.62060948182741,-0.7841198065767205,-0.973264373700375,0.2296877421318272,0.9057022630804319,0.42391439070994524,-0.44709379298517204,-0.8944870822287665,0.24268684458259532,0.9701046827361175,0.47086328873605615,0.8822061909330865,0.6708865180801553,0.7415600311898459,0.8307970168121244,0.5565755266413308,0.9410336347451184,0.33831301819231124,0.9950052545447344,0.09982255971657068,0.9894848788166601,-0.14463635294482324,0.9248025743285093,-0.38044736628785053,0.8048257371083481,-0.5935111901961109,0.636727858382204,-0.7710886034432177
2023-10-05,41.0,12352.07,0.0,0,0,Lazada,0.0,0,14685.0,4122.08,3080.0,3660.7599999999998,13987.0,6924.927142857142,8451.149285714286,1.9077580525402795,-0.15886482805583935,0.0,-0.9749279121818102,-0.2225209339563731,0.4338837391176666,-0.9009688679023669,0.7818314824681298,0.623489801858608,0.4470937929851229,-0.894487082228791,-0.7998392447397314,0.6002142805483521,0.9837979515735218,-0.1792807588107059,-0.9601498736715904,-0.2794856348516482,0.2593382659754055,0.9657865518844575,0.5009308193361623,0.8654873276017396,0.7082462315032487,0.705965491763901,0.86709855228121,0.49813662847840207,0.9666180104000958,0.2562218218071218,0.9999947982262414,-0.003225448877106826,0.9649450457625333,-0.26245201210572294,0.8638670987837309,-0.5037197987363409,0.7036774074790243,-0.7105196029692631,0.4953372552325758,-0.8687007560596791
2023-10-06,18.0,5613.07,0.0,0,0,Lazada,0.0,0,21211.0,11651.0,7119.0,13758.0,8226.0,10808.99857142857,9922.797142857144,1.3738850826823317,-0.7353698552637782,0.0,-0.7818314824680895,0.6234898018586587,-0.974927912181781,-0.2225209339565011,-0.4338837391176066,-0.9009688679023958,0.2546711202412365,-0.9670277247913183,-0.49254806795387834,0.8702852410301474,0.6979441547664015,-0.7161521883143369,-0.8573146280763488,0.5147928015098033,0.27591294500295865,0.9611826292540843,0.5304054598463627,0.8477440935595887,0.7437200839287383,0.6684911643103673,0.899296191553023,0.4373400963303371,0.9850556718215001,0.1722362430276885,0.9943406096530527,-0.10623912647793901,0.9264301712993549,-0.3764666488631469,0.7865965660866088,-0.6174672802835429,0.5856957398073495,-0.8105309990194832,0.3393245761753017,-0.940669353175414
2023-10-07,20.0,6385.9,0.0,0,0,Lazada,0.0,1,12845.0,11599.0,30375.0,17090.0,1312.5,11425.28714285714,10613.445000000002,1.0766062646024634,-0.5028493577267419,0.0,-1.3131432386169885e-13,1.0,-2.626286477233977e-13,1.0,-5.288245842024848e-14,1.0,0.051478754770352436,-0.9986740898848302,-0.10282099713737215,0.9946998756145878,0.15389057670407932,-0.9880878960910744,-0.20455206612622395,0.978855685095353,0.2924059769510764,0.9562942772197722,0.559252324766342,0.8289974892865731,0.7772136184407362,0.6292368324488464,0.9272375462179534,0.3744736744868839,0.996210299702329,0.08697723131369442,0.9781028708075105,-0.20812201737948471,0.8744980560685719,-0.485029019680564,0.6944521021088776,-0.7195389342325826,0.45370308603135234,-0.8911529104063046,0.17329522734858863,-0.9848699224660082
2023-10-08,15.0,4862.98,0.0,0,0,Lazada,0.0,1,14759.0,14685.0,15498.0,10363.0,7727.5,12550.14857142857,9795.609285714285,0.17845787507904376,-0.6705074869571109,0.0,0.7818314824680676,0.6234898018586862,0.9749279121817966,-0.22252093395643235,0.4338837391177019,-0.9009688679023499,-0.153890576704058,-0.9880878960910777,0.30411483232751063,0.9526353808033848,-0.4470937929850528,-0.8944870822288261,0.5794210982045512,0.8150283375168202,0.30881248126625455,0.9511229423235353,0.5874372716163834,0.8092697028283584,0.80863765115431,0.5883070194512731,0.9507903724625844,0.30983490383179896,0.9999994220246925,0.001075151282807474,0.9514544127333407,-0.30778970172871895,0.809900819026592,-0.586566844733024,0.5891760872322903,-0.8080046647350798,0.3108569682435228,-0.9504567035349087,0.0021503013227931614,-0.9999976880994381
2023-10-09,9.0,2740.0,0.0,0,0,Lazada,0.0,0,9685.0,5613.07,11651.0,17752.0,23988.29,10021.421428571426,10415.210000000001,0.3720654022424252,-0.7170882808466701,0.0,0.9749279121818181,-0.2225209339563387,-0.43388373911760303,-0.9009688679023975,-0.7818314824681958,0.6234898018585253,-0.3527520865490932,-0.9357168190404943,0.6601521206712292,0.7511319308705222,-0.8826787983254916,-0.469976743027425,0.9917226741361006,0.1283983551465578,0.3251276029999075,0.9456701548465694,0.6149269413476329,0.788584083535069,0.8379085086871773,0.5458107099257311,0.9698431969672926,0.2437297136096895,0.9963950238187241,-0.08483487790575439,0.9146788759587177,-0.40418133786073884,0.7335740047067919,-0.6796095788159844,0.47275920928628784,-0.8811916534074775,0.1605745445949966,-0.9870237158387378,-0.1690581003831254,-0.9856060869814315
2023-10-10,36.0,10862.7,0.0,1,0,Lazada,0.0,0,61554.0,6385.9,11599.0,3630.0,21138.0,16569.411428571428,13997.349285714285,3.208619425070887,-0.8235256847645969,0.0,0.4338837391175677,-0.9009688679024145,-0.781831482468043,0.6234898018587169,0.9749279121818054,-0.22252093395639416,-0.5366961939916007,-0.8437755598231854,0.9057022630804717,0.42391439070986003,-0.9917226741361087,0.12839835514649564,0.7678804460365991,-0.6405931786981762,0.34134651424503604,0.9399375283564134,0.6416887978251129,0.7669651144255268,0.8649482509584319,0.5018610596210366,0.9843058444990329,0.1764709734915228,0.9854237542919544,-0.17011767832047878,0.8681676914867217,-0.49627095367210083,0.6466230339778775,-0.7628097088587984,0.34740282118427956,-0.9377159910299085,0.00645086419811867,-0.9999791929590822,-0.3352760024839945,-0.9421199510457002
2023-10-11,21.0,7182.5,0.0,0,0,Lazada,0.0,0,10862.7,14759.0,1671.87,3384.3900000000003,23738.0,17208.954285714284,13944.756428571429,2.972908287642236,-0.3387923812680089,0.0,-0.4338837391175165,-0.9009688679024391,0.7818314824679722,0.6234898018588058,-0.9749279121817169,-0.22252093395678202,-0.697944154766325,-0.7161521883144114,0.9996684675143117,0.02574791365504049,-0.7338853664322713,0.6792733388972151,0.0514787547704503,-0.9986740898848252,0.3574644155648588,0.9339267592294772,0.6676911663366953,0.7444383832097479,0.8896848787211007,0.45657509412474573,0.9941098647022406,0.10837701279188673,0.9671667297977347,-0.254142709461349,0.812415914486899,-0.5830783668499592,0.5503071945286686,-0.8349622695966483,0.21547731504675105,-0.9765088461966145,-0.14782713347050613,-0.989013214577992,-0.4915967464233374,-0.8708229664552888
2023-10-12,9.0,2911.68,0.0,0,0,Lazada,0.0,0,16030.0,15999.0,12352.07,11716.0,18012.0,17721.885714285712,14434.444285714286,2.8006229075251037,-0.8183605739238927,0.0,-0.9749279121818307,-0.22252093395628328,0.43388373911750056,-0.9009688679024468,0.7818314824679478,0.6234898018588364,-0.8296770135526215,-0.558243722026861,0.9263239682514915,-0.3767278936351935,-0.20455206612624316,0.978855685095349,-0.6979441547663565,-0.7161521883143807,0.37347653741306985,0.927639626149047,0.6929032710826014,0.7210305520038877,0.9120525252759655,0.4100733972568013,0.999208856067975,0.03977011384606199,0.9417589340994665,-0.3362887301766691,0.7480169550331196,-0.6636796177245312,0.4460214029407029,-0.8950222947607546,0.07947729992363348,-0.9968366760893426,-0.29856881736371327,-0.954388108317593,-0.6334058321616861,-0.7738197799123269
2023-10-13,12.0,4000.0,0.0,0,0,Lazada,0.0,0,6950.0,2740.0,5613.07,3080.0,14908.0,15461.554285714285,12741.487857142856,3.096939427505787,-0.4244604316546763,0.0,-0.781831482468032,0.6234898018587307,-0.974927912181822,-0.22252093395632147,-0.43388373911734346,-0.9009688679025225,-0.9263239682514868,-0.3767278936352053,0.6979441547663747,-0.7161521883143629,0.4004539056511805,0.9163169044870423,-0.9996684675143154,0.02574791365490139,0.3893781415452006,0.9210779895789529,0.7172952716008847,0.6967693257736114,0.9319916318560632,0.36247978998872815,0.9995786855478959,-0.029025013321973853,0.9093882203647993,-0.4159483918249272,0.6756562619728756,-0.7372168036994551,0.3352760024840332,-0.9421199510456864,-0.05802556932877758,-0.9983150972033185,-0.44216815196705633,-0.8969321743510142,-0.7565171356105417,-0.6539738706765136
2023-10-14,11.0,3737.43,0.0,0,0,Lazada,0.0,1,13285.0,7182.5,14759.0,1670.0,12508.0,9250.311428571427,13229.632857142857,0.4540751070475976,-0.7186729394053444,0.0,-3.9188697572715304e-14,1.0,-7.837739514543061e-14,1.0,1.0980758272508615e-13,1.0,-0.9837979515735128,-0.17928075881075506,0.35275208654913165,-0.9357168190404798,0.8573146280763165,0.5147928015098571,-0.6601521206712909,0.7511319308704678,0.40516452242075296,0.9142437912130239,0.7408382980859268,0.6716834195431263,0.9494491062150143,0.3139210007430378,0.9952176027737305,-0.0976827678217051,0.8702939222685759,-0.4925327287220393,0.5961040271552002,-0.8029072105849793,0.2196748892188968,-0.9755731356729056,-0.1944312200476405,-0.9809161537413817,-0.5751899607119777,-0.8180198708443173,-0.8572964806502962,-0.514823022275244
2023-10-15,12.0,4080.0,0.0,0,1,Lazada,0.0,1,3737.43,16030.0,4862.98,30375.0,3565.0,8758.15857142857,12442.377857142856,0.29119593652546855,0.09165924177844142,0.0,0.7818314824680541,0.6234898018587031,0.9749279121818063,-0.22252093395639033,0.4338837391175553,-0.9009688679024205,-0.9996684675143128,0.025747913654999354,-0.051478754770368104,-0.9986740898848294,0.9970175264485329,-0.0771754621265653,0.10282099713740338,0.9946998756145846,0.42083100859565714,0.9071390534005037,0.7635044855580874,0.6458025244087239,0.9643784639967448,0.26452632795107406,0.9861462483415937,-0.16587819893463926,0.8247650844733722,-0.565475512673742,0.510206987672312,-0.8600516436414416,0.10089228319741705,-0.9948973551031344,-0.32716032712211013,-0.9449688462364005,-0.6944521021088685,-0.7195389342325915,-0.9327689179559644,-0.3604748891327374
2023-10-16,14.0,4425.4,0.0,0,0,Lazada,0.0,0,12754.0,6950.0,9685.0,15498.0,2660.0,8457.061428571427,12154.664999999999,0.42039367655400744,-0.6530186608122942,0.0,0.9749279121818228,-0.2225209339563177,-0.4338837391175642,-0.9009688679024161,-0.7818314824680944,0.6234898018586525,-0.9732643737003861,0.22968774213178042,-0.4470937929850861,-0.8944870822288095,0.7678804460366117,-0.6405931786981612,0.799839244739682,0.6002142805484179,0.43637296410459153,0.8997658785476214,0.7852670068439949,0.6191572723971457,0.9767399525103053,0.2144272957675086,0.9724075561219973,-0.2332885440754534,0.7731383255706152,-0.63423743939779,0.41887941336973905,-0.9080418696596668,-0.019351518818339106,-0.9998127418269,-0.453703086031341,-0.8911529104063105,-0.7971015927871982,-0.6038452208770984,-0.9807065438204038,-0.19548574093226934
2023-10-17,18.0,5622.5,0.0,0,0,Lazada,0.0,0,17718.0,13285.0,10862.7,11651.0,18764.0,10729.975714285712,9817.122142857144,0.4869561375259658,-0.6826673439440117,0.0,0.4338837391175871,-0.9009688679024052,-0.78183148246807,0.6234898018586832,0.9749279121818704,-0.22252093395610942,-0.9057022630804772,0.4239143907098485,-0.7678804460365828,-0.6405931786981958,0.25467112024129523,-0.9670277247913028,0.983797951573526,-0.17928075881068276,0.4517857898328847,0.8921264484954342,0.8061001043286321,0.5917792002101531,0.9865006565801178,0.16375730385847406,0.9540665500578377,-0.2995947563972631,0.7157953492826594,-0.6983101158835633,0.323093375552349,-0.9463670908660068,-0.13931505795484717,-0.9902481076109348,-0.5716666713027102,-0.8204859638785291,-0.8806828564301455,-0.47370635037968367,-0.9996942666129791,-0.02472596410936891
2023-10-18,12.0,3599.8,0.0,0,0,Lazada,0.0,0,12135.0,4080.0,16030.0,11599.0,6187.78,10834.985714285713,9796.572142857143,0.6415207571267366,-0.7033539348990523,0.0,-0.43388373911749706,-0.9009688679024486,0.7818314824679453,0.6234898018588395,-0.9749279121818543,-0.22252093395618006,-0.7998392447397262,0.6002142805483591,-0.9601498736715954,-0.27948563485163125,-0.3527520865490895,-0.9357168190404956,0.5366961939916388,-0.8437755598231612,0.4670649248774287,0.8842230238742045,0.8259791204413962,0.5637007118984838,0.9936345861898663,0.11265127219562662,0.9312100364121971,-0.36448301481028517,0.6531601223269256,-0.7572198192083166,0.22386840046372689,-0.9746193817454136,-0.25726093431107594,-0.9663419744983617,-0.6788204829862261,-0.7343042638296109,-0.9431964659565816,-0.33223549871591856,-0.989171579484953,0.1467637092037512
2023-10-19,15.0,5102.46,0.0,0,0,Lazada,0.0,0,12181.0,4425.4,6950.0,14685.0,3722.5,10684.52857142857,9570.795,0.6886242084852073,-0.5811132090961333,0.0,-0.974927912181826,-0.2225209339563043,0.4338837391175394,-0.9009688679024281,0.7818314824680492,0.6234898018587092,-0.6601521206712387,0.7511319308705138,-0.9917226741361039,0.12839835514653256,-0.8296770135525875,-0.5582437220269114,-0.2546711202411929,-0.9670277247913298,0.48220584789635257,0.8760579434344281,0.8448805268402666,0.5349550405091195,0.9981227456866076,0.06124528180217257,0.903946192922402,-0.4276462092677728,0.5856957398073471,-0.810530999019485,0.12226061766546903,-0.992498030913945,-0.37148096925727886,-0.928440568630902,-0.7731383255706,-0.6342374393978085,-0.9831469737221503,-0.18281692498501748,-0.9494491062150108,0.31392100074304874
2023-10-20,3.0,991.82,0.0,0,0,Lazada,0.0,0,5102.46,19110.0,4000.0,12352.07,3660.7599999999998,10781.251428571426,9438.827857142856,0.09949949884227847,-0.8056192503223936,0.0,-0.7818314824680455,0.6234898018587138,-0.9749279121818124,-0.22252093395636352,-0.43388373911708034,-0.9009688679026492,-0.4925480679538707,0.8702852410301517,-0.8573146280763397,0.5147928015098184,-0.9996684675143158,0.025747913654881792,-0.8826787983255339,-0.4699767430273454,0.49720407844693776,0.8676336233547726,0.8627819522593744,0.5055762087514627,0.999953184360873,0.00967621240723552,0.87240405680496,-0.48878539428899476,0.5139010013093076,-0.8578494977869318,0.019351518818334693,-0.9998127418269002,-0.4803209445297802,-0.8770928059481619,-0.8528367217694619,-0.5221776766595039,-0.9995786855478955,-0.029025013321983647,-0.8816994317707817,0.4718115217065821
2023-10-21,12.0,3568.2200000000003,0.0,0,0,Lazada,0.0,1,7240.0,12135.0,3737.43,12845.0,2905.74,6837.439999999998,8236.386428571428,0.7925816902826417,-0.5071519337016575,0.0,-6.074990900534777e-14,1.0,-1.2149981801069555e-13,1.0,-1.8224972701604332e-13,1.0,-0.30411483232752273,0.952635380803381,-0.579421098204572,0.8150283375168055,-0.7998392447397457,0.6002142805483333,-0.9444892287836679,0.32854238191081553,0.512055178311463,0.8589525565270854,0.8796622089871274,0.47559898872883166,0.9991210282680496,-0.04191862202643613,0.8367329140344959,-0.5476112038402253,0.43830672301251716,-0.898825465016445,-0.08376355348526515,-0.9964856582548096,-0.582204559832441,-0.813042342384647,-0.9164086366943403,-0.40024393885731835,-0.9920985227917714,0.12546123335271755,-0.7879224882631197,0.6157744331240571
2023-10-22,9.0,2910.3,0.0,0,0,Lazada,0.0,1,3568.2200000000003,3599.8,4080.0,6385.9,17090.0,5613.614285714284,8224.3,0.8667203595665461,-0.18438324991172073,0.0,0.7818314824679697,0.6234898018588089,0.9749279121818665,-0.2225209339561266,0.43388373911781847,-0.9009688679022938,-0.10282099713739166,0.9946998756145858,-0.20455206612626234,0.978855685095345,-0.3041148323276077,0.9526353808033539,-0.40045390565138167,0.9163169044869544,0.5267547528105533,0.8500173118187022,0.8955013179435031,0.44505886078298573,0.9956284932063298,-0.09340183893100357,0.7971015927871955,-0.6038452208771019,0.3594718130884227,-0.9331559438780435,-0.1859870643151508,-0.9825521929686137,-0.6756562619728684,-0.7372168036994617,-0.9626519747161476,-0.27074189844776814,-0.9608854255574981,0.2769462022689348,-0.6708865180801574,0.7415600311898441
2023-10-23,8.0,2549.99,0.0,0,0,Lazada,0.0,0,12029.0,5102.46,4425.4,4862.98,10363.0,5493.399999999999,8088.964285714285,0.9442277655423109,-0.7880131349239339,0.0,0.9749279121818276,-0.22252093395629668,-0.43388373911752537,-0.9009688679024349,-0.7818314824679929,0.6234898018587798,0.1028209971373595,0.9946998756145892,0.20455206612619903,0.9788556850953583,0.3041148323274882,0.952635380803392,0.40045390565126315,0.9163169044870062,0.5412984521036179,0.8408305333122883,0.9102805323268024,0.4139919715004545,0.9894848788166607,-0.1446363529448191,0.7536976643929123,-0.6572212950663336,0.2779791393987805,-0.9605871111248128,-0.2862309683321762,-0.9581606508136434,-0.7593226149052544,-0.6507143509201612,-0.9906923101615616,-0.1361203386226623,-0.9066860720978037,0.4218060770826521,-0.5340463569360723,0.8454551961182267
2023-10-24,10.0,3474.48,0.0,0,0,Lazada,0.0,0,10413.0,6612.0,17718.0,9685.0,3871.1,6474.644285714284,7333.792142857143,0.5951277617266252,-0.6663324690290983,0.0,0.4338837391176065,-0.9009688679023958,-0.7818314824680969,0.6234898018586494,0.9749279121818342,-0.22252093395626804,0.304114832327519,0.9526353808033822,0.5794210982045656,0.81502833751681,0.7998392447396703,0.6002142805484336,0.9444892287836628,0.3285423819108303,0.5556819724760473,0.8313949395234068,0.9239823598019417,0.3824350909302586,0.9807065438204127,-0.1954857409322249,0.706726555577621,-0.7074868024503296,0.19443122004766406,-0.9809161537413771,-0.3834282907116297,-0.9235706501843581,-0.8319919011831922,-0.5547877759698543,-0.9999994220246925,0.0010751512827834658,-0.8307970168121377,0.5565755266413108,-0.38144144907279587,0.9243930013415537
2023-10-25,20.0,6450.63,0.0,0,0,Lazada,0.0,0,4735.0,3568.2200000000003,12135.0,61554.0,16321.0,5668.569999999998,6253.004999999999,0.7575986796844936,0.36232946145723344,0.0,-0.43388373911747763,-0.9009688679024579,0.7818314824679184,0.6234898018588731,-0.9749279121817893,-0.22252093395646477,0.49254806795384254,0.8702852410301676,0.8573146280763064,0.5147928015098738,0.9996684675143126,0.025747913655007178,0.8826787983255947,-0.46997674302723125,0.5699010576127609,0.82171332259606,0.9365905832039807,0.3504255690637132,0.9693168624606884,-0.2458146052401423,0.65641057619794,-0.7544038410927455,0.10944576864891857,-0.9939927684469577,-0.4765444837967748,-0.879150359701266,-0.8926116709398628,-0.45082635781633945,-0.9903973200352565,0.13825031091097695,-0.7350336741329452,0.6780306024735339,-0.21757660514828764,0.9760432474496948
2023-10-26,17.0,5770.0,0.0,0,0,Lazada,0.0,0,19784.0,12029.0,12181.0,7182.5,3384.3900000000003,8490.871428571425,7002.992857142856,0.5304228876625968,-0.7083501819652245,0.0,-0.9749279121818211,-0.2225209339563253,0.43388373911757827,-0.9009688679024094,0.7818314824678672,0.6234898018589375,0.6601521206712357,0.7511319308705163,0.9917226741361029,0.12839835514654033,0.8296770135526575,-0.5582437220268074,0.254671120241208,-0.9670277247913258,0.5839514998577005,0.8117885474764609,0.9480902797323667,0.31800129162788426,0.9553461622632805,-0.2954889342239769,0.6029878670694694,-0.7977503570459946,0.02365112724523639,-0.9997202729664082,-0.5645884386042864,-0.8253725795023565,-0.9403039842383992,-0.3403357419158208,-0.9620675724981439,0.27281126433402375,-0.6216868902665387,0.7832658619336864,-0.047289022771141956,0.9988812483600593
2023-10-27,22.0,7221.47,0.0,0,0,Lazada,0.0,0,18293.0,10413.0,991.82,2911.68,11716.0,9845.729999999998,7487.245714285715,0.4260798178678335,-0.6052331492920789,0.0,-0.781831482468059,0.623489801858697,-0.9749279121818027,-0.22252093395640557,-0.4338837391176366,-0.9009688679023813,0.7998392447397239,0.6002142805483622,0.9601498736715977,-0.27948563485162375,0.3527520865491005,-0.9357168190404915,-0.5366961939916256,-0.8437755598231697,0.5978291414589529,0.8016235510652436,0.9584678386132234,0.2852006352449026,0.9388316432829654,-0.3443764590830895,0.5467112728686001,-0.837321195311808,-0.06231837935431939,-0.9980563208530123,-0.6466230339778917,-0.7628097088587864,-0.9743781260415388,-0.22491613435184904,-0.9155458729775526,0.40221356823679016,-0.4934681416772613,0.869763872065051,0.12439450483978867,0.9922328391893023
2023-10-28,17.0,5436.98,0.0,0,0,Lazada,0.0,1,8602.0,4735.0,7240.0,4000.0,3080.0,10122.3,8074.363571428571,0.44418964886244,-0.3679400139502442,0.0,-8.231112043798025e-14,1.0,-1.646222408759605e-13,1.0,-1.9559685870708702e-14,1.0,0.9057022630804634,0.4239143907098778,0.7678804460366242,-0.6405931786981461,-0.25467112024117394,-0.9670277247913348,-0.9837979515735028,-0.17928075881081001,0.6115298757991046,0.7912213413483813,0.9677109772087531,0.2520624220102635,0.9198172790502218,-0.3923470060554131,0.48784714544231444,-0.8729290708206396,-0.1478271334705231,-0.9890132145779894,-0.721775111106782,-0.6921276536787072,-0.9943406096530516,-0.10623912647794875,-0.851711910746922,0.5240103253675706,-0.35344467127409696,0.9354554315134129,0.2924059769510631,0.9562942772197763
2023-10-29,8.0,2600.82,0.0,0,0,Lazada,0.0,1,8099.0,5770.0,12029.0,3737.43,1670.0,8847.492857142855,8669.182142857142,0.1752000820939145,-0.6788714656130386,0.0,0.7818314824679563,0.6234898018588257,0.974927912181876,-0.22252093395608458,0.43388373911726213,-0.9009688679025617,0.9732643737003787,0.2296877421318119,0.44709379298514396,-0.8944870822287806,-0.7678804460366042,-0.6405931786981702,-0.7998392447397598,0.6002142805483145,0.6250496486104348,0.7805849965070889,0.9758087555546667,0.21862587354394394,0.8983536994820116,-0.43927284303378417,0.42667408318993577,-0.9044054548342949,-0.23224292400906202,-0.9726578145718673,-0.789244767242762,-0.6140787387460328,-0.9999023237537765,0.01397651429355614,-0.7717727365467992,0.6358984534680555,-0.20496611396948788,0.9787690698649232,0.45178578983286904,0.8921264484954421
2023-10-30,17.0,5777.110000000001,0.0,0,0,Lazada,0.0,0,21524.0,7221.47,10413.0,12754.0,2219.6,8856.324285714285,9351.027142857143,0.8865034875079242,-0.7315968221520164,0.0,0.9749279121818325,-0.22252093395627565,-0.4338837391174865,-0.9009688679024536,-0.781831482468175,0.6234898018585514,0.9996684675143135,0.025747913654974853,0.05147875477031916,-0.998674089884832,-0.9970175264485233,-0.07717546212669037,-0.10282099713730586,0.9946998756145947,0.6383844591746649,0.7697176640069205,0.9827515893084888,0.1849305645685412,0.8744980560685739,-0.48502901968056034,0.36348161248289995,-0.9316013725767213,-0.31494162072894233,-0.9491110448902315,-0.8483138696949922,-0.5294937001354292,-0.9909827195236492,0.13398973694097782,-0.677239938190939,0.7357622347736619,-0.051584366869411605,0.9986686402879996,0.5978291414589388,0.8016235510652541
2023-10-31,10.0,3212.2799999999997,0.0,0,1,Lazada,0.0,0,11022.0,5436.98,4735.0,19110.0,4122.08,8995.701428571427,9559.000714285716,0.9402301613582288,-0.7085574305933587,0.0,0.43388373911762596,-0.9009688679023864,-0.7818314824681237,0.6234898018586158,0.9749279121818992,-0.2225209339559833,0.9837979515735186,-0.17928075881072325,-0.35275208654907114,-0.9357168190405025,-0.857314628076381,0.5147928015097495,0.6601521206711938,0.7511319308705532,0.6515303615068013,0.7586225596664106,0.988531261093343,0.15101637606963345,0.8483138696949958,-0.5294937001354234,0.2985688173637226,-0.9543881083175901,-0.3953117887649049,-0.9185469991587208,-0.8983536994820055,-0.4392728430337967,-0.967710977208753,0.25206242201026374,-0.5699010576127665,0.8217133225960561,0.10303137904316477,0.994678106189366,0.7262249146041392,0.6874571793269824
2023-11-01,12.0,4302.68,0.0,1,0,Lazada,0.0,0,3212.2799999999997,8510.0,6450.63,17718.0,2252.49,8677.88714285714,9450.235,0.9079787635399389,0.33944737071488174,0.0,-0.43388373911745826,-0.9009688679024672,0.7818314824678916,0.6234898018589069,-0.9749279121818255,-0.22252093395630618,0.926323968251499,-0.37672789363517534,-0.6979441547663284,-0.7161521883144081,-0.40045390565129546,0.9163169044869921,0.999668467514312,0.02574791365503069,0.6644834655228551,0.7473029667054297,0.9931409302238695,0.11692344809347326,0.8198708615029207,-0.5725484874300679,0.2322429240090687,-0.9726578145718657,-0.4727592092862667,-0.8811916534074888,-0.938831643282968,-0.3443764590830826,-0.9304241352383121,0.36648455433488475,-0.4517857898328813,0.8921264484954359,0.2551824131233762,0.9668929289391512,0.8331829385891648,0.5529974600700478
2023-11-02,10.0,3220.05,0.0,0,0,Lazada,0.0,0,14700.0,21524.0,18293.0,3599.8,11599.0,10448.29571428571,9421.524285714286,0.1601846526629068,-0.7809489795918367,0.0,-0.974927912181791,-0.22252093395645717,0.43388373911782196,-0.900968867902292,0.7818314824679685,0.6234898018588103,0.8296770135526236,-0.5582437220268578,-0.9263239682514887,-0.37672789363520076,0.20455206612612037,0.9788556850953747,0.6979441547663677,-0.7161521883143698,0.6772399381909471,0.7357622347736544,0.9965751408026856,0.08269213223824451,0.7892447672427575,-0.6140787387460386,0.16481784665720564,-0.9863240225317854,-0.5467112728685825,-0.8373211953118196,-0.9693168624606867,-0.24581460524014892,-0.8796622089871409,0.47559898872880685,-0.3251276029999241,0.9456701548465637,0.4012289854474942,0.9159777842484906,0.9155458729775356,0.40221356823682874
2023-11-03,9.0,2887.5,0.0,0,0,Lazada,0.0,0,12230.0,11022.0,8602.0,5102.46,14685.0,8755.28714285714,8702.637142857142,0.4255989232420295,-0.7639002452984465,0.0,-0.7818314824680015,0.623489801858769,-0.9749279121818438,-0.22252093395622594,-0.4338837391173735,-0.9009688679025081,0.6979441547663481,-0.7161521883143889,-0.9996684675143134,0.02574791365497584,0.7338853664321862,0.6792733388973071,-0.05147875477032113,-0.9986740898848319,0.689796004665588,0.7240037789593312,0.9988298281778684,0.048362943894784245,0.756517135610562,-0.65397387067649,0.09661270188120648,-0.9953220513156599,-0.6166212130956263,-0.7872599821917015,-0.9894848788166607,-0.14463635294481889,-0.8161603698771306,0.5778254499777813,-0.1923215052391015,0.9813319716704263,0.5376773767405987,0.8431506618282099,0.9708824104813764,0.23955655912095625
2023-11-04,14.0,4338.73,0.0,0,0,Lazada,0.0,1,2887.5,3212.2799999999997,5436.98,991.82,12352.07,7593.215714285711,8294.458571428571,0.5986200527825775,0.502590476190476,0.0,-1.0387233187061273e-13,1.0,-2.0774466374122545e-13,1.0,-3.116169956118382e-13,1.0,0.5366961939916041,-0.8437755598231833,-0.9057022630804751,0.42391439070985293,0.9917226741360926,0.12839835514662,-0.7678804460365891,-0.6405931786981882,0.7021479494046978,0.7120310787787131,0.9999023237537765,0.013976514293555894,0.7217751111067917,-0.6921276536786971,0.02795029824020882,-0.9996093140964041,-0.6819721490904509,-0.7313781428679366,-0.9991210282680493,-0.04191862202644298,-0.7408382980859266,0.6716834195431265,-0.055878756905370135,0.9984375616565667,0.6612634749656381,0.7501537286959047,0.9975590477788591,0.06982797572990351
2023-11-05,12.0,3994.68,0.0,0,0,Lazada,0.0,1,9950.0,12600.0,8099.0,7240.0,5613.07,8560.89714285714,8318.869285714285,0.3738941103996482,-0.5985246231155779,0.0,0.7818314824679429,0.6234898018588425,0.9749279121818857,-0.22252093395604253,0.43388373911752526,-0.9009688679024349,0.35275208654912343,-0.9357168190404829,-0.6601521206712777,0.7511319308704795,0.8826787983255505,-0.4699767430273143,-0.9917226741361173,0.12839835514642955,0.714292117269102,0.6998476771464084,0.9997913581495419,-0.0204264575855531,0.6851112019949124,-0.7284384949335712,-0.0408443915432883,-0.9991655196610112,-0.7422809070869703,-0.6700888411055244,-0.9981227456866076,0.06124528180217282,-0.6547868630645455,0.7558135775163689,0.08162061540317492,0.9966634713589171,0.7690308592589108,0.6392116531380677,0.9947883056093306,-0.10196189005171058
2023-11-06,5.0,1504.75,0.0,0,0,Lazada,0.0,0,9130.0,12230.0,5777.110000000001,12029.0,14759.0,7787.701428571426,7810.573571428571,0.1942756543128554,-0.8351861993428258,0.0,0.974927912181812,-0.22252093395636546,-0.4338837391176525,-0.9009688679023736,-0.7818314824680737,0.6234898018586786,0.1538905767040619,-0.9880878960910772,-0.30411483232751807,0.9526353808033825,0.447093792985165,-0.89448708222877,-0.579421098204564,0.8150283375168111,0.7262249146041536,0.687457179326967,0.998497062701478,-0.05480525318362048,0.646623033977886,-0.7628097088587911,-0.10944576864891176,-0.9939927684469585,-0.7971015927871828,-0.6038452208771187,-0.9865006565801189,0.1637573038584673,-0.5592523247663359,0.8289974892865772,0.21757660514827426,0.9760432474496977,0.8584015232918801,0.5129783862992472,0.9626519747161589,-0.27074189844772756
2023-11-07,7.0,1935.83,0.0,0,0,Lazada,0.0,0,11577.0,4338.73,3212.2799999999997,10413.0,15999.0,7496.879999999998,7545.047857142857,1.068869943783883,-0.8327865595577438,0.0,0.43388373911754297,-0.9009688679024264,-0.7818314824680088,0.6234898018587598,0.9749279121817618,-0.22252093395658526,-0.05147875477034853,-0.9986740898848304,0.10282099713736437,0.9946998756145886,-0.15389057670406772,-0.9880878960910763,0.20455206612620863,0.9788556850953563,0.7379428103031386,0.6748632518680404,0.9960209693076331,-0.08911918255618774,0.6064130902482753,-0.7951497745554212,-0.17752914918703602,-0.9841155426010337,-0.8460288880917383,-0.5331370560318022,-0.9643784639967448,0.2645263279510743,-0.45561828439695734,0.8901752518033589,0.34941838995939967,0.9369668023778542,0.927237546217952,0.3744736744868875,0.9020987014301768,-0.43152975897148604
2023-11-08,8.0,2458.91,0.0,0,0,Lazada,0.0,0,10604.0,3994.68,12600.0,4735.0,2740.0,7247.037142857141,7903.967142857144,1.4995650410452461,-0.7681148623161071,0.0,-0.43388373911754125,-0.9009688679024273,0.7818314824680064,0.6234898018587629,-0.9749279121817604,-0.22252093395659092,-0.2546711202412052,-0.9670277247913266,0.49254806795382206,0.8702852410301792,-0.6979441547663116,-0.7161521883144244,0.8573146280762822,0.5147928015099141,0.7494423368521941,0.662069621515383,0.9923660086146726,-0.12332763253295519,0.564588438604298,-0.8253725795023487,-0.24477230089725155,-0.9695805901076328,-0.8887010478292946,-0.45848712914008166,-0.9319916318560656,0.36247978998872177,-0.3453856460875926,0.9384608438697143,0.4746529438919204,0.8801730414269306,0.9738922359149953,0.22701082094140612,0.8149159841660714,-0.5795791048257722
2023-11-09,9.0,2608.85,0.0,0,0,Lazada,0.0,0,5397.0,9130.0,3220.05,19784.0,10862.7,6086.784285714283,6515.103571428571,1.344795258371277,-0.5166110802297572,0.0,-0.9749279121818115,-0.22252093395636735,0.433883739117656,-0.900968867902372,0.78183148246807,0.6234898018586832,-0.447093792985094,-0.8944870822288056,0.7998392447396927,0.6002142805484039,-0.9837979515735197,-0.17928075881071745,0.9601498736716266,-0.279485634851524,0.7607200913564097,0.6490800741100404,0.9875365065492304,-0.15739011478660878,0.5212604463582771,-0.8533976488498018,-0.3108569682435,-0.9504567035349162,-0.9248025743285111,-0.3804473662878464,-0.8896848787211038,0.4565750941247396,-0.2301508797012604,0.973154958150415,0.5909121786151503,0.8067358905889193,0.9972495210773431,0.07411742515097068,0.7036774074790048,-0.7105196029692824
2023-11-10,6.0,1912.5,0.0,0,0,Lazada,0.0,0,2608.85,1504.75,12230.0,5770.0,7182.5,5155.191428571426,6471.446428571428,1.4259763762779372,-0.2669183739962052,0.0,-0.7818314824680859,0.6234898018586633,-0.9749279121817837,-0.22252093395648964,-0.43388373911752004,-0.9009688679024375,-0.6206094818274293,-0.7841198065767053,0.9732643737003863,0.22968774213177948,-0.9057022630804851,0.42391439070983167,0.44709379298508434,-0.8944870822288103,0.7717727365467836,0.6358984534680746,0.9815381791978468,-0.19126631375382203,0.4765444837967808,-0.8791503597012628,-0.3754703786876211,-0.926834394446049,-0.9540665500578399,-0.2995947563972561,-0.8379085086871849,0.5458107099257195,-0.11158289958601703,0.9937551290534187,0.69599772212674,0.7180439894563487,0.9967506498213937,-0.08054900421873284,0.5716666713026981,-0.8204859638785376
2023-11-11,63.0,17002.44,0.0,1,0,Lazada,0.0,1,12478.0,1935.83,4338.73,7221.47,2911.68,5342.155714285712,6419.517857142857,1.4297174550745697,0.36259336432120515,0.0,-1.254335433032452e-13,1.0,-2.508670866064904e-13,1.0,-1.4892695446650357e-13,1.0,-0.7678804460365884,-0.640593178698189,0.9837979515735228,-0.1792807588107001,-0.49254806795393635,0.8702852410301145,-0.3527520865490271,-0.9357168190405192,0.7825970017677816,0.6225286602431078,0.9743781260415404,-0.22491613435184238,0.43055961698187883,-0.9025621398133304,-0.438306723012511,-0.898825465016448,-0.9762766110869328,-0.21652708524481126,-0.777213618440745,0.6292368324488355,0.008601105865699643,0.9999630098048062,0.7879224882631113,0.615774433124068,0.9724075561219948,-0.23328854407546343,0.4227806579826715,-0.9062320427107725
2023-11-12,17.0,4857.08,0.0,0,0,Lazada,0.0,1,59900.0,2458.91,3994.68,5436.98,4000.0,14536.814285714283,10891.925714285715,1.1289276501661782,-0.9189135225375626,0.0,0.7818314824679294,0.6234898018588594,0.9749279121818952,-0.22252093395600048,0.43388373911778844,-0.9009688679023082,-0.8826787983255399,-0.46997674302733417,0.8296770135526368,-0.5582437220268383,0.10282099713734098,0.9946998756145911,-0.9263239682514709,-0.37672789363524434,0.7931896839451837,0.6089746507720494,0.966064821553021,-0.258299749434121,0.38342829071164264,-0.9235706501843528,-0.4990686026885282,-0.8665624788845406,-0.9912685467787259,-0.13185851571738932,-0.7082462315032536,0.7059654917638961,0.12866054379809005,0.9916886933254708,0.8649482509584299,0.5018610596210399,0.9248025743285098,-0.38044736628784964,0.2614143985111526,-0.9652266636656139
2023-11-13,17.0,4283.41,0.0,0,0,Lazada,0.0,0,22008.0,2608.85,9130.0,8099.0,13285.0,17252.409999999996,11669.597142857145,1.4214252583008478,-0.8053703198836787,0.0,0.9749279121818674,-0.22252093395612277,-0.43388373911720396,-0.9009688679025897,-0.7818314824682557,0.6234898018584503,-0.9601498736715979,-0.2794856348516228,0.5366961939916239,-0.8437755598231708,0.6601521206711791,0.7511319308705662,-0.9057022630804951,0.42391439070981035,0.8035476485339095,0.5952404359043703,0.956608105166512,-0.2913776469287505,0.3352760024840238,-0.9421199510456898,-0.5574684374327779,-0.8301981337405289,-0.9989315138848577,-0.04621504698370783,-0.6317404220940861,0.7751800043166658,0.24685662543347134,0.9690520143313252,0.925618512751882,0.378457882532514,0.8550745085897,-0.5185051443911458,0.09233133369539019,-0.9957283388645873
2023-11-14,21.0,4837.9,0.0,0,0,Lazada,0.0,0,8176.0,17002.44,1935.83,5777.110000000001,12754.0,18564.847142857143,11953.50142857143,0.8174116063670483,-0.4082803326810177,0.0,0.4338837391175624,-0.900968867902417,-0.7818314824680357,0.6234898018587262,0.9749279121818267,-0.22252093395630052,-0.9970175264485257,-0.07717546212665811,0.15389057670408512,-0.9880878960910735,0.9732643737003809,0.22968774213180235,-0.30411483232756287,0.9526353808033682,0.8136678304455996,0.5813300798152036,0.9460191696320079,-0.32411067660409804,0.2862309683321828,-0.9581606508136414,-0.6132298262997542,-0.7899045386224676,-0.9992088560679753,0.03977011384605514,-0.5485105018003661,0.836143665535242,0.36147754848580055,0.9323808137991128,0.9687860460256865,0.24789836027274667,0.7648913904341198,-0.6441592666722717,-0.07947729992361979,-0.9968366760893437
2023-11-15,8.0,2729.05,0.0,0,1,Lazada,0.0,0,15545.0,4857.08,2458.91,3212.2799999999997,19110.0,10490.62714285714,12513.720714285713,0.7866428677243434,-0.8244419427468639,0.0,-0.4338837391175218,-0.9009688679024366,0.7818314824679795,0.6234898018587965,-0.9749279121817968,-0.2225209339564323,-0.9917226741361027,0.1283983551465413,-0.25467112024120997,-0.9670277247913253,0.9263239682515166,-0.37672789363513176,0.4925480679538306,0.8702852410301744,0.8235472349556001,0.5672476988027237,0.9343105477678204,-0.3564600964060289,0.23642378142122006,-0.9716500376053567,-0.6660888558609739,-0.7458723993404092,-0.9920985227917692,0.12546123335273457,-0.4594423522174582,0.8882075911569823,0.47086328873604644,0.8822061909330916,0.9936345861898651,0.11265127219563757,0.6564105761979429,-0.7544038410927429,-0.24893980855376285,-0.9685189578512213
2023-11-16,10.0,3091.48,0.0,0,0,Lazada,0.0,0,17826.0,4283.41,2608.85,12600.0,5622.5,9589.194285714284,13420.802142857141,1.0694459452094565,-0.826574666217884,0.0,-0.9749279121818067,-0.22252093395638836,0.43388373911769484,-0.9009688679023533,0.7818314824681715,0.623489801858556,-0.9444892287836638,0.3285423819108275,-0.6206094818274108,-0.7841198065767199,0.5366961939915958,-0.8437755598231886,0.9732643737003754,0.22968774213182525,0.8331829385891784,0.5529974600700273,0.9214960976269942,-0.38838761831219726,0.18598706431515755,-0.9825521929686125,-0.7157953492826645,-0.698310115883558,-0.9776530844816648,0.2102247521189804,-0.3654839958133048,0.9308176238148589,0.573429641719644,0.8192548113970896,0.9996942666129788,-0.02472596410938361,0.5322271388474541,-0.8466016020976176,-0.41105375468702915,-0.9116111071930265
2023-11-17,3.0,1031.1,0.0,0,0,Lazada,0.0,0,12454.0,8176.0,12478.0,3220.05,3599.8,9237.061428571425,14208.240000000002,1.113871613956912,-0.9172073229484503,0.0,-0.7818314824679575,0.6234898018588242,-0.9749279121818752,-0.22252093395608832,-0.4338837391172569,-0.9009688679025641,-0.8573146280763352,0.514792801509826,-0.8826787983255422,-0.46997674302732984,-0.05147875477030155,-0.9986740898848329,0.8296770135526312,-0.5582437220268464,0.8425720899866036,0.5385835804920225,0.907590986095263,-0.4198554536487864,0.13505511584035113,-0.9908380875225524,-0.762114050389152,-0.6474427960827436,-0.9559793438440779,0.2934339689665229,-0.2676355053787806,0.9635202313706986,0.6676911663366925,0.7444383832097504,0.9868505034357951,-0.1616356516011178,0.39531178876491485,-0.9185469991587166,-0.5610336262283602,-0.8277930117131074
2023-11-18,13.0,3850.34,0.0,0,0,Lazada,0.0,1,1031.1,4837.9,17002.44,12230.0,12181.0,8216.361428571427,13390.604285714286,1.5627982597065824,2.7342061875666768,0.0,8.037892070735438e-14,1.0,1.6075784141470876e-13,1.0,1.3763086678831071e-14,1.0,-0.7338853664322015,0.6792733388972906,-0.9970175264485261,-0.07717546212665323,-0.6206094818274369,-0.7841198065766992,0.15389057670407544,-0.9880878960910751,0.8517119107469184,0.5240103253675764,0.8926116709398658,-0.45082635781633335,0.0837635534852649,-0.9964856582548096,-0.8048257371083424,-0.5935111901961188,-0.927237546217956,0.3744736744868775,-0.1669383594650523,0.9859673342150423,0.7522826980987183,0.6588404527207726,0.9553461622632816,-0.2954889342239731,0.24893980855377706,-0.9685189578512177,-0.6944521021088679,-0.7195389342325922
2023-11-19,38.0,11860.0,0.0,0,0,Lazada,0.0,1,13913.0,2729.05,4857.08,4338.73,991.82,7842.13857142857,9166.382857142857,1.7166780063957905,-0.14755983612448786,0.0,0.7818314824680578,0.6234898018586985,0.9749279121818036,-0.2225209339564018,0.43388373911764183,-0.9009688679023788,-0.5794210982045648,0.8150283375168106,-0.9444892287836621,0.3285423819108322,-0.9601498736715927,-0.2794856348516407,-0.6206094818274185,-0.7841198065767138,0.860599696250118,0.5092820071573357,0.8765758813305071,-0.48126367437159095,0.03224895228930428,-0.9994798672690922,-0.8437282590292711,-0.5367705514607105,-0.8916401947968907,0.45274469960736463,-0.06446435710736226,0.9979200101524843,0.825979120441394,0.563700711898487,0.9057769657642541,-0.42375475016912934,0.09661270188122452,-0.9953220513156581,-0.8073707443023407,-0.5900444739548744
2023-11-20,17.0,5380.5,0.0,0,0,Lazada,0.0,0,14508.0,12454.0,13727.0,11983.0,3568.2200000000003,8871.205714285712,9145.062142857143,0.752658176016706,-0.6291356492969395,0.0,0.9749279121818215,-0.2225209339563234,-0.4338837391175748,-0.900968867902411,-0.7818314824678707,0.623489801858933,-0.40045390565129185,0.9163169044869937,-0.7338853664322368,0.6792733388972525,-0.9444892287836512,0.32854238191086366,-0.9970175264485182,-0.0771754621267568,0.8692328164574779,0.4944029842076205,0.8595025968555439,-0.5111313784131986,-0.019351518818327838,-0.9998127418269003,-0.8786374941609958,-0.47748942800284716,-0.8494504794814851,0.5276683455625086,0.03869579017653442,0.9992510374388478,0.8877131077605719,0.46039704420213995,0.8390802290175776,-0.5440076922910277,-0.0580255693287766,-0.9983150972033186,-0.8964562582905499,-0.4431322341826499
2023-11-21,15.0,4716.26,0.0,0,0,Lazada,0.0,0,8939.0,3850.34,4837.9,1504.75,12029.0,8990.405714285711,8603.38357142857,0.5200832865966292,-0.4723951224969236,0.0,0.4338837391175818,-0.9009688679024077,-0.7818314824680626,0.6234898018586924,0.9749279121818918,-0.2225209339560158,-0.20455206612619806,0.9788556850953585,-0.4004539056512613,0.916316904487007,-0.57942109820458,0.8150283375167998,-0.7338853664321915,0.6792733388973013,0.8776087166898383,0.47937765946069616,0.8414120250581597,-0.5403941192199697,-0.07090046226091139,-0.9974833955766829,-0.9093882203647905,-0.4159483918249464,-0.8009803309782965,0.5986906625177135,0.14144406768794068,0.9899462489023781,0.9365905832039794,0.35042556906371686,0.7565171356105692,-0.6539738706764817,-0.21127575558216521,-0.9774264960104085,-0.9590788900341074,-0.2831389812282026
2023-11-22,12.0,3780.9,0.0,0,0,Lazada,0.0,0,4716.26,13913.0,15545.0,11577.0,2549.99,9114.10857142857,8594.695000000002,0.11840132026422556,-0.19832664017675028,0.0,-0.4338837391175024,-0.900968867902446,0.7818314824679526,0.6234898018588303,-0.9749279121817317,-0.22252093395671704,4.90353904168212e-15,1.0,9.80707808336424e-15,1.0,-7.055451116616566e-14,1.0,1.961415616672848e-14,1.0,0.8857249183835636,0.4642104791518924,0.8223255775192096,-0.569017262091141,-0.12226061766546223,-0.9924980309139457,-0.935834897334994,-0.35243871088460355,-0.7465881145324206,0.6652865452111032,0.24268684458258805,0.9701046827361194,0.9719036673475071,0.23537897398974764,0.6596488896351411,-0.7515739101399976,-0.3594718130884259,-0.9331559438780421,-0.993390054825891,-0.11478762552214936
2023-11-23,3.0,1015.0,0.0,0,0,Lazada,0.0,0,13809.0,4482.0,17826.0,10604.0,3474.48,7945.0942857142845,8545.827142857142,0.47489541930712625,-0.9264972119632124,0.0,-0.974927912181802,-0.2225209339564094,0.4338837391177337,-0.9009688679023345,0.7818314824679893,0.6234898018587843,0.20455206612617985,0.9788556850953622,0.40045390565122724,0.9163169044870219,0.5794210982045576,0.8150283375168157,0.7338853664321409,0.679273338897356,0.893579019823994,0.44890593149388225,0.8022658445149606,-0.5969669293392198,-0.17329522734857197,-0.9848699224660111,-0.957852355427664,-0.28726097055060595,-0.6866759803451643,0.7269636153322995,0.3413465142450357,0.9399375283564135,0.9931409302238691,0.11692344809347714,0.5503071945286695,-0.8349622695966478,-0.4990686026885248,-0.8665624788845426,-0.9983769064671434,0.05695219603401486
2023-11-24,9.0,2927.82,0.0,1,0,Lazada,0.0,0,10686.0,8939.0,1031.1,2608.85,19784.0,8315.88,8088.292857142857,2.0097877397420927,-0.7260134755755194,0.0,-0.7818314824681127,0.6234898018586296,-0.9749279121817644,-0.2225209339565737,-0.4338837391174035,-0.9009688679024935,0.4004539056512488,0.9163169044870125,0.7338853664321728,0.6792733388973216,0.9444892287836422,0.3285423819108895,0.9970175264485326,-0.07717546212656921,0.9011686968561561,0.43346854534853796,0.7812565682797511,-0.6242100403868449,-0.22386840046372714,-0.9746193817454136,-0.9753363880767827,-0.2207236509605068,-0.6216868902665587,0.7832658619336705,0.4363729641045848,0.8997658785476246,0.9999947982262414,-0.0032254488771058464,0.4305596169818824,-0.9025621398133288,-0.6267266965083154,-0.7792391467860005,-0.9738922359149986,0.2270108209413918
2023-11-25,19.0,6342.0,0.0,0,0,Lazada,0.0,1,9781.0,3780.9,13913.0,12478.0,18293.0,8180.6742857142835,8647.391428571429,2.3897638194316246,-0.3516000408956139,0.0,5.881770927472191e-14,1.0,1.1763541854944381e-13,1.0,1.764531278241657e-13,1.0,0.5794210982045728,0.8150283375168049,0.9444892287836686,0.32854238191081364,0.9601498736716003,-0.2794856348516143,0.6206094818273877,-0.7841198065767382,0.9084917035725081,0.4179028888867867,0.759322614905259,-0.650714350920156,-0.27384547484055455,-0.9617737030660337,-0.9882042449941422,-0.15314166701312032,-0.5521013427459333,0.8337770129585832,0.5267547528105531,0.8500173118187024,0.9923660086146722,-0.12332763253295835,0.3026704908556898,-0.9530952596488852,-0.739392263595923,-0.6732748922501841,-0.9206588168102545,0.39036821467627497
2023-11-26,14.0,4269.3099999999995,0.0,0,0,Lazada,0.0,1,6342.0,13809.0,11860.0,17002.44,7221.47,8546.545714285712,8106.605714285714,1.9641745877162318,-0.3268196152633239,0.0,0.7818314824680443,0.6234898018587154,0.9749279121818133,-0.22252093395635975,0.43388373911790495,-0.9009688679022521,0.7338853664321888,0.6792733388973042,0.997017526448529,-0.07717546212661612,0.6206094818274585,-0.7841198065766822,-0.15389057670400186,-0.9880878960910865,0.9155458729775456,0.4022135682368062,0.7364899449095607,-0.6764484910524321,-0.3230933755523425,-0.946367090866009,-0.9963950238187222,-0.08483487790577539,-0.47843382025471554,0.8781236129591771,0.6115298757990987,0.791221341348386,0.9703650471118364,-0.2416436950214998,0.16905810038316693,-0.9856060869814244,-0.834370123522947,-0.5512045872199379,-0.8402480696078646,0.5422021592729571
2023-11-27,15.0,4838.84,0.0,0,0,Lazada,0.0,0,11741.0,15265.0,14508.0,4857.08,5436.98,8716.018571428569,8082.913571428572,0.2569336301472816,-0.5878681543309769,0.0,0.9749279121818264,-0.2225209339563024,-0.43388373911753597,-0.9009688679024298,-0.7818314824680528,0.6234898018587047,0.8573146280763256,0.514792801509842,0.8826787983255597,-0.469976743027297,0.05147875477032894,-0.9986740898848314,-0.8296770135525897,-0.5582437220269082,0.9223291176290538,0.38640522612098704,0.71278558251085,-0.7013820024527777,-0.3714809692572882,-0.9284405686308983,-0.9998699583618591,-0.016126573270663365,-0.40122898544751706,0.9159777842484806,0.6897960046655877,0.7240037789593314,0.9343105477678193,-0.3564600964060319,0.0322489522893153,-0.9994798672690919,-0.9093882203647831,-0.4159483918249629,-0.7350336741329652,0.6780306024735122
2023-11-28,11.0,3526.13,0.0,0,0,Lazada,0.0,0,11780.0,2927.82,8939.0,4283.41,8099.0,7382.852857142855,7849.3664285714285,0.5083308307780603,-0.7006680814940578,0.0,0.43388373911760125,-0.9009688679023984,-0.7818314824680895,0.6234898018586587,0.9749279121818556,-0.2225209339561744,0.944489228783667,0.32854238191081825,0.6206094818273955,-0.7841198065767321,-0.5366961939915726,-0.8437755598232033,-0.9732643737003664,0.22968774213186344,0.9288394302558068,0.3704825404820964,0.6882375836422285,-0.7254853743958636,-0.4188794133697393,-0.9080418696596667,-0.9986126020839734,0.05265805692461284,-0.32105765418528887,0.9470596510722223,0.760720091356405,0.6490800741100462,0.8847246782682605,-0.4661139814070406,-0.10516999849234725,-0.9944542580818485,-0.9626519747161473,-0.2707418984477691,-0.6081214998935718,0.7938439653780789
2023-11-29,22.0,6987.71,0.0,0,0,Lazada,0.0,0,11580.0,6342.0,3780.9,8176.0,21524.0,7725.325714285712,7953.0,0.4938125472965234,-0.3965708117443869,0.0,-0.43388373911748296,-0.9009688679024553,0.7818314824679258,0.6234898018588639,-0.9749279121818691,-0.22252093395611508,0.9917226741361004,0.12839835514655976,0.25467112024124594,-0.9670277247913158,-0.9263239682515063,-0.3767278936351572,-0.4925480679538954,0.8702852410301377,0.9350748843515577,0.3544502230989861,0.6628750027453365,-0.748730078690158,-0.4651624991319034,-0.8852253099642836,-0.9926289059345089,0.12119346147074013,-0.23851257519406846,0.9711394088771672,0.8235472349555999,0.567247698802724,0.8223255775192079,-0.5690172620911436,-0.2406002661322337,-0.9706242897934805,-0.9928872135356942,-0.11905873003406639,-0.4632579225674771,0.8862235029485876
2023-11-30,22.0,6944.3,0.0,0,1,Lazada,0.0,0,18074.0,11741.0,1015.0,15545.0,11022.0,9789.66857142857,8486.700714285715,0.42916720880937753,-0.6157851056766626,0.0,-0.9749279121817971,-0.2225209339564304,0.43388373911777256,-0.9009688679023159,0.7818314824678072,0.6234898018590126,0.9970175264485271,-0.07717546212663956,-0.15389057670404835,-0.9880878960910793,-0.9732643737003872,0.22968774213177567,0.3041148323274919,0.9526353808033908,0.9410336347451194,0.33831301819230847,0.6367278583821995,-0.7710886034432215,-0.510206987672306,-0.8600516436414452,-0.981947190186647,0.18915526872003544,-0.15420404756268255,0.988039023376752,0.8776087166898348,0.4793776594607027,0.7480169550331203,-0.6636796177245305,-0.3714809692572779,-0.9284405686309024,-0.9993706508539979,0.035472555753098295,-0.30471923310915017,0.9524422234305718
2023-12-01,8.0,2596.7,0.0,0,0,Lazada,0.0,0,16029.0,3526.13,2927.82,3091.48,12600.0,9020.162857142856,8201.507857142857,0.17003984287716598,-0.8379998752261526,0.0,-0.7818314824681262,0.6234898018586127,-0.9749279121817548,-0.22252093395661576,-0.43388373911755007,-0.900968867902423,0.960149873671611,-0.2794856348515776,-0.5366961939915446,-0.8437755598232212,-0.6601521206711997,0.7511319308705481,0.9057022630804152,0.42391439070998077,0.9467139181463858,0.3220757010206113,0.6098270977059337,-0.7925344856241636,-0.553892938156379,-0.8325879011014354,-0.9666180104000974,0.25622182180711517,-0.06875540848113378,0.9976335468520455,0.9223291176290536,0.3864052261209874,0.6628750027453554,-0.7487300786901412,-0.4953372552325639,-0.8687007560596859,-0.9819471901866424,0.1891552687200595,-0.1371854040565894,0.9905453876091849
2023-12-02,85.0,28651.19,0.0,0,0,Lazada,0.0,1,36990.0,6987.71,6342.0,1031.1,3220.05,12517.387142857142,10121.356428571427,2.0253875580780805,-0.22543417139767508,0.0,3.7256497842089424e-14,1.0,7.451299568417885e-14,1.0,-1.156041819169638e-13,1.0,0.8826787983255486,-0.46997674302731773,-0.8296770135526159,-0.5582437220268691,-0.10282099713736825,0.9946998756145883,0.926323968251499,-0.37672789363517534,0.9521140536681104,0.3057430764672824,0.5822045598324466,-0.813042342384643,-0.5961040271552004,-0.8029072105849792,-0.9467139181463848,0.32207570102061434,0.017201575418264854,0.9998520419557735,0.9572324433233093,0.2893199776187042,0.5681328088136852,-0.8229368818745898,-0.6098270977059388,-0.7925344856241597,-0.9410336347451268,0.3383130181922877,0.0343980606136167,0.9994082116062595
2023-12-03,42.0,13784.94,0.0,0,0,Lazada,0.0,1,23932.0,6944.3,11741.0,13913.0,2887.5,16449.02714285714,13119.347857142857,1.7654769845557106,-0.42399548721377234,0.0,0.7818314824680308,0.6234898018587322,0.9749279121818228,-0.2225209339563177,0.4338837391177584,-0.9009688679023227,0.7678804460366004,-0.6405931786981748,-0.9837979515735161,-0.17928075881073674,0.4925480679538135,0.870285241030184,0.3527520865490968,-0.9357168190404929,0.9572324433233115,0.28931997761869704,0.5538929381563823,-0.8325879011014333,-0.636727858382191,-0.7710886034432285,-0.9223291176290567,0.38640522612098016,0.10303137904318184,0.9946781061893643,0.9819471901866429,0.18915526872005708,0.46516249913192287,-0.8852253099642734,-0.7127855825108395,-0.7013820024527884,-0.877608716689854,0.47937765946066746,0.20496611396950132,0.9787690698649204
2023-12-04,9.0,2837.51,0.0,0,0,Lazada,0.0,0,13784.94,0.0,4838.84,11860.0,4338.73,17426.261428571426,13265.343571428572,1.7997838682514926,-0.7941586978253079,0.0,0.9749279121818312,-0.2225209339562814,-0.4338837391174971,-0.9009688679024486,-0.7818314824679514,0.6234898018588318,0.6206094818274439,-0.7841198065766938,-0.9732643737003949,0.22968774213174323,0.9057022630804734,0.4239143907098565,-0.4470937929850177,-0.8944870822288437,0.962067572498145,0.2728112643340201,0.524925741655961,-0.8511480281049468,-0.6756562619728705,-0.7372168036994597,-0.8935790198239958,0.44890593149387875,0.1880994176117993,0.9821499931752288,0.9962102997023289,0.0869772313136954,0.355455365196952,-0.9346932562893034,-0.802265844514956,-0.596966929339226,-0.7931896839451755,0.60897465077206,0.3694836834473864,0.9292372181882038
2023-12-05,13.0,4089.88,0.0,0,0,Lazada,0.0,0,20866.0,2596.7,3526.13,14508.0,3994.68,18522.62,13771.391428571429,2.4551914939572774,-0.8039930988210486,0.0,0.4338837391176207,-0.9009688679023891,-0.7818314824681164,0.623489801858625,0.9749279121819205,-0.22252093395588968,0.4470937929851361,-0.8944870822287845,-0.7998392447397491,0.6002142805483286,0.9837979515735246,-0.17928075881069047,-0.960149873671574,-0.27948563485170463,0.9666180104000964,0.25622182180711894,0.4953372552325707,-0.868700756059682,-0.7127855825108422,-0.7013820024527856,-0.8605996962501237,0.5092820071573262,0.27177673847113615,0.9623603298276543,0.9998699583618595,-0.01612657327064132,0.24060026613221752,-0.9706242897934845,-0.8765758813304965,-0.4812636743716103,-0.6897960046655859,0.7240037789593332,0.5230943033491335,0.8522748088519833
2023-12-06,13.0,4357.0,0.0,0,0,Lazada,0.0,0,14028.0,28651.19,6987.71,8939.0,9130.0,15455.645714285713,13986.516428571429,0.8438991342445818,-0.6894069004847447,0.0,-0.43388373911746353,-0.9009688679024647,0.7818314824678989,0.6234898018588977,-0.9749279121818041,-0.2225209339563998,0.25467112024122324,-0.9670277247913218,-0.4925480679538545,0.8702852410301609,0.6979441547663312,-0.7161521883144053,-0.8573146280763205,0.5147928015098503,0.9708824104813831,0.2395565591209289,0.4651624991319068,-0.8852253099642818,-0.7480169550331245,-0.6636796177245258,-0.8235472349556043,0.5672476988027175,0.35344467127408685,0.9354554315134167,0.9928872135356956,-0.11905873003405472,0.1222606176654559,-0.9924980309139465,-0.9343105477678151,-0.35646009640604287,-0.5699010576127673,0.8217133225960556,0.6612634749656373,0.7501537286959054
2023-12-07,11.0,3759.0,0.0,0,0,Lazada,0.0,0,20062.0,13784.94,6944.3,3780.9,11577.0,11432.189999999999,13940.608571428573,1.3268449751498863,-0.8126308443824145,0.0,-0.9749279121817923,-0.22252093395645142,0.4338837391178114,-0.9009688679022971,0.7818314824679087,0.6234898018588855,0.05147875477036712,-0.9986740898848294,-0.10282099713740141,0.9946998756145848,0.1538905767040948,-0.9880878960910721,-0.20455206612628152,0.9788556850953409,0.9748595108374123,0.22282040779480056,0.434437187494864,-0.9007021317403175,-0.7812565682797442,-0.6242100403868536,-0.782597001767784,0.6225286602431048,0.43249940213397686,0.9016342202654869,0.9753363880767875,-0.2207236509604853,0.0021503013227627803,-0.9999976880994382,-0.9743781260415386,-0.22491613435185,-0.4363729641045826,0.8997658785476257,0.779912522416715,0.6258885343075051
2023-12-08,5.0,1625.07,0.0,0,0,Lazada,0.0,0,14401.0,4089.88,2596.7,15265.0,2458.91,10585.839999999998,14554.23,0.8979290227059912,-0.8871557530727033,0.0,-0.7818314824681396,0.6234898018585958,-0.9749279121817452,-0.2225209339566578,-0.4338837391176967,-0.9009688679023524,-0.1538905767040435,-0.98808789609108,0.3041148323274826,0.9526353808033938,-0.44709379298514046,-0.8944870822287823,0.5794210982045033,0.8150283375168542,0.9785481345802025,0.20601832032517353,0.4031976860870904,-0.9151129033807884,-0.8124159144868909,-0.5830783668499705,-0.7379428103031459,0.6748632518680322,0.5083564379375093,0.8611467540480469,0.9474042892438833,-0.32003923622314234,-0.1179911572597496,-0.9930146458177266,-0.9960209693076311,-0.0891191825562097,-0.2924059769510771,0.956294277219772,0.8755389928586269,0.4831474640149746
2023-12-09,7.0,2387.0,0.0,0,0,Lazada,0.0,1,1625.07,14028.0,36990.0,10686.0,5397.0,10233.724285714283,14484.827857142858,0.6177762110600886,0.4688598029623341,0.0,1.5695286409456948e-14,1.0,3.1390572818913897e-14,1.0,-4.0766149165809326e-13,1.0,-0.352752086549106,-0.9357168190404894,0.6601521206712497,0.7511319308705041,-0.8826787983255376,-0.4699767430273385,0.9917226741361077,0.12839835514650338,0.9819471901866463,0.1891552687200393,0.3714809692572852,-0.9284405686308994,-0.8414120250581576,-0.5403941192199729,-0.6897960046655831,0.7240037789593359,0.5804549278090941,0.8142923779467295,0.9093882203647938,-0.41594839182493926,-0.23642378142119863,-0.971650037605362,-0.9988298281778677,0.048362943894797714,-0.1414440676879523,0.9899462489023765,0.945320046913129,0.3261441535642785
2023-12-10,8.0,2796.0,0.0,0,0,Lazada,0.0,1,10348.0,20062.0,23932.0,9781.0,1912.5,9426.581428571426,10705.814285714287,0.5735202612003658,-0.7298028604561269,0.0,0.7818314824680174,0.623489801858749,0.9749279121818325,-0.22252093395627567,0.4338837391176118,-0.9009688679023933,-0.5366961939915884,-0.8437755598231934,0.9057022630804593,0.4239143907098867,-0.991722674136096,0.12839835514659284,0.7678804460366369,-0.6405931786981311,0.9850556718215013,0.1722362430276821,0.3393245761752895,-0.9406693531754184,-0.8681676914867182,-0.4962709536721068,-0.6383844591746651,0.7697176640069203,0.6482618097757077,0.7614175109533036,0.8616928164028501,-0.5074302810827552,-0.3514323430933609,-0.9362132813776518,-0.9827515893084889,0.1849305645685405,0.012901459949426116,0.9999167727021951,0.9871957872910067,0.15951325197264823
2023-12-11,9.0,2916.7,0.0,0,0,Lazada,0.0,0,13264.0,13404.0,2837.51,4269.3099999999995,17002.44,8317.86714285714,9158.89,0.7464637911532418,-0.780104041013269,0.0,0.9749279121818359,-0.22252093395626035,-0.43388373911745826,-0.9009688679024672,-0.7818314824681335,0.6234898018586035,-0.6979441547663348,-0.7161521883144019,0.9996684675143125,0.02574791365501306,-0.7338853664322048,0.679273338897287,0.05147875477039549,-0.998674089884828,0.9878726596350431,0.15526624985999482,0.30676656640150446,-0.9517847833088273,-0.892611670939864,-0.45082635781633684,-0.5839514998576978,0.8117885474764627,0.7112757519738101,0.7029130847082667,0.8048257371083469,-0.5935111901961124,-0.4613512039905649,-0.8872175982116541,-0.9480902797323647,0.3180012916278903,0.16693835946505473,0.9859673342150419,0.9999300657962058,-0.01182639069181809
2023-12-12,87.0,24570.12,0.0,1,0,Lazada,0.0,0,10647.0,1625.07,4089.88,4838.84,4857.08,6283.3957142857125,8434.617857142857,1.4280119099116688,1.3077035784728093,0.0,0.4338837391176401,-0.9009688679023796,-0.7818314824681433,0.6234898018585913,0.9749279121817832,-0.2225209339564916,-0.8296770135526133,-0.5582437220268732,0.9263239682515026,-0.3767278936351663,-0.2045520661261472,0.978855685095369,-0.6979441547663144,-0.7161521883144217,0.9903973200352555,0.13825031091098375,0.2738454748405583,-0.9617737030660326,-0.914678875958712,-0.4041813378607516,-0.5267547528105597,0.8500173118186983,0.7690308592589127,0.6392116531380655,0.7393922635959215,-0.6732748922501859,-0.5645884386042856,-0.8253725795023571,-0.8955013179435097,0.44505886078297235,0.31698176735051375,0.9484316312562254,0.983146973722153,-0.18281692498500302
2023-12-13,8.0,2229.19,0.0,0,0,Lazada,0.0,0,62488.0,10348.0,4357.0,3526.13,4283.41,18147.11714285714,13358.920714285716,0.967285779367275,-0.9643261106132377,0.0,-0.43388373911764894,-0.9009688679023754,0.7818314824681555,0.6234898018585759,-0.9749279121818403,-0.2225209339562412,-0.9263239682514919,-0.3767278936351926,0.6979441547663551,-0.716152188314382,0.4004539056512703,0.9163169044870031,-0.9996684675143139,0.025747913654956257,0.9926289059345094,0.12119346147073698,0.2406002661322275,-0.970624289793482,-0.934310547767819,-0.35646009640603254,-0.4670649248774322,0.8842230238742026,0.8211001178128835,0.5707841943569119,0.6660888558609797,-0.745872399340404,-0.6596488896351324,-0.7515739101400054,-0.8259791204414006,0.5637007118984773,0.4594423522174478,0.8882075911569878,0.9373419384643842,-0.3484108069446622
2023-12-14,18.0,5260.08,0.0,0,0,Lazada,0.0,0,21633.0,13264.0,3759.0,6987.71,8176.0,19678.28714285714,13319.14857142857,1.6720651368414174,-0.7568492580779365,0.0,-0.9749279121818382,-0.22252093395625078,0.43388373911744055,-0.9009688679024758,0.7818314824677266,0.6234898018591137,-0.9837979515735152,-0.17928075881074157,0.352752086549106,-0.9357168190404894,0.8573146280763084,0.5147928015098705,-0.6601521206712497,0.7511319308705041,0.9945667569706337,0.1041007489354257,0.20707028853384096,-0.9783260681421669,-0.9514544127333364,-0.3077897017287322,-0.4051645224207533,0.9142437912130237,0.8670985522812025,0.4981366284784153,0.5856957398073595,-0.8105309990194761,-0.7451558219567338,-0.6668903965450278,-0.7408382980859273,0.6716834195431258,0.5909121786151494,0.8067358905889198,0.8638670987837462,-0.5037197987363146
2023-12-15,13.0,3404.55,0.0,0,1,Lazada,0.0,0,10860.0,10647.0,14401.0,6944.3,15545.0,19669.62714285714,13244.654285714287,1.4589005106884143,-0.6865055248618784,0.0,-0.7818314824680113,0.6234898018587568,-0.9749279121818368,-0.2225209339562565,-0.43388373911743355,-0.9009688679024791,-0.9996684675143132,0.025747913654984658,-0.051478754770338746,-0.9986740898848309,0.9970175264485254,-0.07717546212666301,0.10282099713734488,0.9946998756145906,0.9962102997023295,0.08697723131368795,0.17329522734857583,-0.9848699224660105,-0.96606482155302,-0.25829974943412476,-0.3413465142450431,0.9399375283564109,0.9066860720977932,0.42180607708267476,0.49906860268853503,-0.8665624788845367,-0.8198708615029162,-0.5725484874300744,-0.6416887978251243,0.7669651144255172,0.7082462315032353,0.7059654917639145,0.7648913904341387,-0.6441592666722493
2023-12-16,17.0,4561.92,0.0,0,0,Lazada,0.0,1,16930.0,2229.19,10348.0,2596.7,3091.48,12506.688571428569,15326.902857142855,2.030713291726948,-0.7305422327229769,0.0,-5.865925023175528e-15,1.0,-1.1731850046351057e-14,1.0,-2.449714505127586e-13,1.0,-0.9732643737003894,0.22968774213176613,-0.4470937929850598,-0.8944870822288226,0.7678804460366218,-0.6405931786981491,0.7998392447396467,0.6002142805484649,0.9975590477788613,0.06982797572987187,0.13931505795483284,-0.9902481076109368,-0.978102870807509,-0.20812201737949143,-0.27591294500296243,0.9611826292540832,0.9395699859530574,0.34235689199455505,0.4071294853542617,-0.9133704517637813,-0.8827119303085951,-0.46991451147083546,-0.5304054598463693,0.8477440935595845,0.8086376511543113,0.5883070194512712,0.6433365204045131,-0.7655835170076571
2023-12-17,14.0,4687.7,0.0,0,0,Lazada,0.0,1,23260.0,5260.08,13264.0,28651.19,1031.1,13072.364285714284,16375.325714285715,1.3668122425076763,-0.7984651762682717,0.0,0.7818314824680039,0.6234898018587659,0.974927912181842,-0.22252093395623362,0.43388373911746525,-0.9009688679024639,-0.9057022630804714,0.4239143907098609,-0.7678804460366004,-0.6405931786981748,0.2546711202412005,-0.9670277247913278,0.9837979515735161,-0.17928075881073674,0.9986126020839734,0.05265805692461321,0.10516999849234798,-0.9944542580818484,-0.9875365065492298,-0.15739011478661263,-0.20917350564635404,0.977878542834239,0.9655071658143325,0.2603764827344726,0.31085696824350745,-0.9504567035349137,-0.9327689179559754,-0.3604748891327091,-0.40909256580197234,0.9124928890712294,0.8896848787210985,0.45657509412475006,0.5027907197793303,-0.8644081744776497
2023-12-18,9.0,3043.57,0.0,0,0,Lazada,0.0,0,4687.7,10860.0,2916.7,23932.0,3850.34,12990.595714285711,15762.732857142855,1.1646207923459013,-0.35073276873520054,0.0,0.9749279121818407,-0.22252093395623934,-0.4338837391174194,-0.900968867902486,-0.7818314824683156,0.6234898018583752,-0.799839244739718,0.6002142805483701,-0.9601498736716031,-0.27948563485160494,-0.3527520865490748,-0.9357168190405012,0.5366961939915925,-0.8437755598231907,0.9993706508539969,0.035472555753127424,0.0709004622609153,-0.9974833955766825,-0.9943406096530512,-0.10623912647795289,-0.14144406768794845,0.989946248902377,0.9843058444990301,0.17647097349153776,0.21127575558219058,-0.9774264960104031,-0.9693168624606864,-0.24581460524014986,-0.28004404847435693,0.9599871514317742,0.9494491062150061,0.3139210007430627,0.34740282118430804,-0.937715991029898
2023-12-19,5.0,1635.28,0.0,0,0,Lazada,0.0,0,16951.0,16930.0,62488.0,20866.0,4482.0,13083.312857142853,16049.143571428573,1.0511553024579174,-0.903528995339508,0.0,0.43388373911765954,-0.9009688679023703,-0.7818314824681701,0.6234898018585575,0.9749279121818482,-0.2225209339562069,-0.6601521206712497,0.7511319308705041,-0.9917226741361077,0.1283983551465034,-0.8296770135526422,-0.55824372202683,-0.25467112024113603,-0.9670277247913448,0.999832969770105,0.018276557681692205,0.03654700988812189,-0.9993319348786156,-0.9984970627014778,-0.05480525318362439,-0.07304518821104948,0.997328632136475,0.9958270335100579,0.09126072172932949,0.10944576864891954,-0.9939927684469576,-0.9918264497026009,-0.12759425406472683,-0.1457001152853547,0.9893288009584247,0.986500656580117,0.1637573038584789,0.18175978759141012,-0.9833429613388838
2023-12-20,15.0,4667.14,0.0,0,0,Lazada,0.0,0,1635.28,4561.92,2229.19,4089.88,14508.0,10898.352857142852,11702.520714285714,1.4203800662665818,1.8540311139376744,0.0,-0.4338837391176295,-0.9009688679023847,0.7818314824681286,0.6234898018586096,-0.9749279121817753,-0.22252093395652595,-0.4925480679538587,0.8702852410301585,-0.8573146280763256,0.514792801509842,-0.9996684675143134,0.025747913654979766,-0.8826787983255597,-0.469976743027297,0.9999994220246925,0.0010751512827974292,0.002150301322773072,-0.9999976880994382,-0.9999947982262414,-0.003225448877113684,-0.004300592702980472,0.9999907524084426,0.9999855506507185,0.005375731557602901,0.00645086419811671,-0.9999791929590822,-0.999971679340883,-0.0075259893817500815,-0.0086011058657114,0.9999630098048061,0.9999531843608729,0.009676212407247524,0.010751307763559963,-0.9999422030204412
2023-12-21,12.0,3919.7,0.0,0,0,Lazada,0.0,0,13909.0,3043.57,10860.0,20062.0,4716.26,10446.427142857141,11718.511428571428,1.1248598893305954,-0.7181896613703358,0.0,-0.9749279121818333,-0.22252093395627182,0.4338837391174794,-0.900968867902457,0.7818314824681115,0.623489801858631,-0.3041148323275097,0.9526353808033852,-0.5794210982045496,0.8150283375168214,-0.7998392447396868,0.6002142805484116,-0.9444892287836499,0.3285423819108673,0.9998699583618592,-0.016126573270655895,-0.032248952289300366,-0.9994798672690923,-0.9988298281778685,0.04836294389478033,0.06446435710735443,0.9979200101524849,0.9967506498213923,-0.08054900421874993,-0.09661270188119866,-0.9953220513156606,-0.9936345861898663,0.11265127219562589,0.12866054379808908,0.9916886933254709,0.9894848788166645,-0.14463635294479318,-0.16057454459501014,-0.9870237158387356
2023-12-22,17.0,5438.77,0.0,0,0,Lazada,0.0,0,12750.0,16951.0,27230.0,13404.0,13809.0,9228.874285714282,11890.307857142858,0.5015376356355441,-0.5734298039215686,0.0,-0.7818314824680247,0.6234898018587399,-0.9749279121818272,-0.22252093395629854,-0.4338837391175801,-0.9009688679024085,-0.10282099713737801,0.9946998756145873,-0.20455206612623547,0.9788556850953506,-0.30411483232751435,0.9526353808033837,-0.4004539056513314,0.9163169044869763,0.9994446170919858,-0.033323525711630365,-0.06661003679003072,-0.9977790852682926,-0.9950052545447358,0.09982255971655679,0.13292420315608833,0.9911262059976615,0.9861462483415939,-0.1658781989346383,-0.19864794288015936,-0.9800709131432689,-0.9729069486773354,0.2311970354813327,0.2634893223187124,0.9646623124306379,0.955346162263282,-0.29548893422397216,-0.32716032712210824,-0.9449688462364011
2023-12-23,7.0,2588.0,0.0,0,0,Lazada,0.0,1,9830.0,4667.14,4561.92,1625.07,15265.0,8754.944285714284,9826.648571428572,0.37584728124713856,-0.7367243133265513,0.0,-2.7427136455808003e-14,1.0,-5.485427291161601e-14,1.0,-8.228140936742402e-14,1.0,0.10282099713734487,0.9946998756145906,0.20455206612617025,0.9788556850953642,0.3041148323275816,0.9526353808033622,0.40045390565120925,0.9163169044870297,0.9987235240803974,-0.05051061718521924,-0.1008922831973961,-0.9948973551031365,-0.9885312610933426,0.1510163760696366,0.200754931406812,0.9796414943824329,0.9682507501166705,-0.24998096907265754,-0.2985688173637287,-0.9543881083175881,-0.9380889596420653,0.34639443384336827,0.3933357220160242,0.9193949150316925,0.8983536994820231,-0.43927284303376063,-0.48408852163898575,-0.8750190302029901
2023-12-24,9.0,2943.5,0.0,1,0,Lazada,0.0,1,5790.0,13909.0,4687.7,10348.0,2927.82,7746.495714285712,8437.797142857142,0.25392506911399243,-0.49162348877374784,0.0,0.7818314824679905,0.6234898018587828,0.9749279121818516,-0.22252093395619157,0.4338837391177284,-0.9009688679023371,0.304114832327505,0.9526353808033866,0.5794210982045417,0.815028337516827,0.7998392447397291,0.6002142805483552,0.9444892287836435,0.3285423819108858,0.9977068927101168,-0.06768276175455241,-0.13505511584034724,-0.990838087522553,-0.9794250862518061,0.20180807818479957,0.26763550537877306,0.9635202313707008,0.9431964659565851,-0.3322354987159084,-0.39531178876491707,-0.9185469991587156,-0.8896848787211042,0.45657509412473873,0.5157444481311396,0.8567424725212975,0.8198708615029398,-0.5725484874300406,-0.6267266965083368,-0.7792391467859833
2023-12-25,8.0,2709.5,0.0,1,0,Lazada,0.0,0,17530.0,12750.0,22149.0,13264.0,6342.0,8124.324285714284,9347.956428571428,0.6218462785800584,-0.845436394751854,0.0,0.9749279121818455,-0.22252093395621833,-0.43388373911738054,-0.9009688679025046,-0.7818314824682141,0.6234898018585023,0.4925480679538545,0.8702852410301608,0.8573146280763205,0.5147928015098503,0.9996684675143123,0.025747913655022853,0.882678798325569,-0.46997674302727965,0.9963950238187232,-0.0848348779057644,-0.1690581003831452,-0.985606086981428,-0.9677109772087559,0.25206242201025286,0.3332493855822904,0.9428387173896848,0.9111686353326619,-0.412033636959429,-0.4878471454422952,-0.8729290708206504,-0.8283957292921131,0.5601432992463518,0.6284008465466144,0.7778896940180519,0.7217751111068,-0.6921276536786884,-0.7508642533989528,-0.6604565640279708
2023-12-26,16.0,5615.0,0.0,0,0,Lazada,0.0,0,2709.5,5438.77,16951.0,2916.7,4269.3099999999995,6689.967142857141,7959.420714285714,0.8569559748195062,1.0723380697545672,0.0,0.43388373911767897,-0.900968867902361,-0.781831482468197,0.6234898018585238,0.974927912181812,-0.2225209339563655,0.6601521206712248,0.751131930870526,0.9917226741360992,0.1283983551465695,0.8296770135526028,-0.5582437220268887,0.2546711202412649,-0.9670277247913108,0.994788305609327,-0.10196189005174566,-0.20286099168260113,-0.9792075459541515,-0.9534201253498681,0.30164559432857946,0.39728602767069077,0.9176948361071032,0.8724040568049606,-0.48878539428899387,-0.5751899607119793,-0.8180198708443162,-0.755109145738995,0.6555990985513366,0.7291746721017933,0.6843276244352863,0.6064130902482961,-0.7951497745554053,-0.8528367217694609,-0.5221776766595055
2023-12-27,14.0,4412.6,0.0,0,0,Lazada,0.0,0,11720.0,5790.0,10770.0,62488.0,11780.0,9086.857142857141,8772.390714285715,0.8322520923427355,-0.6234982935153583,0.0,-0.43388373911740524,-0.9009688679024928,0.7818314824678182,0.6234898018589988,-0.9749279121817104,-0.22252093395681066,0.7998392447396979,0.6002142805483968,0.9601498736716217,-0.27948563485154093,0.35275208654911516,-0.935716819040486,-0.53669619399148,-0.8437755598232622,0.9928872135356964,-0.11905873003404802,-0.23642378142120934,-0.9716500376053594,-0.9365905832039821,0.35042556906370953,0.4594423522174386,0.8882075911569924,0.8271893372462493,-0.5619233046832199,-0.6564105761979341,-0.7544038410927507,-0.670886518080156,0.7415600311898455,0.8161603698771074,0.5778254499778142,0.4765444837967601,-0.879150359701274,-0.9296339319682698,-0.3684843993077783
2023-12-28,9.0,3058.95,0.0,0,0,Lazada,0.0,0,9330.0,17530.0,3919.7,21633.0,11580.0,9802.442857142856,7991.219285714286,0.25773634090636544,-0.6721382636655948,0.0,-0.9749279121818285,-0.22252093395629283,0.4338837391175182,-0.9009688679024384,0.7818314824679294,0.6234898018588594,0.9057022630804693,0.42391439070986536,0.7678804460366067,-0.6405931786981672,-0.2546711202412687,-0.9670277247913098,-0.9837979515735127,-0.179280758810756,0.9906923101615611,-0.13612033862266606,-0.269706745460126,-0.9629425068265015,-0.9172671631198606,0.3982724588294339,0.5194241791627817,0.8545165429066136,0.7758587728069833,-0.6309066211876698,-0.7306444969184926,-0.6827580970759137,-0.5769476201403128,0.8167811479303555,0.8877131077605714,0.46039704420214084,0.3352760024840083,-0.9421199510456952,-0.9789888737409316,-0.2039136706831163
2023-12-29,9.0,2844.2,0.0,0,1,Lazada,0.0,0,3058.95,2709.5,12750.0,5260.08,6987.71,7735.149999999999,7929.737142857142,0.3684838504264941,-0.07020382811095316,0.0,-0.7818314824680381,0.623489801858723,-0.9749279121818176,-0.2225209339563406,-0.433883739117317,-0.9009688679025353,0.9732643737003818,0.22968774213179854,0.4470937929851194,-0.8944870822287928,-0.7678804460365941,-0.6405931786981822,-0.7998392447397268,0.6002142805483583,0.9882042449941423,-0.15314166701311996,-0.3026704908556891,-0.9530952596488854,-0.8955013179435047,0.44505886078298224,0.5769476201403172,0.8167811479303524,0.7187918772884248,-0.6952253139408706,-0.7971015927871908,-0.6038452208771081,-0.47465294389193075,0.8801730414269251,0.9424798789477864,0.33426288722884856,0.18598706431516235,-0.9825521929686115,-0.9994446170919857,-0.03332352571163563
2023-12-30,5.0,1729.0,0.0,1,0,Lazada,0.0,1,2383.0,11720.0,2588.0,27230.0,0.0,6206.9642857142835,6994.625,0.1614621069676684,-0.2744439781787663,0.0,-4.898834788844048e-14,1.0,-9.797669577688096e-14,1.0,8.040863177791062e-14,1.0,0.9996684675143124,0.02574791365501796,0.05147875477040528,-0.9986740898848275,-0.9970175264485308,-0.07717546212659265,-0.10282099713747744,0.994699875614577,0.9854237542919527,-0.17011767832048869,-0.3352760024840134,-0.9421199510456935,-0.8713510040136396,0.49066019586310655,0.631740422094069,0.7751800043166797,0.6564105761979406,-0.7544038410927449,-0.8550745085896939,-0.5185051443911559,-0.3654839958133057,0.9308176238148586,0.9794250862518029,0.20180807818481517,0.03224895228928787,-0.9994798672690928,-0.9903973200352567,0.13825031091097503
2023-12-31,2.0,689.5,0.0,0,1,Lazada,0.0,1,1729.0,4412.6,5790.0,16930.0,16029.0,4779.67857142857,6933.267857142857,0.1646454953414645,-0.6012145748987854,0.0,0.7818314824679771,0.6234898018587997,0.9749279121818613,-0.22252093395614955,0.4338837391175818,-0.9009688679024077,0.9837979515735161,-0.17928075881073674,-0.35275208654909684,-0.9357168190404929,-0.8573146280763306,0.5147928015098335,0.6601521206712351,0.751131930870517,0.9823516608469238,-0.1870433490699156,-0.36748468921840505,-0.9300295711374194,-0.8448805268402687,0.5349550405091161,0.6835432558267223,0.7299100063801045,0.5891760872323002,-0.8080046647350726,-0.9039461929223985,-0.4276462092677799,-0.251021840625903,0.967981423132068,0.9978501244431204,0.06553723482760837,-0.12226061766547147,-0.9924980309139446,-0.9521140536681132,0.30574307646727394
2024-01-01,25.0,7084.42,0.0,1,0,Lazada,0.0,0,7829.0,3058.95,17530.0,23260.0,36990.0,4033.3785714285696,6917.910714285715,1.567108066575441,-0.09510537744284076,0.0,0.9749279121818504,-0.2225209339561973,-0.4338837391173417,-0.9009688679025234,-0.7818314824681127,0.6234898018586296,0.9263239682514938,-0.37672789363518805,-0.6979441547663481,-0.7161521883143889,-0.40045390565120564,0.9163169044870313,0.9996684675143134,0.025747913654975824,0.9789888737409319,-0.2039136706831146,-0.39925842960488334,-0.9168384298170765,-0.8161603698771165,0.577825449977801,0.7321109433803461,0.6811854127788848,0.5175855102531941,-0.8556314858488675,-0.9431964659565869,-0.33223549871590335,-0.13292420315611117,0.9911262059976584,0.9974065903329596,-0.07197286683452052,-0.27384547484054983,-0.961773703066035,-0.8857249183835694,0.4642104791518814
2024-01-02,29.0,9789.539999999999,0.0,0,0,Lazada,0.0,0,15801.0,9700.0,5615.0,3043.57,23932.0,6459.417142857141,7106.905,1.354207161409157,-0.38044807290677807,0.0,0.4338837391176984,-0.9009688679023515,-0.781831482468224,0.6234898018584901,0.9749279121818769,-0.22252093395608077,0.8296770135526318,-0.5582437220268456,-0.9263239682514776,-0.37672789363522796,0.2045520661262163,0.9788556850953546,0.6979441547664098,-0.7161521883143287,0.9753363880767842,-0.22072365096049953,-0.4305596169818689,-0.9025621398133351,-0.7852670068439973,0.6191572723971426,0.7772136184407311,0.6292368324488528,0.4421681519670787,-0.8969321743510031,-0.9724075561219954,-0.23328854407546104,-0.012901459949438851,0.9999167727021949,0.9781028708075138,-0.20812201737946892,-0.4188794133697542,-0.9080418696596598,-0.7931896839451934,0.6089746507720367
2024-01-03,8.0,2659.7,0.0,0,0,Lazada,0.0,0,20231.0,689.5,4412.6,1635.28,20866.0,11522.494285714285,8151.086428571429,1.6082061576065618,-0.8685334387820671,0.0,-0.4338837391173858,-0.9009688679025021,0.7818314824677913,0.6234898018590326,-0.9749279121818477,-0.2225209339562087,0.6979441547663586,-0.7161521883143787,-0.9996684675143142,0.025747913654946452,0.7338853664322528,0.6792733388972352,-0.051478754770262404,-0.9986740898848349,0.9713952846837505,-0.23746831555846662,-0.4613512039905747,-0.887217598211649,-0.7522826980987235,0.6588404527207667,0.8186378142731405,0.5743101331528943,0.3634816124829141,-0.9316013725767157,-0.9912685467787257,-0.1318585157173903,0.10730813165634426,0.994225811815618,0.9403039842384032,-0.34033574191580973,-0.5538929381563809,-0.8325879011014342,-0.6772399381909613,0.7357622347736413
2024-01-04,12.0,3708.54,0.0,0,0,Lazada,0.0,0,2659.7,7829.0,9330.0,4667.14,4089.88,11803.951428571427,8025.879285714285,0.18531193486776515,0.39434522690529006,0.0,-0.9749279121818237,-0.22252093395631384,0.43388373911755707,-0.9009688679024196,0.7818314824680309,0.6234898018587322,0.5366961939915925,-0.8437755598231907,-0.9057022630804634,0.4239143907098778,0.9917226741360905,0.12839835514663558,-0.7678804460366243,-0.6405931786981461,0.9671667297977312,-0.25414270946136214,-0.49159674642336104,-0.8708229664552753,-0.7172952716008875,0.6967693257736086,0.8561874740403062,0.5166652778119313,0.2821076626819291,-0.9593827529490714,-0.9995786855478956,-0.029025013321981687,0.22596360824802977,0.9741357440046695,0.884724678268261,-0.4661139814070397,-0.675656261972867,-0.737216803699463,-0.5412984521036343,0.8408305333122779
2024-01-05,11.0,3492.34,0.0,0,0,Lazada,0.0,0,10089.0,9789.539999999999,9700.0,3919.7,20062.0,11278.111428571427,8868.764285714286,0.3171145508301562,-0.6538467638021608,0.0,-0.7818314824680516,0.6234898018587062,-0.9749279121818081,-0.22252093395638262,-0.43388373911705386,-0.900968867902662,0.35275208654911056,-0.9357168190404876,-0.6601521206712571,0.7511319308704976,0.8826787983256112,-0.46997674302720005,-0.9917226741361101,0.12839835514648398,0.9626519747161494,-0.27074189844776153,-0.5212604463582736,-0.853397648849804,-0.6803978890506163,0.7328428976086657,0.8896848787211002,0.45657509412474656,0.19864794288018192,-0.9800709131432643,-0.9972495210773461,0.07411742515093062,0.34134651424504814,0.939937528356409,0.8124159144869001,-0.5830783668499576,-0.7812565682797544,-0.6242100403868407,-0.3893781415452218,0.9210779895789439
2024-01-06,10.0,3216.46,0.0,0,0,Lazada,0.0,1,3492.34,19233.0,2383.0,12750.0,3759.0,10378.511428571426,8425.36,0.16802258991727267,-0.07899574497328443,0.0,-7.054955932107296e-14,1.0,-1.4109911864214592e-13,1.0,-2.1164867796321887e-13,1.0,0.1538905767040764,-0.9880878960910748,-0.3041148323275461,0.9526353808033735,0.44709379298517904,-0.894487082228763,-0.579421098204612,0.8150283375167771,0.9578523554276671,-0.2872609705505954,-0.5503071945286511,-0.8349622695966599,-0.6416887978251159,0.7669651144255243,0.9189714882380262,0.3943239833000108,0.11371951458596195,-0.9935128947337992,-0.9843058444990342,0.17647097349151508,0.4517857898328962,0.8921264484954283,0.724744995562315,-0.6890171923888256,-0.8681676914867158,-0.49627095367211105,-0.22596360824804312,0.9741357440046664
2024-01-07,2.0,679.0,0.0,0,0,Lazada,0.0,1,13014.0,2659.7,689.5,9830.0,14401.0,7059.434285714284,9290.964285714286,0.5844341759685785,-0.9478254187797757,0.0,0.7818314824679636,0.6234898018588165,0.9749279121818708,-0.2225209339561075,0.43388373911784495,-0.900968867902281,-0.05147875477033385,-0.9986740898848312,0.10282099713733513,0.9946998756145916,-0.15389057670393988,-0.9880878960910962,0.20455206612615107,0.9788556850953682,0.9527692922168522,-0.30369503751065535,-0.578702611877595,-0.8155386483828033,-0.6012710693734885,0.7990451183346667,0.9439086918125037,0.3302065740120993,0.027950298240224002,-0.9996093140964036,-0.9608854255575016,0.276946202268923,0.5556819724760373,0.8313949395234135,0.6233697106072986,-0.781927236958384,-0.9343105477678147,-0.35646009640604376,-0.055878756905400465,0.998437561656565
2024-01-08,10.0,3265.5,0.0,0,0,Lazada,0.0,0,10079.0,10089.0,15801.0,2943.5,10348.0,8094.542857142856,10094.327142857142,3.287897121743664,-0.67600952475444,0.0,0.9749279121818045,-0.22252093395639796,-0.43388373911771255,-0.9009688679023448,-0.7818314824680113,0.6234898018587568,-0.25467112024121846,-0.967027724791323,0.4925480679538459,0.8702852410301657,-0.6979441547663003,-0.7161521883144354,0.8573146280763104,0.5147928015098672,0.9474042892438843,-0.32003923622313935,-0.6064130902482778,-0.7951497745554192,-0.5592523247663452,0.8289974892865709,0.9643784639967464,0.2645263279510681,-0.05802556932876535,-0.9983150972033192,-0.9272375462179564,0.37447367448687663,0.6515303615067922,0.7586225596664185,0.5102069876723014,-0.8600516436414479,-0.9781028708075109,-0.20812201737948233,0.11585560376944863,0.9932660666081453
2024-01-09,13.0,4118.8,0.0,0,0,Lazada,0.0,0,3265.5,3492.34,9789.539999999999,17530.0,2796.0,7119.757142857141,9198.934285714286,3.418633460838353,0.2613076098606646,0.0,0.43388373911751293,-0.9009688679024409,-0.7818314824679673,0.623489801858812,0.9749279121818407,-0.22252093395623937,-0.44709379298510626,-0.8944870822287994,0.7998392447397091,0.6002142805483819,-0.9837979515734965,-0.1792807588108447,0.9601498736716113,-0.2794856348515767,0.941758934099462,-0.3362887301766819,-0.6334058321617071,-0.7738197799123097,-0.5157444481311351,0.8567424725213003,0.980283923277091,0.19759410356707066,-0.14357242341179513,-0.9896398128792435,-0.8837203473620043,0.4680153284438219,0.7379428103031305,0.6748632518680493,0.38739664612229574,-0.9219131404710516,-0.9984970627014775,-0.054805253183629284,0.2841699724797369,0.9587739184713284
2024-01-10,12.0,3990.5,0.0,0,0,Lazada,0.0,0,12333.0,13014.0,20231.0,5615.0,2916.7,8511.614285714284,8301.024285714286,3.183035491475568,-0.6764372010054326,0.0,-0.4338837391175713,-0.9009688679024128,0.781831482468048,0.6234898018587107,-0.9749279121817828,-0.22252093395649344,-0.6206094818274177,-0.7841198065767144,0.9732643737003795,0.2296877421318081,-0.9057022630804917,0.42391439070981746,0.44709379298513696,-0.894487082228784,0.9358348973349941,-0.3524387108846032,-0.6596488896351407,-0.7515739101399982,-0.4708632887360534,0.8822061909330879,0.9915497906051816,0.1297266848062521,-0.228057771221503,-0.9736476020539878,-0.8307970168121208,0.5565755266413361,0.8136678304455927,0.5813300798152133,0.2572609343110873,-0.9663419744983587,-0.995005254544737,0.09982255971654484,0.4440958041591867,0.8959793059709612
2024-01-11,23.0,7595.5,0.0,0,0,Lazada,0.0,0,15101.0,16092.0,3708.54,11720.0,24570.12,9282.82857142857,8029.652857142857,0.4023904549489171,-0.4970200648963645,0.0,-0.974927912181819,-0.22252093395633488,0.4338837391175959,-0.9009688679024009,0.7818314824678487,0.6234898018589605,-0.7678804460365972,-0.6405931786981784,0.9837979515735179,-0.1792807588107271,-0.49254806795394995,0.8702852410301067,-0.35275208654907847,-0.9357168190404997,0.9296339319682692,-0.36848439930778004,-0.6851112019949146,-0.728438494933569,-0.4247283525160242,0.9053208417842946,0.9981227456866081,0.06124528180216646,-0.3108569682434856,-0.950456703534921,-0.7690308592589273,0.6392116531380477,0.8776087166898342,0.47937765946070354,0.12226061766545687,-0.9924980309139464,-0.9677109772087535,0.25206242201026186,0.5909121786151258,0.8067358905889372
2024-01-12,2.0,679.0,0.0,0,0,Lazada,0.0,0,13936.0,3265.5,10089.0,9330.0,2229.19,8620.042857142855,8357.292857142858,0.5356999945892974,-0.9512772675086107,0.0,-0.7818314824680651,0.6234898018586893,-0.9749279121817984,-0.22252093395642467,-0.43388373911761013,-0.900968867902394,-0.8826787983255463,-0.46997674302732206,0.8296770135526215,-0.558243722026861,0.10282099713732538,0.9946998756145927,-0.9263239682514915,-0.3767278936351935,0.9231578729647043,-0.38442104726885457,-0.7097626326391596,-0.7044409168334342,-0.3774624838618077,0.9260248772451389,0.999971679340883,-0.007525989381741265,-0.3913578365610338,-0.9202385798054041,-0.6990793005655513,0.7150441465537491,0.9288394302558037,0.3704825404821042,-0.015051552481522934,-0.9998867189676518,-0.9172671631198653,0.3982724588294229,0.7202851594252824,0.6936780875245343
2024-01-13,10.0,3200.05,0.0,0,0,Lazada,0.0,1,11621.0,12333.0,3216.46,2844.2,5260.08,9322.285714285712,8265.76857142857,2.412073757581761,-0.7246321314861027,0.0,-9.211077075370544e-14,1.0,-1.8422154150741087e-13,1.0,-4.895863681788424e-14,1.0,-0.9601498736716018,-0.2794856348516096,0.5366961939916007,-0.8437755598231854,0.6601521206711674,0.7511319308705765,-0.9057022630804717,0.42391439070986003,0.9164086366943458,-0.4002439388573055,-0.7335740047067969,-0.6796095788159789,-0.32919153851999383,0.9442631682782292,0.9970878407382744,-0.07626164076313538,-0.4689651910076378,-0.8832166493127096,-0.6216868902665482,0.7832658619336788,0.9666180104000952,0.25622182180712366,-0.15207910943934524,-0.988368324296229,-0.8448805268402789,0.5349550405090999,0.8283957292921214,0.5601432992463395
2024-01-14,18.0,6392.0,0.0,0,0,Lazada,0.0,1,9365.0,7595.5,16092.0,1729.0,27230.0,8283.364285714284,8783.096428571429,2.4836273815631387,-0.31745862253069945,0.0,0.7818314824679502,0.6234898018588334,0.9749279121818805,-0.22252093395606545,0.4338837391172886,-0.9009688679025489,-0.9970175264485246,-0.07717546212667278,0.15389057670411418,-0.988087896091069,0.9732643737003773,0.2296877421318176,-0.3041148323276189,0.9526353808033503,0.9093882203647936,-0.4159483918249396,-0.7565171356105594,-0.653973870676493,-0.28004404847433956,0.9599871514317792,0.9894848788166619,-0.14463635294481111,-0.5431052396834366,-0.8396646346181295,-0.5376773767406087,0.8431506618282035,0.9903973200352548,0.1382503109109886,-0.2862309683321607,-0.9581606508136481,-0.7522826980987267,0.6588404527207631,0.9120525252759689,0.4100733972567937
2024-01-15,9.0,2878.05,0.0,0,1,Lazada,0.0,0,6392.0,13936.0,10079.0,689.5,16930.0,8111.4357142857125,8090.239285714286,2.2858398883232662,-0.5497418648310388,0.0,0.9749279121818093,-0.22252093395637693,-0.4338837391176737,-0.9009688679023635,-0.7818314824681933,0.6234898018585284,-0.991722674136101,0.12839835514655493,-0.2546711202412365,-0.9670277247913183,0.9263239682515225,-0.3767278936351172,0.49254806795387834,0.8702852410301474,0.9020987014301846,-0.4315297589714698,-0.7785648703932868,-0.6275641342440503,-0.2301508797012437,0.973154958150419,0.9771987776823887,-0.21232651482103101,-0.6132298262997534,-0.7899045386224681,-0.4479449394078919,0.8940611451454873,0.9998329697701049,0.018276557681697104,-0.4149704215053462,-0.909834902207909,-0.6416887978251251,0.7669651144255165,0.968786046025686,0.24789836027274856
2024-01-16,3.0,1029.0,0.0,0,0,Lazada,0.0,0,26640.0,11621.0,4118.8,7084.42,23260.0,10240.442857142856,9245.492857142857,1.1617392943264842,-0.9613738738738739,0.0,0.43388373911753236,-0.9009688679024315,-0.7818314824679942,0.6234898018587782,0.9749279121819058,-0.22252093395595463,-0.9444892287836686,0.32854238191081364,-0.6206094818273877,-0.7841198065767382,0.536696193991705,-0.8437755598231191,0.973264373700362,0.22968774213188248,0.8945422369764496,-0.44698342951967407,-0.799691113867869,-0.6004116274696611,-0.17964488371031667,0.9837315262594296,0.9602876863008666,-0.2790117551984657,-0.6788204829862379,-0.7343042638295999,-0.3534446712740951,0.9354554315134136,0.9947883056093275,-0.10196189005174079,-0.5358631057005568,-0.8443048809221428,-0.5157444481311514,0.8567424725212904,0.9969215500633258,0.0784055037566613
2024-01-17,27.0,9202.0,0.0,0,0,Lazada,0.0,0,8744.0,11587.0,3990.5,9789.539999999999,3043.57,9519.292857142855,8768.435714285715,1.9694107855437895,0.05237877401646851,0.0,-0.43388373911755185,-0.9009688679024221,0.7818314824680211,0.6234898018587445,-0.974927912181819,-0.22252093395633485,-0.8573146280763427,0.5147928015098133,-0.8826787983255284,-0.46997674302735576,-0.05147875477028589,-0.9986740898848336,0.8296770135526641,-0.5582437220267976,0.8867210630829944,-0.4623048304798084,-0.8198708615029184,-0.5725484874300711,-0.12866054379810488,0.9916886933254689,0.9388316432829706,-0.34437645908307524,-0.7393922635959251,-0.6732748922501819,-0.2551824131233738,0.9668929289391519,0.9753363880767846,-0.2207236509604982,-0.6466230339778685,-0.7628097088588061,-0.3774624838618188,0.9260248772451344,0.9956284932063291,-0.09340183893101185
2024-01-18,35.0,11377.25,0.0,0,0,Lazada,0.0,0,101209.0,6392.0,7595.5,20231.0,16951.0,22299.149999999998,15291.257142857143,3.3437287773898348,-0.887586578268731,0.0,-0.9749279121818142,-0.2225209339563559,0.4338837391176348,-0.9009688679023822,0.7818314824679502,0.6234898018588333,-0.7338853664322115,0.6792733388972798,-0.9970175264485238,-0.07717546212668254,-0.6206094818273356,-0.7841198065767795,0.15389057670413353,-0.988087896091066,0.878637494161001,-0.47748942800283745,-0.8390802290175656,-0.5440076922910462,-0.07733361695682646,0.997005271645228,0.9129321980697769,-0.4081112614563408,-0.7944973291665995,-0.6072676460566131,-0.15420404756269757,0.9880390233767496,0.9417589340994624,-0.33628873017668065,-0.7451558219567331,-0.6668903965450285,-0.2301508797012623,0.9731549581504145,0.964945045762534,-0.2624520121057201
2024-01-19,19.0,6279.5,0.0,0,0,Lazada,0.0,0,58426.0,26640.0,679.0,3708.54,4667.14,30946.75,18739.239285714284,2.706055677872468,-0.8925221647896484,0.0,-0.7818314824680785,0.6234898018586724,-0.9749279121817889,-0.22252093395646672,-0.433883739117347,-0.9009688679025208,-0.5794210982045768,0.815028337516802,-0.9444892287836718,0.32854238191080437,-0.9601498736715883,-0.27948563485165573,-0.6206094818273724,-0.7841198065767503,0.8702939222685675,-0.4925327287220542,-0.8572964806503137,-0.5148230222752146,-0.025800772391541812,0.999667104662347,0.8827119303085993,-0.4699145114708277,-0.8437282590292705,-0.5367705514607114,-0.05158436686940965,0.9986686402879997,0.8945422369764502,-0.44698342951967285,-0.8295982910008735,-0.5583607038182667,-0.0773336169568526,0.997005271645226,0.9057769657642549,-0.42375475016912756
2024-01-20,21.0,6975.6,0.0,0,0,Lazada,0.0,1,35337.0,9202.0,11587.0,3492.34,3919.7,37524.67857142857,23521.985714285718,2.417207120978202,-0.8025978436200016,0.0,-1.1367198218633791e-13,1.0,-2.2734396437267583e-13,1.0,-3.4101594655901375e-13,1.0,-0.4004539056512793,0.9163169044869991,-0.7338853664322181,0.6792733388972726,-0.9444892287836937,0.3285423819107415,-0.9970175264485224,-0.07717546212670208,0.8616928164028536,-0.5074302810827495,-0.874498056068572,-0.4850290196805638,0.025800772391536917,0.9996671046623471,0.8483138696949963,-0.5294937001354225,-0.886721063082992,-0.46230483047981275,0.051584366869399864,0.9986686402880002,0.834370123522954,-0.5512045872199273,-0.8983536994820046,-0.4392728430337985,0.07733361695683795,0.9970052716452271,0.819870861502924,-0.5725484874300631
2024-01-21,20.0,6394.68,0.0,0,0,Lazada,0.0,1,26174.0,11377.25,6392.0,13014.0,5438.77,26487.33571428571,24393.242857142857,1.4008550567848235,-0.7556857950638037,0.0,0.7818314824679368,0.6234898018588502,0.97492791218189,-0.22252093395602343,0.4338837391175518,-0.9009688679024221,-0.20455206612621246,0.9788556850953554,-0.40045390565128824,0.9163169044869952,-0.5794210982045928,0.8150283375167907,-0.7338853664322315,0.6792733388972583,0.8528367217694599,-0.5221776766595071,-0.8906645958869742,-0.45466094799695844,0.07733361695682157,0.9970052716452283,0.8099008190265992,-0.5865668447330141,-0.9231578729647024,-0.38442104726885906,0.15420404756268788,0.9880390233767512,0.7621140503891485,-0.6474427960827477,-0.9501219359262323,-0.3118786733199123,0.23015087970122036,0.9731549581504245,0.7097626326391665,-0.7044409168334272
2024-01-22,6.0,2029.7,0.0,0,0,Lazada,0.0,0,6394.68,58426.0,2878.05,679.0,9830.0,25775.539999999997,24393.434285714287,0.712579142475252,-0.6825955325364209,0.0,0.9749279121818142,-0.22252093395635592,-0.43388373911763484,-0.9009688679023822,-0.781831482468092,0.6234898018586557,-9.797174393178826e-15,1.0,-1.9594348786357652e-14,1.0,-8.623494204034449e-14,1.0,-3.9188697572715304e-14,1.0,0.8437282590292712,-0.5367705514607103,-0.9057769657642538,-0.42375475016913,0.12866054379810002,0.9916886933254695,0.767654583672768,-0.6408638234181965,-0.9527692922168497,-0.3036950375106634,0.2551824131233643,0.9668929289391544,0.6788204829862555,-0.7343042638295836,-0.9839241031140677,-0.1785871196676215,0.3774624838617789,0.9260248772451507,0.5787026118776087,-0.8155386483827934
2024-01-23,10.0,3342.4,0.0,0,0,Lazada,0.0,0,15890.0,40842.0,1029.0,10079.0,5790.0,19091.854285714282,23564.980714285717,0.9165206335700249,-0.7896538703587161,0.0,0.4338837391175518,-0.9009688679024221,-0.781831482468021,0.6234898018587445,0.9749279121817683,-0.2225209339565566,0.20455206612619328,0.9788556850953595,0.4004539056512524,0.9163169044870109,0.5794210982045448,0.8150283375168248,0.7338853664321782,0.6792733388973158,0.8343701235229533,-0.5512045872199284,-0.9198172790502203,-0.3923470060554167,0.17964488371031184,0.9837315262594305,0.7217751111067874,-0.6921276536787015,-0.9753363880767825,-0.22072365096050778,0.35344467127408596,0.935455431513417,0.5856957398073487,-0.8105309990194839,-0.9991210282680498,-0.04191862202643074,0.5157444481311388,0.856742472521298,0.43055961698188416,-0.9025621398133279
2024-01-24,10.0,3350.9,0.0,0,0,Lazada,0.0,0,12601.0,6975.6,9202.0,4118.8,17530.0,10486.76857142857,24005.72357142857,1.3412855446938832,-0.7340766605824934,0.0,-0.4338837391175324,-0.9009688679024315,0.7818314824679942,0.6234898018587782,-0.974927912181754,-0.22252093395661957,0.4004539056512613,0.916316904487007,0.7338853664321915,0.6792733388973013,0.9444892287836371,0.32854238191090435,0.9970175264485284,-0.07717546212662393,0.8247650844733625,-0.5654755126737561,-0.9327689179559767,-0.3604748891327054,0.23015087970123896,0.9731549581504201,0.6724795445732287,-0.7401157086095275,-0.9906923101615599,-0.13612033862267442,0.4479449394078831,0.8940611451454916,0.48408852163897287,-0.8750190302029972,-0.9954253493144549,0.09554252426116594,0.6416887978251138,0.766965114425526,0.2697067454601423,-0.9629425068264968
2024-01-25,10.0,3384.39,0.0,0,0,Lazada,0.0,0,15646.0,6394.68,11377.25,3990.5,5615.0,8464.954285714284,17476.145,1.4682808809885675,-0.7836897609612681,0.0,-0.9749279121818093,-0.2225209339563769,0.43388373911767364,-0.9009688679023635,0.7818314824680517,0.6234898018587062,0.5794210982045377,0.8150283375168299,0.9444892287836403,0.3285423819108951,0.9601498736716048,-0.2794856348515993,0.6206094818275231,-0.7841198065766312,0.8149159841660797,-0.5795791048257604,-0.94461655322236,-0.32817612249874045,0.28004404847434167,0.9599871514317786,0.6200011953692784,-0.7846008652433833,-0.9987235240803969,-0.050510617185231234,0.5376773767406123,0.8431506618282011,0.3754703786876161,-0.9268343944460511,-0.9729069486773356,0.23119703548133175,0.7522826980987171,0.6588404527207741,0.10089228319741998,-0.994897355103134
2024-01-26,10.0,3424.0299999999997,0.0,0,0,Lazada,0.0,0,14418.0,3342.4,40842.0,13936.0,4412.6,9775.241428571428,14433.547857142856,1.1017791280779805,-0.7625169926480788,0.0,-0.781831482468092,0.6234898018586557,-0.9749279121817792,-0.22252093395650874,-0.43388373911749356,-0.9009688679024502,0.7338853664321981,0.6792733388972941,0.9970175264485269,-0.07717546212664347,0.6206094818274708,-0.7841198065766725,-0.1538905767040561,-0.988087896091078,0.8048257371083447,-0.5935111901961156,-0.9553461622632794,-0.2954889342239806,0.3291915385199892,0.9442631682782309,0.5645884386042929,-0.8253725795023521,-0.9993706508539972,0.035472555753115434,0.6216868902665406,0.7832658619336849,0.2614143985111507,-0.9652266636656145,-0.9319916318560612,0.3624797899887332,0.844880526840271,0.5349550405091124,-0.07090046226089135,-0.9974833955766842
2024-01-27,7.0,2347.2,0.0,0,0,Lazada,0.0,1,11455.0,3350.9,6975.6,11621.0,3058.95,9623.188571428569,10054.978571428572,1.0324091799740842,-0.7950938454823222,0.0,-1.3523319361897038e-13,1.0,-2.7046638723794075e-13,1.0,-1.783259054136791e-13,1.0,0.8573146280763326,0.5147928015098302,0.8826787983255467,-0.4699767430273212,0.051478754770458136,-0.9986740898848248,-0.8296770135526204,-0.5582437220268626,0.7944973291666004,-0.607267646056612,-0.9649450457625334,-0.2624520121057227,0.37746248386180314,0.9260248772451407,0.5065035376636511,-0.8622378826833151,-0.9926289059345108,0.12119346147072506,0.6990793005655443,0.715044146553756,0.14357242341180482,-0.9896398128792422,-0.8734530757734307,0.48690833266841266,0.9172671631198595,0.39827245882943635,-0.2406002661322042,-0.9706242897934878
2024-01-28,9.0,2973.36,0.0,0,0,Lazada,0.0,1,2347.2,15646.0,26174.0,3200.05,2844.2,9479.802857142855,9724.378571428571,0.5463485464191412,0.2667689161554194,0.0,0.7818314824679233,0.623489801858867,0.9749279121818997,-0.22252093395598138,0.4338837391178149,-0.9009688679022955,0.9444892287836528,0.328542381910859,0.6206094818274631,-0.7841198065766786,-0.5366961939915594,-0.8437755598232117,-0.9732643737004061,0.22968774213169554,0.7839338166829206,-0.6208444016506462,-0.9734018427044305,-0.22910445787810216,0.4247283525160134,0.9053208417842997,0.4460214029406884,-0.8950222947607618,-0.9785481345802057,0.2060183203251583,0.769030859258912,0.6392116531380662,0.023651127245224144,-0.9997202729664084,-0.7983981991447787,0.6021298162376401,0.9677109772087498,0.25206242201027607,-0.4031976860870619,-0.915112903380801
2024-01-29,15.0,5046.21,0.0,0,0,Lazada,0.0,0,9039.0,14418.0,15890.0,6392.0,1729.0,7699.941428571426,8842.734285714285,0.4200403573310436,-0.4417291735811484,0.0,0.974927912181819,-0.2225209339563349,-0.433883739117596,-0.9009688679024009,-0.781831482468274,0.6234898018584273,0.9917226741361022,0.12839835514654616,0.2546711202412194,-0.9670277247913228,-0.9263239682514576,-0.37672789363527703,-0.49254806795384765,0.8702852410301647,0.7731383255706021,-0.634237439397806,-0.9807065438204119,-0.19548574093222873,0.47086328873604905,0.8822061909330903,0.383428290711637,-0.9235706501843551,-0.9572324433233159,0.2893199776186821,0.8307970168121154,0.5565755266413442,-0.09661270188118355,-0.9953220513156621,-0.708246231503245,0.7059654917639049,0.9950052545447355,0.09982255971655947,-0.5538929381563563,-0.8325879011014505
2024-01-30,8.0,3268.0,0.0,0,0,Lazada,0.0,0,13942.0,11455.0,12601.0,26640.0,7829.0,7863.681428571427,8825.292142857143,0.336370245909315,-0.76560034428346,0.0,0.4338837391175712,-0.9009688679024128,-0.7818314824680479,0.6234898018587108,0.9749279121818333,-0.22252093395627187,0.9970175264485261,-0.07717546212665324,-0.15389057670407547,-0.9880878960910751,-0.9732643737003908,0.2296877421317604,0.3041148323275442,0.9526353808033742,0.7621140503891499,-0.647442796082746,-0.9868505034357961,-0.1616356516011115,0.5157444481311309,0.8567424725213028,0.31902044831145965,-0.9477478322629682,-0.9288394302558126,0.37048254048208196,0.8837203473619997,0.46801532844383054,-0.2154773150467118,-0.9765088461966231,-0.6047018766694924,0.7964519071183106,0.9984970627014783,-0.054805253183614615,-0.688237583642206,-0.725485374395885
2024-01-31,10.0,3251.9,0.0,0,1,Lazada,0.0,0,3268.0,2347.2,3350.9,1029.0,7084.42,6694.109999999999,8158.649285714286,0.4492512866085731,-0.004926560587515283,0.0,-0.433883739117513,-0.9009688679024409,0.7818314824679673,0.6234898018588119,-0.9749279121817902,-0.22252093395646097,0.9601498736716072,-0.27948563485159084,-0.5366961939915676,-0.8437755598232065,-0.6601521206712968,0.7511319308704627,0.9057022630804386,0.42391439070993103,0.7508642533989492,-0.6604565640279749,-0.9918264497026014,-0.12759425406472294,0.5592523247663352,0.8289974892865777,0.2531027120229317,-0.9674394126593339,-0.8935790198240026,0.4489059314938652,0.9272375462179474,0.3744736744868989,-0.3312212278016696,-0.9435531242349603,-0.4897230781238992,0.8718780343332737,0.978102870807514,-0.20812201737946795,-0.8022658445149379,-0.5969669293392504
2024-02-01,9.0,3015.2,0.0,0,0,Lazada,0.0,0,7268.0,9039.0,15684.0,101209.0,19233.0,8421.58714285714,8535.407142857142,0.5227343187459886,-0.5851403412217941,0.0,-0.9749279121818045,-0.22252093395639794,0.4338837391177125,-0.9009688679023448,0.7818314824681531,0.6234898018585789,0.8826787983255555,-0.46997674302730474,-0.8296770135525995,-0.5582437220268935,-0.10282099713738385,0.9946998756145866,0.9263239682515211,-0.3767278936351209,0.7393922635959259,-0.6732748922501809,-0.9956284932063288,-0.09340183893101454,0.6012710693734846,0.7990451183346696,0.18598706431517245,-0.9825521929686096,-0.8517119107469284,0.5240103253675602,0.9608854255574988,0.27694620226893246,-0.44216815196705717,-0.8969321743510138,-0.3654839958133331,0.9308176238148478,0.93431054776782,-0.35646009640603005,-0.8926116709398486,-0.4508263578163675
2024-02-02,16.0,5389.04,0.0,1,0,Lazada,0.0,0,3015.2,5046.21,14418.0,11377.25,20231.0,7561.044285714284,7630.492857142856,0.6983086376341874,0.7872910586362432,0.0,-0.7818314824679636,0.6234898018588165,-0.9749279121818708,-0.22252093395610745,-0.43388373911723044,-0.9009688679025769,0.7678804460365916,-0.6405931786981853,-0.9837979515735211,-0.17928075881070973,0.49254806795379985,0.8702852410301918,0.35275208654904544,-0.9357168190405123,0.7277014757264222,-0.6858939875998239,-0.9982521339365443,-0.05909887554882525,0.6416887978251121,0.7669651144255274,0.11799115725973014,-0.9930146458177289,-0.803547648533906,0.5952404359043749,0.9843058444990325,0.1764709734915247,-0.5467112728685808,-0.8373211953118207,-0.23433389447178976,0.9721561736170192,0.8681676914867231,-0.4962709536720983,-0.9566081051665153,-0.29137764692873946
2024-02-03,12.0,4015.9,0.0,0,0,Lazada,0.0,1,17660.0,3251.9,2347.2,40842.0,13236.0,10536.305714285712,8615.207857142857,0.8174670522371398,-0.772599093997735,0.0,7.05792703916292e-14,1.0,1.411585407832584e-13,1.0,-1.5635864268344467e-14,1.0,0.6206094818274331,-0.7841198065767022,-0.9732643737003885,0.22968774213176996,0.9057022630804668,0.4239143907098707,-0.44709379298506685,-0.8944870822288191,0.7157953492826649,-0.6983101158835577,-0.9996942666129788,-0.02472596410938434,0.6803978890506126,0.732842897608669,0.04943680911325963,-0.9987772533977228,-0.7494423368521903,0.6620696215153873,0.9972495210773454,0.07411742515094039,-0.6433365204044807,-0.7655835170076842,-0.09875272084577794,0.9951120038093982,0.7812565682797636,-0.6242100403868293,-0.992366008614674,-0.12332763253294375
2024-02-04,17.0,5808.389999999999,0.0,0,0,Lazada,0.0,1,19234.0,7268.0,10243.0,6975.6,3492.34,10945.162857142856,9895.875,0.7314351066205573,-0.6980144535718,0.0,0.7818314824680517,0.6234898018587062,0.9749279121818081,-0.22252093395638267,0.4338837391176683,-0.9009688679023661,0.4470937929851238,-0.8944870822287906,-0.7998392447397327,0.6002142805483506,0.9837979515735275,-0.17928075881067504,-0.9601498736715894,-0.27948563485165195,0.703677407479015,-0.7105196029692722,-0.9999531843608731,0.009676212407224495,0.717295271600884,0.6967693257736122,-0.01935151881831265,-0.9998127418269005,-0.6897960046655838,0.7240037789593352,0.9995786855478959,-0.029025013321971896,-0.7306444969185016,-0.6827580970759041,0.03869579017650406,0.999251037438849,0.6756562619728778,-0.7372168036994531,-0.9988298281778678,0.04836294389479575
2024-02-05,6.0,2031.57,0.0,0,0,Lazada,0.0,0,5808.389999999999,3015.2,9039.0,26174.0,3216.46,10736.647142857142,9579.117142857143,0.7221358320625291,-0.6502352631279924,0.0,0.9749279121818237,-0.22252093395631387,-0.4338837391175571,-0.9009688679024196,-0.781831482467889,0.62348980185891,0.25467112024123745,-0.967027724791318,-0.49254806795388006,0.8702852410301464,0.6979441547663425,-0.7161521883143943,-0.8573146280763508,0.5147928015097999,0.6913512362094087,-0.7225188358733095,-0.9990285807311908,0.04406693638344451,0.752282698098725,0.6588404527207651,-0.0880482578246485,-0.9961162102355549,-0.6250496486104331,0.7805849965070902,0.9912685467787251,-0.13185851571739468,-0.8073707443023419,-0.5900444739548728,0.1754125938042638,0.9844950085880885,0.5538929381563931,-0.8325879011014261,-0.9758087555546658,0.21862587354394825
2024-02-06,9.0,2996.9,0.0,0,0,Lazada,0.0,0,6415.0,17660.0,3268.0,15890.0,16092.0,9727.979999999998,9104.142857142857,0.8567009229628165,-0.5328293063133281,0.0,0.43388373911759065,-0.9009688679024035,-0.7818314824680748,0.6234898018586771,0.9749279121818983,-0.22252093395598713,0.051478754770353415,-0.9986740898848302,-0.10282099713737411,0.9946998756145876,0.1538905767041103,-0.9880878960910696,-0.20455206612622778,0.9788556850953523,0.6788204829862363,-0.7343042638296015,-0.9969215500633254,0.0784055037566657,0.7852670068439943,0.6191572723971465,-0.15632827267718213,-0.987705153961327,-0.5556819724760456,0.831394939523408,0.9724075561219977,-0.23328854407545152,-0.8724040568049557,-0.4887853942890024,0.30881248126624894,0.9511229423235372,0.4188794133697417,-0.9080418696596655,-0.92398235980194,0.38243509093026273
2024-02-07,6.0,2516.3,0.0,0,0,Lazada,0.0,0,13379.0,19234.0,17136.0,12601.0,3265.5,8970.83714285714,9808.142857142857,0.8046288218868111,-0.81192166828612,0.0,-0.43388373911749356,-0.9009688679024502,0.7818314824679404,0.6234898018588456,-0.9749279121817251,-0.2225209339567457,-0.15389057670405706,-0.9880878960910778,0.30411483232750874,0.9526353808033855,-0.4470937929850248,-0.8944870822288401,0.579421098204548,0.8150283375168225,0.6660888558609768,-0.7458723993404066,-0.9936345861898659,0.11265127219562979,0.8161603698771137,0.577825449977805,-0.2238684004637331,-0.9746193817454123,-0.4822058478963506,0.8760579434344292,0.9431964659565901,-0.3322354987158941,-0.9248025743285049,-0.3804473662878614,0.43637296410459586,0.8997658785476192,0.27384547484056393,-0.961773703066031,-0.8448805268402643,0.5349550405091231
2024-02-08,10.0,3094.7,0.0,0,0,Lazada,0.0,0,9060.0,2031.57,3015.2,15646.0,12333.0,7047.109999999999,8891.878571428571,1.2746792022990687,-0.6584216335540839,0.0,-0.9749279121817997,-0.22252093395641895,0.43388373911775135,-0.9009688679023261,0.781831482467971,0.6234898018588073,-0.35275208654906565,-0.9357168190405046,0.660152120671185,0.751131930870561,-0.8826787983255302,-0.4699767430273523,0.9917226741360855,0.12839835514667444,0.6531601223269314,-0.7572198192083115,-0.9891715794849553,0.14676370920373594,0.844880526840266,0.5349550405091202,-0.29034898008826027,-0.9569208273215225,-0.4051645224207542,0.9142437912130233,0.9039461929224027,-0.427646209267771,-0.9638074231367282,-0.26659942067930265,0.5556819724760366,0.831394939523414,0.12226061766548606,-0.9924980309139428,-0.7408382980859286,0.6716834195431243
2024-02-09,15.0,4847.72,0.0,0,0,Lazada,0.0,0,3094.7,12931.0,5389.04,3384.39,3990.5,7198.985714285713,8897.557142857144,0.589169309708555,0.5664587843732836,0.0,-0.7818314824679771,0.6234898018587997,-0.9749279121818613,-0.2225209339561495,-0.43388373911737704,-0.9009688679025063,-0.5366961939916,-0.843775559823186,0.905702263080471,0.4239143907098618,-0.9917226741361127,0.12839835514646453,0.7678804460366017,-0.6405931786981732,0.6400381082043509,-0.7683431655492197,-0.9835378122597299,0.18070244009239106,0.8713510040136373,0.4906601958631108,-0.35545536519693044,-0.9346932562893117,-0.3251276029999088,0.9456701548465689,0.855074508589699,-0.5185051443911475,-0.9888537064205871,-0.14889038685646305,0.6644834655228508,0.7473029667054336,-0.03224895228930159,-0.9994798672690923,-0.614926941347635,0.7885840835350674
2024-02-10,8.0,2219.7,0.0,0,0,Lazada,0.0,1,9328.0,13379.0,4015.9,3424.0299999999997,13936.0,8356.674285714284,7994.962857142857,0.40918773828838967,-0.7620390222984563,0.0,4.901805895899672e-14,1.0,9.803611791799344e-14,1.0,1.4705417687699017e-13,1.0,-0.6979441547663446,-0.7161521883143923,0.9996684675143132,0.025747913654985626,-0.7338853664322155,0.6792733388972755,0.05147875477034068,-0.9986740898848309,0.6267266965083298,-0.7792391467859888,-0.9767399525103045,0.2144272957675117,0.8955013179435026,0.4450588607829866,-0.4188794133697449,-0.9080418696596642,-0.24268684458259662,0.9701046827361172,0.7971015927871967,-0.6038452208771002,-0.9995786855478956,-0.02902501332198267,0.7607200913564128,0.6490800741100368,-0.18598706431514792,-0.9825521929686143,-0.47086328873605854,0.8822061909330852
2024-02-11,9.0,3019.4700000000003,0.0,0,0,Lazada,0.0,1,12216.0,9060.0,5808.389999999999,2347.2,11621.0,8148.159999999998,7365.377142857143,0.6894758639166944,-0.7528266208251473,0.0,0.7818314824680382,0.623489801858723,0.9749279121818176,-0.22252093395634065,0.4338837391179315,-0.9009688679022393,-0.829677013552605,-0.5582437220268854,0.9263239682515138,-0.37672789363513903,-0.20455206612627386,0.9788556850953426,-0.6979441547662724,-0.7161521883144628,0.6132298262997516,-0.7899045386224695,-0.9687860460256849,0.24789836027275283,0.9172671631198586,0.3982724588294384,-0.4803209445297819,-0.8770928059481609,-0.15845177496083931,0.9873667175937011,0.7306444969184993,-0.6827580970759066,-0.9958270335100601,0.09126072172930558,0.8425720899865947,0.5385835804920364,-0.3352760024839945,-0.9421199510457002,-0.31290001787995947,0.9497860700235191
2024-02-12,4.0,1252.2,0.0,0,0,Lazada,0.0,0,15830.0,4847.72,12931.0,10243.0,11587.0,9104.555714285712,8151.770714285715,1.177148398035105,-0.9208970309538851,0.0,0.9749279121818285,-0.22252093395629285,-0.43388373911751826,-0.9009688679024384,-0.7818314824680712,0.6234898018586816,-0.9263239682514864,-0.3767278936352062,0.6979441547663762,-0.7161521883143616,0.40045390565125594,0.9163169044870093,-0.9996684675143155,0.02574791365489747,0.5995514915196494,-0.8003361849976319,-0.9596855068649526,0.2810760180331276,0.9365905832039804,0.35042556906371414,-0.5394891616674091,-0.8419925441732818,-0.07304518821105045,0.9973286321364749,0.6564105761979414,-0.7544038410927443,-0.9776530844816652,0.21022475211897848,0.9084917035725056,0.4179028888867921,-0.4765444837967972,-0.8791503597012539,-0.14570011528535665,0.9893288009584245
2024-02-13,17.0,5703.26,0.0,0,0,Lazada,0.0,0,1252.2,16271.0,6415.0,9039.0,9365.0,8590.909999999998,7317.5707142857145,1.3483153541008281,3.5545919182239256,0.0,0.4338837391176101,-0.900968867902394,-0.7818314824681017,0.6234898018586433,0.9749279121818621,-0.22252093395614575,-0.9837979515735178,-0.17928075881072805,0.3527520865490803,-0.9357168190404991,0.8573146280763004,0.5147928015098839,-0.6601521206712085,0.7511319308705403,0.5856957398073505,-0.8105309990194826,-0.9494491062150133,0.3139210007430408,0.9534201253498665,0.3016455943285841,-0.5961040271552054,-0.8029072105849755,0.012901459949414846,0.9999167727021953,0.5751899607119874,-0.8180198708443105,-0.9453200469131334,0.32614415356426557,0.9572324433233128,0.28931997761869244,-0.6064130902482618,-0.7951497745554315,0.02580077239153104,0.9996671046623473
2024-02-14,7.0,2252.31,0.0,1,0,Lazada,0.0,0,4131.0,12216.0,2516.3,3268.0,26640.0,7723.989999999998,7243.239285714286,0.8721056835830447,-0.4547785039941903,0.0,-0.43388373911747413,-0.9009688679024596,0.7818314824679136,0.6234898018588794,-0.9749279121818626,-0.22252093395614372,-0.9996684675143136,0.02574791365496996,-0.05147875477030938,-0.9986740898848324,0.9970175264485266,-0.07717546212664739,0.10282099713728639,0.9946998756145967,0.5716666713027071,-0.8204859638785313,-0.9380889596420664,0.34639443384336527,0.9677109772087547,0.2520624220102576,-0.6498975881398502,-0.7600217924046688,0.09875272084576721,0.9951120038093993,0.48784714544230373,-0.8729290708206456,-0.8992961915530269,0.43734009633032916,0.9878726596350405,0.15526624986001117,-0.7217751111067702,-0.6921276536787195,0.1965400358449233,0.9804958002511159
2024-02-15,11.0,3772.2799999999997,0.0,0,1,Lazada,0.0,0,2252.31,3019.4700000000003,9060.0,3251.9,1029.0,6300.605714285712,7224.382857142858,1.0760593975383483,0.6748493768619772,0.0,-0.974927912181795,-0.22252093395643996,0.4338837391177902,-0.9009688679023073,0.7818314824677889,0.6234898018590356,-0.9732643737003863,0.22968774213177948,-0.4470937929850844,-0.8944870822288103,0.7678804460366317,-0.6405931786981371,0.7998392447396797,0.6002142805484211,0.55746843743279,-0.8301981337405208,-0.925618512751893,0.378457882532487,0.9794250862518066,0.2018080781847974,-0.7006152447379025,-0.7135392622980525,0.18387385105132026,0.982949849636062,0.395311788764913,-0.9185469991587174,-0.8402480696078481,0.5422021592729827,0.9998329697701049,0.018276557681698082,-0.8198708615029313,-0.5725484874300527,0.36147754848579783,0.9323808137991138
2024-02-16,23.0,8439.6,0.0,0,0,Lazada,0.0,0,16490.0,5703.26,16271.0,3015.2,101209.0,11348.978571428568,9969.944285714286,1.1374333816221154,-0.4881989084293511,0.0,-0.7818314824681323,0.623489801858605,-0.9749279121817505,-0.22252093395663486,-0.4338837391175236,-0.9009688679024358,-0.9057022630804776,0.4239143907098476,-0.7678804460365816,-0.6405931786981973,0.25467112024121563,-0.9670277247913238,0.9837979515735267,-0.1792807588106789,0.5431052396834348,-0.8396646346181307,-0.912052525275967,0.4100733972567977,0.9885312610933429,0.15101637606963442,-0.7480169550331144,-0.6636796177245371,0.2676355053787584,0.9635202313707049,0.2985688173637245,-0.9543881083175895,-0.7690308592589189,0.639211653138058,0.9928872135356993,-0.11905873003402455,-0.8983536994820166,-0.43927284303377384,0.5157444481311136,0.8567424725213132
2024-02-17,18.0,5804.53,0.0,0,0,Lazada,0.0,1,13903.0,4131.0,2219.7,20034.0,58426.0,12023.741428571424,9737.344285714285,1.084411500347556,-0.5824980220096383,0.0,2.7456847526364246e-14,1.0,5.491369505272849e-14,1.0,-1.4500313286413932e-13,1.0,-0.7998392447397268,0.6002142805483583,-0.9601498736715949,-0.27948563485163314,-0.35275208654906015,-0.9357168190405067,0.5366961939916421,-0.8437755598231592,0.5285813283559281,-0.848882665221456,-0.8974070536021557,0.441203558626965,0.9950052545447345,0.09982255971656873,-0.7918783711724211,-0.6106788397098046,0.3494183899593882,0.9369668023778585,0.1986479428801829,-0.9800709131432641,-0.6866759803451554,0.7269636153323078,0.9671667297977282,-0.25414270946137363,-0.9553461622632776,-0.2954889342239862,0.654786863064535,0.7558135775163779
2024-02-18,10.0,3544.3,0.0,0,0,Lazada,0.0,1,5804.53,2252.31,12216.0,17660.0,6279.5,12262.817142857139,9993.403571428571,1.093752615200694,-0.389390700022224,0.0,0.7818314824680248,0.6234898018587399,0.9749279121818272,-0.2225209339562986,0.4338837391177849,-0.9009688679023099,-0.6601521206712394,0.7511319308705131,-0.9917226741361042,0.1283983551465306,-0.82967701355257,-0.5582437220269374,-0.2546711202411891,-0.9670277247913308,0.5139010013093112,-0.8578494977869296,-0.8816994317707857,0.47181152170657475,0.9988298281778679,0.04836294389479232,-0.8319919011831933,-0.5547877759698526,0.4286178410077157,0.9034858860933493,0.09661270188122256,-0.9953220513156583,-0.5943761565849823,0.8041871576214485,0.9231578729647065,-0.3844210472688491,-0.9894848788166624,-0.14463635294480773,0.7745003397565486,0.6325734927397691
2024-02-19,10.0,3402.27,0.0,0,0,Lazada,0.0,0,20210.0,35178.0,15830.0,19234.0,35337.0,14795.632857142855,10601.891428571429,0.36092618981348223,-0.8316541316180108,0.0,0.9749279121818333,-0.22252093395627184,-0.43388373911747946,-0.900968867902457,-0.7818314824679697,0.6234898018588089,-0.4925480679538715,0.8702852410301511,-0.8573146280763407,0.5147928015098168,-0.9996684675143137,0.02574791365496409,-0.8826787983255321,-0.4699767430273488,0.4990686026885316,-0.8665624788845387,-0.8649482509584339,0.5018610596210331,0.9999947982262414,-0.0032254488771087855,-0.8681676914867178,-0.49627095367210766,0.5046482954181415,0.8633250245021074,-0.006450864198106913,-0.9999791929590823,-0.4934681416772357,0.8697638720650656,0.8616928164028511,-0.5074302810827536,-0.999953184360873,0.009676212407232829,0.8713510040136274,0.4906601958631283
2024-02-20,13.0,4395.7,0.0,0,0,Lazada,0.0,0,16705.0,13903.0,11916.0,12931.0,6394.68,10095.157142857142,10917.520714285713,0.657354129941394,-0.7368632146064054,0.0,0.4338837391176295,-0.9009688679023847,-0.7818314824681286,0.6234898018586097,0.9749279121819271,-0.222520933955861,-0.3041148323275237,0.9526353808033807,-0.5794210982045735,0.8150283375168044,-0.7998392447397644,0.6002142805483082,-0.9444892287836693,0.3285423819108118,0.4840885216389748,-0.8750190302029961,-0.8471733374738757,0.5313166064347836,0.9984970627014781,-0.0548052531836195,-0.9002345254572987,-0.43540532745325045,0.5769476201403048,0.8167811479303612,-0.1094457686489098,-0.9939927684469587,-0.3854133594543492,0.9227440286201329,0.7839338166829133,-0.6208444016506556,-0.9865006565801193,0.1637573038584644,0.9424798789477762,0.33426288722887715
2024-02-21,7.0,3288.5299999999997,0.0,0,0,Lazada,0.0,0,10381.0,3544.3,2252.31,2996.9,15890.0,9390.752857142856,10826.785,0.8931110447310937,-0.683216453135536,0.0,-0.4338837391174547,-0.9009688679024689,0.7818314824678867,0.623489801858913,-0.9749279121817975,-0.22252093395642847,-0.10282099713736437,0.9946998756145886,-0.2045520661262086,0.9788556850953563,-0.3041148323275293,0.952635380803379,-0.4004539056512811,0.9163169044869983,0.46896519100763273,-0.8832166493127123,-0.8283957292921149,0.5601432992463491,0.9943406096530525,-0.10623912647794095,-0.9280406337745415,-0.37247896861882995,0.6449812683237327,0.7641983796839071,-0.21127575558216713,-0.9774264960104081,-0.27177673847115924,0.9623603298276479,0.691351236209413,-0.7225188358733055,-0.9494491062150108,0.31392100074304874,0.9857872803589358,0.16799832702301826
2024-02-22,11.0,3676.2,0.0,0,0,Lazada,0.0,0,20041.0,3402.27,35178.0,2516.3,12601.0,9330.071428571426,12062.852142857142,0.951280637211357,-0.8165660396187815,0.0,-0.9749279121817902,-0.222520933956461,0.43388373911782907,-0.9009688679022887,0.7818314824678904,0.6234898018589085,0.10282099713735852,0.9946998756145893,0.2045520661261971,0.9788556850953586,0.30411483232745834,0.9526353808034016,0.40045390565125955,0.9163169044870078,0.45370308603134396,-0.891152910406309,-0.8086376511543123,0.5883070194512698,0.9875365065492316,-0.15739011478660078,-0.9514544127333383,-0.3077897017287264,0.7082462315032374,0.7059654917639124,-0.31085696824348463,-0.9504567035349213,-0.15420404756271255,0.9880390233767473,0.5856957398073495,-0.8105309990194832,-0.8896848787211051,0.45657509412473696,0.9999947982262415,-0.0032254488770744856
2024-02-23,13.0,4363.66,0.0,0,0,Lazada,0.0,0,13462.0,16705.0,8439.6,3094.7,15646.0,10278.49,9596.437857142857,0.8864675342301149,-0.6758535135938197,0.0,-0.7818314824681457,0.6234898018585882,-0.9749279121817409,-0.2225209339566769,-0.4338837391176702,-0.9009688679023652,0.30411483232751807,0.9526353808033825,0.579421098204564,0.8150283375168111,0.7998392447397198,0.6002142805483678,0.9444892287836615,0.328542381910834,0.4383067230125209,-0.8988254650164431,-0.7879224882631248,0.6157744331240506,0.97810287080751,-0.20812201737948666,-0.9703650471118342,-0.24164369502150837,0.7662747586044782,0.6425130304714828,-0.40712948535425275,-0.9133704517637853,-0.034398060613602004,0.99940821160626,0.46896519100764733,-0.8832166493127045,-0.8086376511543198,0.5883070194512593,0.9846830346495345,-0.17435401134870288
2024-02-24,9.0,2855.26,0.0,0,0,Lazada,0.0,1,7797.0,10381.0,5804.53,16271.0,15684.0,9001.341428571426,8869.156428571428,0.8190732087877308,-0.6338001795562396,0.0,5.895636093731769e-15,1.0,1.1791272187463538e-14,1.0,-4.3706044260526883e-13,1.0,0.4925480679538664,0.870285241030154,0.8573146280763347,0.5147928015098268,0.9996684675143118,0.025747913655038528,0.8826787983255431,-0.4699767430273281,0.42278065798267817,-0.9062320427107694,-0.7662747586044911,0.6425130304714674,0.9660648215530213,-0.25829974943412004,-0.9846830346495276,-0.17435401134874243,0.8186378142731481,0.5743101331528834,-0.49906860268852654,-0.8665624788845416,0.08590610426133974,0.9963032375991959,0.3433668739963957,-0.9392013574532052,-0.7082462315032456,0.7059654917639041,0.9403039842383942,-0.3403357419158346
2024-02-25,23.0,7406.32,0.0,0,0,Lazada,0.0,1,2855.26,3288.5299999999997,3544.3,9328.0,14418.0,7926.235714285713,8658.494285714285,1.1443786155497755,1.5939213941987767,0.0,0.7818314824680113,0.6234898018587567,0.9749279121818368,-0.22252093395625655,0.43388373911763833,-0.9009688679023805,0.6601521206712351,0.751131930870517,0.9917226741361026,0.12839835514654227,0.8296770135526116,-0.5582437220268757,0.25467112024121186,-0.9670277247913248,0.40712948535425164,-0.9133704517637858,-0.7437200839287409,0.6684911643103644,0.9514544127333358,-0.3077897017287343,-0.9943406096530518,-0.1062391264779468,0.864948250958438,0.5018610596210259,-0.585695739807363,-0.8105309990194735,0.20496611396950323,0.97876906986492,0.21127575558217862,-0.9774264960104057,-0.5909121786151613,0.8067358905889112,0.8681676914867095,-0.4962709536721221
2024-02-26,3.0,1018.5,0.0,0,0,Lazada,0.0,0,9391.0,3676.2,3402.27,12216.0,11455.0,6993.062857142855,8161.567142857143,0.444204297519231,-0.8915450963688638,0.0,0.9749279121818382,-0.2225209339562508,-0.4338837391174406,-0.9009688679024758,-0.7818314824681518,0.6234898018585805,0.7998392447397232,0.600214280548363,0.9601498736715981,-0.27948563485162187,0.3527520865491298,-0.9357168190404804,-0.5366961939916223,-0.8437755598231718,0.39135783656102846,-0.9202385798054064,-0.7202851594252744,0.6936780875245426,0.9343105477678233,-0.35646009640602133,-0.9992920637248693,-0.03762142177658587,0.9048636712981604,0.42570146389789976,-0.6660888558609618,-0.7458723993404199,0.3210576541852796,0.9470596510722255,0.07518957641477646,-0.9971692572470164,-0.4594423522174608,0.888207591156981,0.7704035789993097,-0.6375565272703704
2024-02-27,3.0,931.6700000000001,0.0,0,0,Lazada,0.0,0,9725.0,4363.66,16705.0,15830.0,2973.36,6079.534285714284,8179.012142857143,1.2525010064260036,-0.9041984575835476,0.0,0.43388373911764894,-0.9009688679023754,-0.7818314824681555,0.6234898018585759,0.9749279121817896,-0.22252093395646297,0.905702263080451,0.42391439070990444,0.767880446036662,-0.640593178698101,-0.25467112024125355,-0.9670277247913138,-0.9837979515734817,-0.1792807588109257,0.37547037868762145,-0.9268343944460489,-0.6959977221267406,0.7180439894563482,0.9146788759587111,-0.4041813378607536,-0.9995139620968315,0.0311743415887767,0.9380889596420668,0.3463944338433641,-0.7393922635959244,-0.6732748922501827,0.4324994021339879,0.9016342202654816,-0.06231837935431646,-0.9980563208530125,-0.3169817673505277,0.9484316312562208,0.6498975881398483,-0.7600217924046705
2024-02-28,8.0,2692.2,0.0,0,0,Lazada,0.0,0,26180.0,7406.32,3288.5299999999997,11916.0,5046.21,8832.212857142855,8379.224285714286,2.2103275837478167,-0.8971657754010696,0.0,-0.4338837391176401,-0.9009688679023796,0.7818314824681433,0.6234898018585913,-0.9749279121818337,-0.22252093395626987,0.973264373700385,0.2296877421317852,0.4470937929850949,-0.8944870822288051,-0.7678804460365841,-0.6405931786981943,-0.7998392447396938,0.6002142805484023,0.3594718130884233,-0.9331559438780432,-0.6708865180801583,0.7415600311898434,0.8926116709398663,-0.45082635781633246,-0.9950052545447352,0.09982255971656288,0.9643784639967462,0.26452632795106906,-0.8048257371083412,-0.5935111901961203,0.5376773767405996,0.8431506618282093,-0.19864794288017135,-0.9800709131432664,-0.1669383594650692,0.9859673342150395,0.5102069876723031,-0.8600516436414469
2024-02-29,11.0,3281.0,0.0,0,1,Lazada,0.0,0,17265.0,1018.5,3676.2,2252.31,3268.0,9283.624285714282,8138.3435714285715,2.956982213915519,-0.8099623515783376,0.0,-0.9749279121818359,-0.22252093395626033,0.4338837391174582,-0.9009688679024672,0.7818314824677083,0.6234898018591367,0.9996684675143134,0.025747913654975835,0.051478754770321114,-0.9986740898848319,-0.9970175264485208,-0.07717546212672163,-0.10282099713730976,0.9946998756145943,0.3433668739963902,-0.9392013574532072,-0.644981268323748,0.7641983796838941,0.8681676914867207,-0.49627095367210255,-0.9857872803589425,0.16799832702297865,0.9835378122597301,0.18070244009238984,-0.8616928164028452,-0.5074302810827637,0.6350683134867312,0.7724559775191845,-0.3312212278016687,-0.9435531242349606,-0.012901459949440811,0.9999167727021949,0.3554553651969281,-0.9346932562893125
2024-03-01,7.0,2728.11,0.0,0,0,Lazada,0.0,0,5289.0,931.6700000000001,4363.66,35178.0,17136.0,8973.124285714282,7526.329285714286,1.883219335095752,-0.48419171866137267,0.0,-0.7818314824680174,0.6234898018587491,-0.9749279121818325,-0.22252093395627562,-0.433883739117407,-0.9009688679024919,0.9837979515735239,-0.17928075881069433,-0.35275208654901613,-0.9357168190405233,-0.8573146280763387,0.5147928015098201,0.6601521206711055,0.7511319308706309,0.3271603271220964,-0.9449688462364052,-0.6183126337097847,0.7859322407147257,0.8414120250581564,-0.5403941192199748,-0.9719036673475091,0.23537897398973906,0.9954253493144538,0.09554252426117667,-0.9093882203647956,-0.41594839182493526,0.7232617254437282,0.6905740195722403,-0.4575313760742427,-0.8891934772070755,0.14144406768793777,0.9899462489023786,0.19021090117413295,-0.981743252115605
2024-03-02,8.0,2873.4,0.0,0,0,Lazada,0.0,1,7900.0,26180.0,2855.26,8439.6,3015.2,9333.615714285712,7416.861428571428,0.7275940964001052,-0.6362784810126583,0.0,-1.5665575338900706e-14,1.0,-3.133115067780141e-14,1.0,-2.743704014599342e-13,1.0,0.9263239682514887,-0.37672789363520076,-0.6979441547663677,-0.7161521883143698,-0.4004539056513242,0.9163169044869796,0.9996684675143148,0.02574791365492096,0.31085696824350373,-0.950456703534915,-0.5909121786151565,0.8067358905889146,0.8124159144868895,-0.5830783668499724,-0.9534201253498683,0.3016455943285785,0.999953184360873,0.009676212407230374,-0.9474042892438848,-0.3200392362231382,0.800980330978282,0.5986906625177327,-0.5751899607119777,-0.8180198708443173,0.2924059769510631,0.9562942772197763,0.019351518818324403,-0.9998127418269003
2024-03-03,28.0,9341.66,0.0,1,0,Lazada,0.0,1,2873.4,2692.2,7406.32,13903.0,5389.04,6004.101428571426,7418.157142857142,1.177343827382686,2.251082341476996,0.0,0.7818314824679978,0.6234898018587736,0.9749279121818464,-0.22252093395621453,0.43388373911749173,-0.9009688679024511,0.8296770135526083,-0.5582437220268806,-0.9263239682515093,-0.3767278936351499,0.20455206612620094,0.9788556850953578,0.6979441547662891,-0.7161521883144464,0.2944616217868,-0.9556633054034708,-0.56281233358248,0.8265847065893751,0.7812565682797518,-0.6242100403868441,-0.9304241352383114,0.3664845543348866,0.9970878407382745,-0.0762616407631344,-0.9753363880767822,-0.22072365096050872,0.8670985522812016,0.49813662847841694,-0.6819721490904695,-0.7313781428679191,0.4363729641045694,0.8997658785476321,-0.1520791094393433,-0.9883683242962292
2024-03-04,9.0,3007.74,0.0,0,0,Lazada,0.0,0,22545.0,5289.0,9725.0,20210.0,4015.9,12144.452857142855,10875.645714285714,0.6416859942444066,-0.8665894876912841,0.0,0.9749279121818429,-0.2225209339562298,-0.43388373911740175,-0.9009688679024944,-0.7818314824683339,0.6234898018583522,0.6979441547663692,-0.7161521883143683,-0.9996684675143149,0.02574791365491706,0.7338853664321648,0.6792733388973301,-0.05147875477020368,-0.9986740898848379,0.27797913939878105,-0.9605871111248125,-0.5340463569360734,0.8454551961182261,0.7480169550331277,-0.6636796177245221,-0.9030245348792242,0.42958897728661627,0.9868505034357969,-0.1616356516011057,-0.9928872135356944,-0.11905873003406445,0.920658816810238,0.3903682146763138,-0.7758587728069765,-0.6309066211876782,0.5699010576127552,0.8217133225960639,-0.3190204483114485,-0.947747832262972
2024-03-05,14.0,4818.7,0.0,0,0,Lazada,0.0,0,3007.74,2728.11,931.6700000000001,3402.27,19234.0,11818.55857142857,10395.841428571428,0.7968705134176329,0.6020999155512112,0.0,0.43388373911766837,-0.9009688679023661,-0.7818314824681823,0.6234898018585422,0.9749279121818547,-0.22252093395617822,0.5366961939916289,-0.8437755598231675,-0.9057022630805001,0.4239143907097997,0.9917226741361032,0.12839835514653838,-0.7678804460365137,-0.6405931786982786,0.2614143985111563,-0.9652266636656129,-0.5046482954181527,0.8633250245021007,0.7127855825108457,-0.7013820024527821,-0.8713510040136402,0.49066019586310566,0.9693168624606888,-0.24581460524014037,-0.9998699583618593,-0.016126573270651114,0.9608854255574946,0.27694620226894706,-0.8550745085896929,-0.5185051443911576,0.6897960046655753,0.7240037789593433,-0.47654448379677133,-0.8791503597012679
2024-03-06,11.0,3606.0,0.0,0,0,Lazada,0.0,0,13264.0,9341.66,2692.2,4395.7,12931.0,14239.014285714284,10121.557857142858,0.42539478722791785,-0.7281363088057902,0.0,-0.4338837391176207,-0.900968867902389,0.7818314824681164,0.6234898018586249,-0.9749279121817688,-0.2225209339565546,0.35275208654907114,-0.9357168190405025,-0.6601521206711938,0.7511319308705532,0.8826787983255652,-0.4699767430272866,-0.9917226741360885,0.12839835514665116,0.2447723008972588,-0.9695805901076309,-0.4746529438919336,0.8801730414269235,0.6756562619728742,-0.7372168036994564,-0.8355534504952122,0.5494091657094419,0.9446165532223619,-0.3281761224987349,-0.9962102997023298,0.08697723131368564,0.987195787291007,0.1595132519726463,-0.91812144828444,-0.39629913726891,0.7931896839451666,0.6089746507720717,-0.6200011953692692,-0.7846008652433907
2024-03-07,11.0,3380.91,0.0,0,0,Lazada,0.0,0,3606.0,34334.0,17265.0,10381.0,6415.0,13419.634285714284,10186.829285714286,0.03428266257882789,-0.062420965058236355,0.0,-0.9749279121818312,-0.22252093395628136,0.43388373911749706,-0.9009688679024486,0.7818314824680932,0.623489801858654,0.15389057670409093,-0.9880878960910726,-0.3041148323275741,0.9526353808033646,0.4470937929850914,-0.8944870822288069,-0.5794210982046598,0.815028337516743,0.22805777122152163,-0.9736476020539835,-0.44409580415922095,0.8959793059709442,0.6367278583822003,-0.7710886034432209,-0.7958013007903744,0.6055578334563497,0.9129321980697772,-0.4081112614563399,-0.9819471901866474,0.18915526872003352,0.9992088560679749,0.03977011384606492,-0.963807423136728,-0.2665994206793036,0.8776087166898333,0.47937765946070526,-0.7451558219567319,-0.6668903965450299
2024-03-08,12.0,4966.0,0.0,0,0,Lazada,0.0,0,16319.0,3007.74,5289.0,20041.0,13379.0,8108.335714285712,10126.394285714285,0.6544350337819073,-0.6956921379986518,0.0,-0.7818314824680308,0.6234898018587323,-0.9749279121818228,-0.22252093395631764,-0.4338837391175536,-0.9009688679024213,-0.051478754770319164,-0.998674089884832,0.10282099713730589,0.9946998756145947,-0.15389057670403672,-0.988087896091081,0.2045520661260935,0.9788556850953802,0.21127575558217981,-0.9774264960104054,-0.4130130429412817,0.910725110206358,0.59610402715521,-0.802907210584972,-0.7522826980987242,0.658840452720766,0.8744980560685783,-0.48502901968055245,-0.9572324433233163,0.2893199776186812,0.9967506498213936,-0.08054900421873382,-0.9912685467787254,-0.13185851571739224,0.9410336347451123,0.3383130181923283,-0.8483138696949826,-0.5294937001354446
2024-03-09,15.0,4935.24,0.0,0,0,Lazada,0.0,1,11270.0,13264.0,2873.4,4363.66,3094.7,9959.415714285711,11357.029285714287,0.5500130950437422,-0.5620905057675244,0.0,-3.7226786771533185e-14,1.0,-7.445357354306637e-14,1.0,-1.1168036031459955e-13,1.0,-0.25467112024120425,-0.9670277247913268,0.49254806795382033,0.8702852410301801,-0.6979441547663706,-0.716152188314367,0.8573146280762802,0.5147928015099176,0.19443122004766467,-0.980916153741377,-0.38144144907279703,0.9243930013415532,0.5538929381563772,-0.8325879011014367,-0.7052036118889481,0.7090048418584896,0.8295982910008795,-0.5583607038182578,-0.9223291176290519,0.38640522612099143,0.9798567700958678,-0.19970155256605696,-0.9999855506507187,0.0053757315575637035,0.9819471901866397,0.18915526872007393,-0.9264301712993498,-0.37646664886315956
2024-03-10,20.0,6380.5,0.0,0,0,Lazada,0.0,1,4935.24,3606.0,9341.66,7797.0,4847.72,8769.592857142854,11504.30357142857,0.6958675573732827,0.292844927500993,0.0,0.7818314824679844,0.6234898018587904,0.974927912181856,-0.22252093395617248,0.43388373911775485,-0.9009688679023243,-0.4470937929850931,-0.894487082228806,0.7998392447396915,0.6002142805484054,-0.983797951573514,-0.1792807588107483,0.9601498736716277,-0.2794856348515202,0.17752914918703638,-0.9841155426010337,-0.34941838995940033,0.9369668023778539,0.5102069876723102,-0.8600516436414426,-0.6547868630645547,0.7558135775163609,0.7785648703932949,-0.6275641342440402,-0.8776087166898394,0.4793776594606941,0.9487718864399491,-0.3159618766578971,-0.9897936029670732,0.14250832791616014,0.9993706508539973,0.03547255575311298,-0.9771987776823832,-0.21232651482105638
2024-03-11,9.0,2751.63,0.0,0,0,Lazada,0.0,0,9253.0,4966.0,3007.74,9391.0,2219.7,9951.391428571427,9029.863571428572,0.3112976924223928,-0.7026229331027775,0.0,0.9749279121818477,-0.22252093395620878,-0.4338837391173629,-0.9009688679025132,-0.7818314824682325,0.6234898018584794,-0.6206094818274062,-0.7841198065767235,0.9732643737003728,0.2296877421318367,-0.9057022630804984,0.42391439070980325,0.44709379298518953,-0.8944870822287577,0.1605745445949943,-0.9870237158387382,-0.31698176735052885,0.9484316312562204,0.4651624991319077,-0.8852253099642814,-0.6012710693734836,0.7990451183346704,0.7217751111067979,-0.6921276536786906,-0.8235472349556054,0.567247698802716,0.9039461929224032,-0.42764620926777014,-0.9608854255574981,0.2769462022689348,0.992887213535696,-0.11905873003405179,-0.9991210282680486,-0.04191862202646109
2024-03-12,12.0,3903.08,0.0,0,0,Lazada,0.0,0,2751.63,16910.0,4818.7,1018.5,12216.0,9635.052857142855,9011.57,0.027484264316385145,0.4184610576276606,0.0,0.4338837391176878,-0.9009688679023566,-0.7818314824682093,0.6234898018585086,0.9749279121818185,-0.22252093395633685,-0.7678804460365878,-0.6405931786981898,0.9837979515735232,-0.1792807588106982,-0.4925480679538647,0.870285241030155,-0.35275208654902346,-0.9357168190405205,0.14357242341181403,-0.9896398128792409,-0.28416997247977355,0.9587739184713175,0.4188794133697502,-0.9080418696596616,-0.5449095160526379,0.8384948534816895,0.6596488896351503,-0.7515739101399896,-0.7607200913564205,0.6490800741100279,0.8460288880917359,-0.533137056031806,-0.9138076496466699,0.4061472386305598,0.9626519747161589,-0.27074189844772756,-0.9915497906051849,0.12972668480622637
2024-03-13,4.0,1345.45,0.0,0,0,Lazada,0.0,0,8303.0,6380.5,3606.0,7173.0,1252.2,8440.029999999999,8604.81142857143,0.26185598877768607,-0.8379561604239432,0.0,-0.43388373911760125,-0.9009688679023984,0.7818314824680895,0.6234898018586587,-0.9749279121817038,-0.22252093395683933,-0.8826787983255394,-0.469976743027335,0.8296770135526378,-0.5582437220268366,0.10282099713730979,0.9946998756145943,-0.9263239682514695,-0.37672789363524795,0.12652781683868455,-0.9919630595773394,-0.25102184062588545,0.9679814231320726,0.3714809692572993,-0.9284405686308939,-0.48596895705255383,0.8739760710575851,0.592645537737633,-0.8054633862564281,-0.6897960046656051,0.7240037789593149,0.7758587728069846,-0.6309066211876683,-0.8494504794814867,0.5276683455625062,0.9093882203647892,-0.4159483918249495,-0.9547085633518312,0.2975425331993437
2024-03-14,2.0,672.0,0.0,0,0,Lazada,0.0,0,8835.0,9253.0,16319.0,2692.2,11916.0,6705.022857142855,8832.921428571428,0.7709002173017347,-0.9239388794567063,0.0,-0.9749279121818264,-0.22252093395630237,0.4338837391175359,-0.9009688679024298,0.7818314824679111,0.6234898018588824,-0.9601498736715977,-0.27948563485162375,0.5366961939916256,-0.8437755598231697,0.660152120671241,0.7511319308705119,-0.9057022630804967,0.4239143907098068,0.10944576864891564,-0.993992768446958,-0.21757660514828192,0.9760432474496961,0.3230933755523472,-0.9463670908660075,-0.42472835251601865,0.9053208417842973,0.5212604463582908,-0.8533976488497935,-0.6115298757991064,0.7912213413483798,0.6944521021088776,-0.7195389342325826,-0.7690308592589196,0.6392116531380572,0.8343701235229551,-0.5512045872199256,-0.8896848787211186,0.4565750941247108
2024-03-15,13.0,4262.85,0.0,0,1,Lazada,0.0,0,21577.0,3903.08,16910.0,3281.0,2252.31,8168.5042857142835,8901.778571428571,5.1409512693257176,-0.8024354636881865,0.0,-0.7818314824680443,0.6234898018587154,-0.9749279121818133,-0.2225209339563597,-0.4338837391172905,-0.900968867902548,-0.9970175264485257,-0.0771754621266591,0.15389057670408707,-0.9880878960910732,0.9732643737003737,0.22968774213183288,-0.3041148323275666,0.952635380803367,0.09233133369539397,-0.995728338864587,-0.18387385105133303,0.9829498496360596,0.27384547484055927,-0.9617737030660324,-0.36147754848582203,0.9323808137991044,0.446021402940702,-0.895022294760755,-0.5267547528105614,0.8500173118186972,0.6029878670694717,-0.7977503570459928,-0.6740694616546319,0.7386679638813604,0.739392263595933,-0.6732748922501732,-0.798398199144797,0.6021298162376159
2024-03-16,4.0,1287.08,0.0,0,0,Lazada,0.0,1,14048.0,8303.0,4935.24,2728.11,35178.0,8434.757142857141,8196.839285714286,5.071134961115868,-0.9083798405466971,0.0,-5.878799820416566e-14,1.0,-1.1757599640833132e-13,1.0,5.1009680830735084e-14,1.0,-0.9917226741361029,0.12839835514654033,-0.2546711202412081,-0.9670277247913258,0.9263239682514857,-0.37672789363520803,0.49254806795382716,0.8702852410301763,0.07518957641475997,-0.9971692572470177,-0.14995346813244817,0.9886930551971379,0.223868400463725,-0.9746193817454141,-0.2965159050905537,0.9550279147901017,0.36748468921842375,-0.930029571137412,-0.4363729641045809,0.8997658785476266,0.502790719779304,-0.864408174477665,-0.5663619330814623,0.8241566360566596,0.6267266965083269,-0.7792391467859913,-0.6835432558267516,0.7299100063800771
2024-03-17,5.0,1643.76,0.0,0,0,Lazada,0.0,1,10601.0,8835.0,15945.0,2873.4,8439.6,8754.704285714284,8237.720714285713,5.308693568169298,-0.8449429299122724,0.0,0.781831482467971,0.6234898018588073,0.9749279121818656,-0.22252093395613043,0.4338837391176083,-0.9009688679023949,-0.944489228783664,0.3285423819108266,-0.6206094818274093,-0.7841198065767211,0.5366961939916223,-0.8437755598231718,0.9732643737003746,0.22968774213182908,0.058025569328780884,-0.9983150972033182,-0.11585560376947954,0.9932660666081417,0.1732952273485838,-0.984869922466009,-0.23015087970124468,0.9731549581504187,0.28623096833217104,-0.958160650813645,-0.3413465142450583,0.9399375283564053,0.3953117887649139,-0.918546999158717,-0.4479449394078936,0.8940611451454864,0.49906860268853753,-0.8665624788845353,-0.5485105018003457,0.8361436655352554
2024-03-18,5.0,1505.5,0.0,0,0,Lazada,0.0,0,11611.0,21577.0,2751.63,34334.0,5804.53,9290.098571428569,7384.632142857144,1.738501099269397,-0.8703384721384894,0.0,0.9749279121818525,-0.22252093395618774,-0.43388373911732403,-0.9009688679025318,-0.7818314824681311,0.6234898018586066,-0.8573146280763356,0.5147928015098251,-0.8826787983255413,-0.46997674302733156,-0.05147875477038377,-0.9986740898848286,0.8296770135526335,-0.5582437220268431,0.040844391543295756,-0.9991655196610109,-0.08162061540318981,0.9966634713589159,0.12226061766546709,-0.9924980309139452,-0.16269657176438831,0.9866761502824092,0.20286099168259297,-0.9792075459541532,-0.24268684458259757,0.9701046827361169,0.28210766268191734,-0.9593827529490748,-0.3210576541852648,0.9470596510722304,0.3594718130884131,-0.9331559438780471,-0.3972860276706755,0.9176948361071099
2024-03-19,26.0,8568.0,0.0,0,0,Lazada,0.0,0,19581.0,14048.0,12544.0,3007.74,20210.0,8611.04857142857,8415.474285714286,3.160053214667545,-0.5624329707369389,0.0,0.4338837391177072,-0.9009688679023473,-0.7818314824682362,0.6234898018584748,0.9749279121818835,-0.2225209339560521,-0.7338853664322021,0.6792733388972898,-0.997017526448526,-0.07717546212665519,-0.6206094818274124,-0.7841198065767186,0.1538905767040793,-0.9880878960910744,0.023651127245233453,-0.9997202729664082,-0.047289022771136086,0.9988812483600595,0.07090046226091627,-0.9974833955766824,-0.09447223619871939,0.995527496650702,0.11799115725973111,-0.9930146458177288,-0.1414440676879504,0.9899462489023768,0.16481784665719454,-0.9863240225317872,-0.1880994176118099,0.9821499931752268,0.21127575558217956,-0.9774264960104054,-0.23433389447179165,0.9721561736170188
2024-03-20,8.0,2765.0,0.0,0,0,Lazada,0.0,0,8568.0,1287.08,8303.0,4818.7,3402.27,7828.191428571427,8131.4742857142855,3.1930663945028805,-0.6772875816993464,0.0,-0.433883739117377,-0.9009688679025063,0.7818314824677791,0.6234898018590479,-0.9749279121818412,-0.22252093395623737,-0.5794210982045656,0.81502833751681,-0.9444892287836628,0.3285423819108303,-0.9601498736716156,-0.27948563485156164,-0.6206094818274155,-0.7841198065767162,0.006450864198105686,-0.9999791929590823,-0.012901459949420723,0.9999167727021951,0.019351518818318526,-0.9998127418269004,-0.02580077239154279,0.999667104662347,0.03224895228929914,-0.9994798672690923,-0.03869579017651581,0.9992510374388486,0.0451410177739676,-0.998980624694158,-0.051584366869411605,0.9986686402879996,0.05802556932879127,-0.9983150972033177,-0.06446435710735199,0.997920010152485
2024-03-21,15.0,5008.0,0.0,0,0,Lazada,0.0,0,12592.0,11611.0,672.0,3606.0,4395.7,10056.071428571426,8891.727857142858,1.8840748872318502,-0.602287166454892,0.0,-0.9749279121818215,-0.22252093395632339,0.4338837391175747,-0.9009688679024112,0.7818314824680126,0.6234898018587551,-0.4004539056512667,0.9163169044870046,-0.7338853664321995,0.6792733388972927,-0.9444892287836615,0.328542381910834,-0.9970175264485266,-0.07717546212664736,-0.010751307763522728,-0.9999422030204416,0.021501372740815386,0.999768818762748,-0.032248952289306486,-0.9994798672690921,0.042992804053725096,0.999075381940521,-0.0537316861097096,-0.9985554095330953,0.06446435710736666,0.9979200101524841,-0.07518957641473542,-0.9971692572470195,0.08590610426133877,0.996303237599196,-0.09661270188120989,-0.9953220513156595,0.1073081316563696,0.9942258118156153
2024-03-22,0.0,0.0,0.0,0,0,Lazada,0.0,0,5008.0,1505.5,21577.0,3380.91,10381.0,9112.785714285712,9201.442142857142,1.8655518118230627,-1.0,0.0,-0.7818314824680577,0.6234898018586985,-0.9749279121818036,-0.22252093395640174,-0.4338837391170274,-0.9009688679026747,-0.20455206612619903,0.9788556850953583,-0.40045390565126315,0.9163169044870062,-0.5794210982046055,0.8150283375167816,-0.7338853664321942,0.6792733388972985,-0.027950298240208452,-0.9996093140964041,0.0558787569053694,0.9984375616565668,-0.08376355348526711,-0.9964856582548094,0.11158289958599414,0.9937551290534212,-0.13931505795483404,-0.9902481076109367,0.16693835946505667,0.9859673342150416,-0.1944312200476405,-0.9809161537413817,0.22177215755646912,0.9750985130399639,-0.24893980855376285,-0.9685189578512213,0.27591294500296476,0.9611826292540825
2024-03-23,4.0,1371.0,0.0,0,0,Lazada,0.0,1,12619.0,8568.0,14048.0,4966.0,20041.0,7903.142857142855,8257.095714285713,0.12060519175880073,-0.8913543069973849,0.0,-8.034920963679814e-14,1.0,-1.6069841927359627e-13,1.0,-2.410476289103944e-13,1.0,3.923821602364237e-15,1.0,7.847643204728474e-15,1.0,1.1771464807092711e-14,1.0,1.5695286409456948e-14,1.0,-0.04514101777397139,-0.9989806246941579,0.09019000427034406,0.99592457702866,-0.13505511584033925,-0.9908380875225541,0.1796448837103109,0.9837315262594306,-0.22386840046373216,-0.9746193817454125,0.26763550537875747,0.9635202313707051,-0.3108569682434837,-0.9504567035349215,0.35344467127408413,0.9354554315134178,-0.3953117887649013,-0.9185469991587224,0.4363729641045941,0.8997658785476201
2024-03-24,17.0,4798.45,0.0,0,0,Lazada,0.0,1,14199.0,12592.0,1643.76,4935.24,4363.66,8734.857142857141,8613.447142857143,1.1614784228372828,-0.6620571871258539,0.0,0.7818314824680993,0.6234898018586463,0.974927912181774,-0.22252093395653175,0.4338837391178714,-0.9009688679022683,0.20455206612620672,0.9788556850953566,0.40045390565127753,0.9163169044869999,0.579421098204532,0.8150283375168338,0.7338853664322155,0.6792733388972755,-0.062318379354325874,-0.998056320853012,0.12439450483980156,0.9922328391893006,-0.18598706431515272,-0.9825521929686134,0.24685662543348702,0.9690520143313212,-0.3067665664015056,-0.951784783308827,0.3654839958132957,0.9308176238148625,-0.4227806579826848,-0.9062320427107663,0.47843382025470604,0.8781236129591822,-0.5322271388474417,-0.8466016020976254,0.5839514998576998,0.8117885474764612
2024-03-25,35.0,10704.04,0.0,0,0,Lazada,0.0,0,7268.0,0.0,1505.5,15945.0,2855.26,7944.349999999998,8528.567857142856,1.5930960455927181,0.4727627958172813,0.0,0.9749279121818067,-0.2225209339563884,-0.4338837391176949,-0.9009688679023533,-0.7818314824680296,0.6234898018587338,0.4004539056512739,0.9163169044870015,0.7338853664322101,0.6792733388972813,0.9444892287836693,0.32854238191081175,0.9970175264485241,-0.07717546212667865,-0.07947729992361956,-0.9968366760893437,0.1584517749608335,0.9873667175937021,-0.2364237814212153,-0.9716500376053578,0.31290001787994826,0.9497860700235228,-0.3873966461222858,-0.9219131404710557,0.4594423522174495,0.8882075911569868,-0.5285813283559374,-0.8488826652214502,0.5943761565849721,0.8041871576214561,-0.6564105761979317,-0.7544038410927526,0.7142921172691015,0.6998476771464088
2024-03-26,14.0,3945.3,0.0,0,0,Lazada,0.0,0,10704.04,12619.0,19581.0,9253.0,7406.32,9473.49857142857,9185.60642857143,1.2753081049664783,-0.6314195387909611,0.0,0.43388373911752176,-0.9009688679024366,-0.7818314824679795,0.6234898018587967,0.9749279121818473,-0.2225209339562107,0.579421098204572,0.8150283375168055,0.9444892287836679,0.3285423819108155,0.9601498736716091,-0.27948563485158423,0.6206094818273908,-0.7841198065767357,-0.09661270188120256,-0.9953220513156603,0.19232150523909378,0.9813319716704277,-0.2862309683321781,-0.9581606508136429,0.3774624838618088,0.9260248772451385,-0.4651624991319016,-0.8852253099642845,0.548510501800358,0.8361436655352473,-0.6267266965083383,-0.779239146785982,0.6990793005655531,0.7150441465537475,-0.7648913904341104,-0.644159266672283,0.8235472349555977,0.5672476988027272
2024-03-27,19.0,5581.49,0.0,0,0,Lazada,0.0,0,12234.0,15355.0,2765.0,3903.08,1018.5,9786.255714285711,8330.627857142857,0.16796993154953818,-0.5437722739905182,0.0,-0.4338837391175624,-0.900968867902417,0.7818314824680358,0.623489801858726,-0.9749279121817762,-0.22252093395652212,0.7338853664321688,0.6792733388973258,0.9970175264485336,-0.07717546212655749,0.620609481827394,-0.7841198065767333,-0.15389057670388565,-0.9880878960911046,-0.1137195145859465,-0.993512894733801,0.22596360824801281,0.9741357440046734,-0.33527600248401246,-0.9421199510456938,0.44023845527731703,0.8978808954950772,-0.5394891616674083,-0.8419925441732824,0.6317404220940674,0.775180004316681,-0.7157953492826725,-0.69831011588355,0.7905633969115339,0.6123802049900834,-0.8550745085896925,-0.5185051443911584,0.9084917035725049,0.4179028888867939
2024-03-28,13.0,4227.54,0.0,0,0,Lazada,0.0,0,9201.0,7268.0,5008.0,1345.45,7173.0,8721.547142857142,8171.5199999999995,0.2554590271837966,-0.5405347244864689,0.0,-0.9749279121818167,-0.22252093395634442,0.4338837391176136,-0.9009688679023924,0.7818314824678304,0.6234898018589835,0.8573146280763397,0.5147928015098184,0.8826787983255339,-0.4699767430273454,0.051478754770360256,-0.9986740898848298,-0.829677013552651,-0.558243722026817,-0.13079267585676044,-0.9914097417023037,0.259338265975408,0.9657865518844568,-0.38342829071163154,-0.9235706501843574,0.5009308193361668,0.8654873276017371,-0.609827097705929,-0.7925344856241672,0.7082462315032366,0.7059654917639131,-0.7944973291665898,-0.607267646056626,0.8670985522812152,0.49813662847839313,-0.9248025743285041,-0.3804473662878632,0.9666180104000944,0.2562218218071265
2024-03-29,3.0,898.91,0.0,0,1,Lazada,0.0,0,14464.0,3945.3,12619.0,672.0,2692.2,8824.332857142856,9148.915714285715,0.49005615767505095,-0.9378519081858407,0.0,-0.7818314824680712,0.6234898018586816,-0.9749279121817941,-0.22252093395644376,-0.43388373911758366,-0.9009688679024068,0.9444892287836667,0.3285423819108192,0.620609481827397,-0.7841198065767309,-0.5366961939916421,-0.8437755598231591,-0.9732643737003673,0.2296877421318596,-0.1478271334705295,-0.9890132145779885,0.29240597695107545,0.9562942772197726,-0.4305596169818744,-0.9025621398133326,0.5592523247663403,0.8289974892865742,-0.6756562619728691,-0.7372168036994611,0.7772136184407389,0.6292368324488432,-0.8616928164028447,-0.5074302810827646,0.927237546217952,0.3744736744868875,-0.9724075561219914,-0.23328854407547772,0.9962102997023285,0.0869772313136993
2024-03-30,10.0,3364.15,0.0,0,0,Lazada,0.0,1,0.0,5581.49,15355.0,4262.85,3281.0,6641.419999999998,8213.837857142857,0.14554341726030304,0.0,0.0,-1.0191042106943061e-13,1.0,-2.0382084213886122e-13,1.0,-7.835758776505978e-14,1.0,0.9917226741360966,0.12839835514658893,0.25467112024130284,-0.9670277247913008,-0.9263239682514945,-0.3767278936351862,-0.49254806795399775,0.8702852410300798,-0.16481784665719476,-0.9863240225317872,0.32512760299990323,0.9456701548465709,-0.4765444837967765,-0.8791503597012651,0.6149269413476258,0.7885840835350746,-0.7364899449095519,-0.6764484910524416,0.8379085086871796,0.5458107099257276,-0.9164086366943403,-0.40024393885731835,0.9698431969672882,0.2437297136097071,-0.9967506498213925,-0.08054900421874749,0.9963950238187245,-0.0848348779057495
2024-03-31,7.0,2186.3,0.0,0,1,Lazada,0.0,1,3364.15,12117.0,14199.0,14048.0,5289.0,6324.657142857141,7357.348571428572,-0.1079638897982441,-0.35011815763268583,0.0,0.7818314824679441,0.6234898018588411,0.9749279121818848,-0.22252093395604636,0.43388373911731515,-0.9009688679025362,0.9970175264485295,-0.07717546212661025,-0.15389057670399023,-0.9880878960910883,-0.9732643737003682,0.2296877421318558,0.3041148323273799,0.9526353808034266,-0.1817597875913735,-0.9833429613388905,0.3574644155648579,0.9339267592294775,-0.5212604463582728,-0.8533976488498045,0.6676911663366939,0.7444383832097491,-0.7918783711724119,-0.6106788397098166,0.8896848787210994,0.45657509412474834,-0.9578523554276631,-0.2872609705506088,0.9941098647022403,0.10837701279189063,-0.9972495210773463,0.07411742515092769,0.967166729797736,-0.2541427094613442
2024-04-01,6.0,1830.09,0.0,0,0,Lazada,0.0,0,10162.0,4227.54,7268.0,10601.0,7900.0,5043.271428571426,6882.409285714287,0.49358867066780654,-0.8199084825821689,0.0,0.9749279121818115,-0.22252093395636738,-0.43388373911765604,-0.900968867902372,-0.7818314824682117,0.6234898018585054,0.9601498736715954,-0.27948563485163125,-0.5366961939916388,-0.8437755598231612,-0.6601521206712232,0.7511319308705273,0.90570226308051,0.4239143907097784,-0.19864794288017015,-0.9800709131432667,0.38937814154519973,0.9210779895789534,-0.5645884386042881,-0.8253725795023554,0.7172952716008834,0.6967693257736128,-0.8414120250581527,-0.5403941192199806,0.9319916318560569,0.36247978998874414,-0.9854237542919503,-0.17011767832050245,0.999578685547896,-0.029025013321969936,-0.9738922359149986,0.2270108209413918,0.9093882203648014,-0.41594839182492277
2024-04-02,7.0,2352.0,0.0,0,0,Lazada,0.0,0,7852.0,898.91,3945.3,11611.0,9341.66,3756.2071428571408,6290.2699999999995,0.6780082909956687,-0.7004584819154356,0.0,0.4338837391175412,-0.9009688679024273,-0.7818314824680064,0.6234898018587629,0.9749279121818111,-0.22252093395636932,0.8826787983255625,-0.46997674302729175,-0.8296770135525832,-0.5582437220269179,-0.10282099713728636,0.9946998756145967,0.9263239682515433,-0.3767278936350664,-0.21547731504673046,-0.9765088461966189,0.42083100859565625,0.9071390534005042,-0.606413090248277,-0.7951497745554199,0.7635044855580861,0.6458025244087253,-0.884724678268256,-0.46611398140704924,0.9643784639967459,0.26452632795107,-0.9987235240803968,-0.05051061718523319,0.9861462483415944,-0.1658781989346354,-0.9272375462179469,0.3744736744869003,0.8247650844733749,-0.5654755126737379
2024-04-03,7.0,2310.46,0.0,0,0,Lazada,0.0,0,11630.0,3364.15,5581.49,19581.0,22545.0,5625.219999999998,6133.320000000001,1.1730630625209117,-0.8013361994840928,0.0,-0.433883739117543,-0.9009688679024264,0.7818314824680088,0.6234898018587598,-0.9749279121818124,-0.2225209339563635,0.7678804460366192,-0.6405931786981521,-0.9837979515735056,-0.17928075881079458,0.49254806795388517,0.8702852410301435,0.35275208654920687,-0.9357168190404513,-0.23224292400906835,-0.9726578145718658,0.45178578983288065,0.8921264484954362,-0.6466230339778823,-0.7628097088587943,0.8061001043286268,0.5917792002101604,-0.9214960976269893,-0.3883876183122092,0.9865006565801172,0.16375730385847698,-0.997559047778862,0.06982797572986149,0.9540665500578431,-0.2995947563972458,-0.8584015232919022,0.5129783862992102,0.7157953492826827,-0.6983101158835394
2024-04-04,24.0,7422.96,0.0,1,0,Lazada,0.0,0,6550.0,10162.0,9201.0,2765.0,4818.7,6098.078571428569,5502.032142857142,0.9831048201036052,0.13327633587786258,0.0,-0.974927912181812,-0.22252093395636544,0.43388373911765243,-0.9009688679023737,0.7818314824679319,0.6234898018588563,0.6206094818274001,-0.7841198065767284,-0.9732643737003692,0.22968774213185197,0.9057022630804602,0.4239143907098849,-0.4470937929852176,-0.8944870822287437,-0.24893980855376605,-0.9685189578512206,0.4822058478963517,0.8760579434344287,-0.6851112019949088,-0.7284384949335745,0.8448805268402655,0.534955040509121,-0.9514544127333336,-0.30778970172874087,0.9981227456866071,0.0612452818021826,-0.9819471901866476,0.18915526872003255,0.9039461929224036,-0.42764620926776925,-0.7690308592589383,0.6392116531380345,0.5856957398073741,-0.8105309990194655
2024-04-05,4.0,1160.25,0.0,0,0,Lazada,0.0,0,35565.0,7852.0,14464.0,12592.0,13264.0,10526.059999999998,7613.419285714285,1.0335687969784957,-0.9673766343315057,0.0,-0.7818314824680846,0.6234898018586648,-0.9749279121817844,-0.2225209339564858,-0.43388373911732053,-0.9009688679025335,0.44709379298513696,-0.894487082228784,-0.7998392447397503,0.600214280548327,0.9837979515735098,-0.17928075881077146,-0.960149873671573,-0.2794856348517084,-0.2655630278040563,-0.9640935007889754,0.5120551783114652,0.858952556527084,-0.7217751111067933,-0.6921276536786956,0.8796622089871299,0.4755989887288271,-0.9743781260415358,-0.22491613435186195,0.9991210282680492,-0.04191862202644739,-0.9521140536681125,0.30574307646727583,0.8367329140344903,-0.547611203840234,-0.6612634749656278,0.7501537286959138,0.4383067230125471,-0.8988254650164303
2024-04-06,5.0,1417.4099999999999,0.0,0,0,Lazada,0.0,1,13100.0,11630.0,0.0,0.0,3380.91,11105.524285714284,7534.657857142857,1.9127973600641701,-0.8918007633587787,0.0,-1.2347163250206308e-13,1.0,-2.4694326500412615e-13,1.0,-3.704148975061893e-13,1.0,0.25467112024125166,-0.9670277247913143,-0.4925480679539056,0.8702852410301319,0.6979441547663537,-0.7161521883143834,-0.857314628076381,0.5147928015097495,-0.28210766268191756,-0.9593827529490747,0.541298452103614,0.8408305333122909,-0.7565171356105634,-0.6539738706764884,0.9102805323267987,0.4139919715004628,-0.990097750508707,-0.14037964395737101,0.9894848788166601,-0.14463635294482324,-0.908491703572511,0.4179028888867805,0.7536976643929243,-0.65722129506632,-0.5376773767406111,0.843150661828202,0.27797913939881247,-0.9605871111248034
2024-04-07,24.0,6835.67,0.0,0,0,Lazada,0.0,1,16371.0,6550.0,2186.3,1371.0,4966.0,11655.231428571426,8564.962142857143,3.1890673696907745,-0.5824525074827438,0.0,0.7818314824679307,0.6234898018588578,0.9749279121818943,-0.2225209339560043,0.43388373911757827,-0.9009688679024094,0.0514787547703681,-0.9986740898848294,-0.10282099713740335,0.9946998756145846,0.15389057670401346,-0.9880878960910847,-0.20455206612628535,0.9788556850953402,-0.2985688173637189,-0.9543881083175912,0.5699010576127601,0.8217133225960606,-0.7892447672427545,-0.6140787387460425,0.93659058320398,0.350425569063715,-0.9984970627014769,-0.05480525318364054,0.969316862460689,-0.24581460524013943,-0.851711910746922,0.5240103253675706,0.6564105761979429,-0.7544038410927429,-0.4012289854475076,0.9159777842484847,0.10944576864895168,-0.9939927684469542
2024-04-08,13.0,4229.05,0.0,0,0,Lazada,0.0,0,9837.0,35565.0,1830.09,14199.0,11270.0,12040.904285714283,8873.845714285713,2.6097087638511636,-0.5700874250279557,0.0,0.9749279121818163,-0.22252093395634637,-0.4338837391176172,-0.9009688679023907,-0.7818314824681103,0.6234898018586327,-0.15389057670404252,-0.9880878960910802,0.3041148323274807,0.9526353808033944,-0.44709379298501073,-0.8944870822288472,0.5794210982045,0.8150283375168565,-0.3149416207289518,-0.9491110448902284,0.5978291414589549,0.8016235510652421,-0.8198708615029179,-0.572548487430072,0.9584678386132248,0.28520063524489764,-0.9995139620968311,0.031174341588789924,0.9388316432829713,-0.3443764590830734,-0.7825970017677859,0.6225286602431025,0.5467112728685914,-0.8373211953118137,-0.2551824131233629,0.9668929289391548,-0.062318379354342875,-0.9980563208530109
2024-04-09,11.0,3571.0,0.0,0,0,Lazada,0.0,0,11051.0,13100.0,2352.0,7268.0,6380.5,8977.304285714285,9273.7,1.4115603522251747,-0.676861822459506,0.0,0.4338837391175606,-0.9009688679024179,-0.7818314824680332,0.6234898018587292,0.9749279121817749,-0.22252093395652794,-0.35275208654907847,-0.9357168190404997,0.6601521206712055,0.7511319308705429,-0.8826787983255763,-0.4699767430272658,0.9917226741360926,0.12839835514662,-0.3312212278016843,-0.9435531242349552,0.625049648610434,0.7805849965070895,-0.8483138696949932,-0.5294937001354275,0.9758087555546664,0.21862587354394586,-0.9931409302238685,0.11692344809348153,0.8983536994820097,-0.43927284303378794,-0.7021479494047002,0.7120310787787107,0.4266740831899393,-0.9044054548342932,-0.1030313790431794,0.9946781061893645,-0.23224292400908492,-0.9726578145718618
2024-04-10,13.0,4147.58,0.0,0,0,Lazada,0.0,0,13615.0,6835.67,6550.0,12234.0,2751.63,9484.674285714284,10569.952857142856,0.5329516244698037,-0.6953668747704738,0.0,-0.4338837391175236,-0.9009688679024358,0.781831482467982,0.6234898018587935,-0.9749279121817475,-0.22252093395664824,-0.5366961939915875,-0.8437755598231939,0.9057022630804585,0.42391439070988846,-0.9917226741361147,0.12839835514644898,0.7678804460366393,-0.640593178698128,-0.34740282118427646,-0.9377159910299097,0.6515303615068007,0.7586225596664112,-0.8744980560685749,-0.48502901968055845,0.9885312610933427,0.1510163760696354,-0.979425086251805,0.2018080781848046,0.8483138696949899,-0.529493700135433,-0.6115298757991072,0.7912213413483793,0.29856881736372637,-0.9543881083175889,0.05158436686939693,0.9986686402880004,-0.39531178876492656,-0.9185469991587116
2024-04-11,8.0,2682.0,0.0,0,0,Lazada,0.0,0,4147.58,9837.0,7422.96,5581.49,3903.08,9100.661428571426,10398.35142857143,0.41974780362085123,-0.35335786169284256,0.0,-0.9749279121818072,-0.22252093395638645,0.4338837391176913,-0.900968867902355,0.7818314824680334,0.6234898018587292,-0.6979441547663341,-0.7161521883144025,0.9996684675143124,0.02574791365501502,-0.7338853664322261,0.6792733388972639,0.051478754770399406,-0.9986740898848278,-0.36348161248290295,-0.93160137257672,0.6772399381909436,0.7357622347736575,-0.8983536994820126,-0.4392728430337822,0.9965751408026848,0.08269213223825354,-0.958467838613223,0.28520063524490374,0.7892447672427593,-0.6140787387460362,-0.5120551783114659,0.8589525565270837,0.16481784665722352,-0.9863240225317824,0.20496611396950132,0.9787690698649204,-0.5467112728686021,-0.8373211953118067
2024-04-12,79.0,25596.25,0.0,0,0,Lazada,0.0,0,12914.0,11051.0,1160.25,9201.0,8303.0,9319.225714285712,8441.782857142858,0.9560461963673175,0.982054359609726,0.0,-0.7818314824680981,0.623489801858648,-0.9749279121817749,-0.22252093395652786,-0.4338837391174671,-0.900968867902463,-0.8296770135526127,-0.558243722026874,0.9263239682515033,-0.37672789363516446,-0.2045520661262892,0.9788556850953394,-0.6979441547663117,-0.7161521883144244,-0.3794528437245455,-0.9252110782893576,0.7021479494046996,0.7120310787787113,-0.919817279050217,-0.39234700605542416,0.9999023237537765,0.013976514293550749,-0.9304241352383118,0.3664845543348857,0.7217751111067987,-0.6921276536786899,-0.405164522420756,0.9142437912130226,0.02795029824019853,-0.9996093140964043,0.3534446712740832,0.9354554315134181,-0.6819721490904681,-0.7313781428679205
2024-04-13,35.0,11119.77,0.0,0,0,Lazada,0.0,1,23113.0,13615.0,16371.0,898.91,672.0,16029.261428571426,12953.824999999999,0.4534039471366253,-0.5188954268160775,0.0,-1.4503284393469555e-13,1.0,-2.900656878693911e-13,1.0,2.4702249452560947e-13,1.0,-0.9263239682514915,-0.3767278936351935,0.6979441547663565,-0.7161521883143807,0.4004539056512416,0.9163169044870156,-0.999668467514314,0.025747913654952336,-0.39531178876491413,-0.918546999158717,0.726224914604153,0.6874571793269678,-0.9388316432829686,-0.3443764590830808,0.9984970627014781,-0.05480525318361852,-0.8955013179435025,0.44505886078298684,0.6466230339778775,-0.7628097088587984,-0.2924059769510762,0.9562942772197723,-0.10944576864890786,-0.9939927684469589,0.49346814167722375,0.8697638720650723,-0.7971015927871969,-0.6038452208770999
2024-04-14,27.0,9414.56,0.0,0,0,Lazada,0.0,1,5880.0,2682.0,9837.0,3364.15,4262.85,15920.28857142857,12510.475000000002,0.6217794183222267,0.6011156462585032,0.0,0.7818314824679172,0.6234898018588747,0.974927912181904,-0.22252093395596226,0.4338837391178414,-0.9009688679022827,-0.9837979515735151,-0.1792807588107425,0.35275208654910784,-0.9357168190404888,0.8573146280762923,0.5147928015098974,-0.6601521206712527,0.7511319308705015,-0.4110537546870322,-0.9116111071930252,0.7494423368521911,0.6620696215153863,-0.9553461622632791,-0.29548893422398154,0.9923660086146737,-0.1233276325329462,-0.8539575894446064,0.5203426135057141,0.5645884386042945,-0.825372579502351,-0.17541259380427635,0.9844950085880863,-0.24477230089723398,-0.9695805901076372,0.6216868902665494,0.7832658619336779,-0.8887010478292923,-0.458487129140086
2024-04-15,17.0,5109.23,0.0,0,1,Lazada,0.0,0,9414.56,12914.0,4229.05,2186.3,14048.0,16882.082857142854,12480.300714285715,0.011441007136250705,-0.45730549276864774,0.0,0.9749279121818717,-0.22252093395610367,-0.4338837391171686,-0.9009688679026067,-0.7818314824682924,0.6234898018584043,-0.9996684675143133,0.02574791365498368,-0.05147875477033679,-0.998674089884831,0.9970175264485366,-0.07717546212651841,0.10282099713734098,0.9946998756145911,-0.42667408318992256,-0.9044054548343011,0.7717727365467807,0.635898453468078,-0.9693168624606872,-0.24581460524014703,0.9815381791978486,-0.19126631375381314,-0.8061001043286313,0.5917792002101541,0.4765444837967834,-0.8791503597012613,-0.055878756905370135,0.9984375616565667,-0.37547037868760436,-0.9268343944460559,0.7350336741329352,0.6780306024735446,-0.9540665500578385,-0.29959475639726074
2024-04-16,22.0,6595.96,0.0,0,0,Lazada,0.0,0,23950.0,23113.0,17254.0,7852.0,1643.76,13057.508571428569,14124.884999999998,0.1151810478058708,-0.7245945720250522,0.0,0.43388373911758005,-0.9009688679024086,-0.7818314824680602,0.6234898018586955,0.9749279121818398,-0.2225209339562432,-0.9732643737003831,0.22968774213179283,-0.44709379298510893,-0.894487082228798,0.7678804460366419,-0.640593178698125,0.7998392447397127,0.6002142805483771,-0.44216815196707115,-0.8969321743510069,0.7931896839451832,0.6089746507720502,-0.9807065438204103,-0.19548574093223667,0.9660648215530215,-0.2582997494341191,-0.7522826980987248,0.6588404527207652,0.3834282907116519,-0.9235706501843489,0.06446435710736569,0.9979200101524841,-0.4990686026885248,-0.8665624788845426,0.8307970168121137,0.5565755266413467,-0.9912685467787252,-0.13185851571739418
2024-04-17,12.0,3733.15,0.0,0,0,Lazada,0.0,0,13459.0,5880.0,4147.58,11630.0,1505.5,11032.10714285714,13352.45357142857,0.30203404527812416,-0.7226279812764693,0.0,-0.433883739117709,-0.9009688679023464,0.7818314824682386,0.6234898018584717,-0.9749279121817837,-0.2225209339564896,-0.9057022630804717,0.42391439070986003,-0.7678804460365991,-0.6405931786981762,0.25467112024134075,-0.9670277247912908,0.9837979515735169,-0.1792807588107329,-0.4575313760742511,-0.8891934772070712,0.813667830445599,0.5813300798152043,-0.9894848788166589,-0.144636352944831,0.9460191696320086,-0.3241106766040962,-0.6929032710826056,0.7210305520038837,0.28623096833219924,-0.9581606508136365,0.1838738510513323,0.9829498496360598,-0.6132298262997511,-0.78990453862247,0.9066860720977975,0.42180607708266543,-0.9992088560679755,0.03977011384605024
2024-04-18,10.0,3406.0,0.0,0,0,Lazada,0.0,0,18233.0,5109.23,12914.0,6550.0,8568.0,11985.191428571427,14433.637142857144,0.7201873483815563,-0.8131958536719136,0.0,-0.9749279121818024,-0.22252093395640749,0.43388373911773015,-0.9009688679023363,0.7818314824681347,0.6234898018586019,-0.7998392447397186,0.6002142805483693,-0.9601498736716025,-0.2794856348516068,-0.3527520865490455,-0.9357168190405123,0.5366961939915958,-0.8437755598231886,-0.4727592092862756,-0.8811916534074841,0.8331829385891759,0.552997460070031,-0.9956284932063294,-0.09340183893100844,0.9214960976269978,-0.3883876183121889,-0.6284008465466229,0.7778896940180451,0.18598706431516043,-0.982552192968612,0.3006203491140635,0.9537438889442692,-0.7157953492826519,-0.698310115883571,0.960885425557494,0.2769462022689489,-0.9776530844816659,0.2102247521189756
2024-04-19,3.0,962.6,0.0,0,0,Lazada,0.0,0,3406.0,12816.0,25596.25,7422.96,2765.0,11741.872857142855,13754.494285714287,0.40221841211603554,-0.7173810921902525,0.0,-0.7818314824679697,0.6234898018588089,-0.9749279121818665,-0.22252093395612654,-0.43388373911720396,-0.9009688679025897,-0.6601521206712291,0.7511319308705222,-0.9917226741361006,0.12839835514655784,-0.8296770135525612,-0.5582437220269504,-0.25467112024124217,-0.9670277247913168,-0.487847145442311,-0.8729290708206415,0.8517119107469179,0.5240103253675773,-0.9991210282680494,-0.041918622026441026,0.8926116709398667,-0.4508263578163316,-0.5592523247663469,0.8289974892865699,0.08376355348527492,-0.9964856582548087,0.4130130429412616,0.9107251102063671,-0.80482573710834,-0.5935111901961219,0.992098522791766,0.12546123335276033,-0.9272375462179578,0.37447367448687296
2024-04-20,11.0,3722.17,0.0,0,0,Lazada,0.0,1,12430.0,6595.96,23113.0,1160.25,12592.0,8402.815714285713,10730.162142857143,1.9833943266745746,-0.700549477071601,0.0,-1.6659405536732805e-13,1.0,-3.331881107346561e-13,1.0,-4.503481521552e-14,1.0,-0.49254806795390904,0.8702852410301299,-0.8573146280763851,0.5147928015097428,-0.9996684675143142,0.025747913654948416,-0.882678798325451,-0.4699767430275011,-0.5027907197793011,-0.8644081744776667,0.8692328164574755,0.49440298420762446,-0.999953184360873,0.009676212407237726,0.8595025968555485,-0.5111313784131908,-0.4859689570525547,0.8739760710575847,-0.019351518818339106,-0.9998127418269,0.5194241791627671,0.8545165429066225,-0.8786374941609871,-0.4774894280028631,0.999578685547896,-0.029025013321968957,-0.8494504794814877,0.5276683455625045
2024-04-21,23.0,7621.0,0.0,0,0,Lazada,0.0,1,40635.0,18233.0,9414.56,16371.0,12619.0,15775.967142857142,13250.690714285713,2.359769082743035,-0.8124523194290636,0.0,0.7818314824680456,0.6234898018587138,0.9749279121818124,-0.22252093395636358,0.43388373911769484,-0.9009688679023533,-0.30411483232751063,0.9526353808033848,-0.5794210982045512,0.8150283375168202,-0.7998392447397739,0.6002142805482956,-0.9444892287836512,0.32854238191086366,-0.5175855102531869,-0.8556314858488718,0.8857249183835616,0.4642104791518964,-0.9981227456866084,0.061245281802160594,0.8223255775192149,-0.5690172620911336,-0.4090925658019835,0.9124928890712244,-0.1222606176654452,-0.9924980309139478,0.6183126337097674,0.7859322407147393,-0.9358348973349877,-0.3524387108846205,0.983146973722153,-0.18281692498500302,-0.7465881145324238,0.6652865452110996
2024-04-22,17.0,5616.21,0.0,0,0,Lazada,0.0,0,27019.0,962.6,12816.0,9837.0,15355.0,17633.252857142856,14687.562857142857,2.8288796125386475,-0.7921384951330546,0.0,0.974927912181826,-0.22252093395630432,-0.43388373911753947,-0.9009688679024281,-0.7818314824679075,0.623489801858887,-0.10282099713735071,0.9946998756145901,-0.20455206612618176,0.9788556850953618,-0.3041148323275442,0.9526353808033742,-0.4004539056512308,0.9163169044870203,-0.5322271388474384,-0.8466016020976274,0.9011686968561556,0.43346854534853885,-0.993634586189866,0.11265127219562882,0.7812565682797523,-0.6242100403868434,-0.32919153852000244,0.9442631682782262,-0.2238684004637312,-0.9746193817454127,0.708246231503236,0.7059654917639139,-0.9753363880767818,-0.22072365096051064,0.9431964659565959,-0.33223549871587793,-0.6216868902665624,0.7832658619336675
2024-04-23,14.0,4801.0,0.0,0,0,Lazada,0.0,0,24369.0,3722.17,6595.96,11051.0,4798.45,20003.62571428571,14203.220714285713,1.5894032005895333,-0.8029874020271657,0.0,0.4338837391175995,-0.9009688679023992,-0.7818314824680871,0.6234898018586618,0.9749279121819049,-0.22252093395595846,0.10282099713731563,0.9946998756145937,0.20455206612611268,0.9788556850953762,0.3041148323274434,0.9526353808034064,0.4004539056511015,0.9163169044870768,-0.5467112728685909,-0.8373211953118141,0.9155458729775438,0.4022135682368103,-0.9865006565801185,0.16375730385846923,0.7364899449095668,-0.6764484910524254,-0.2468566254334946,0.9690520143313193,-0.32309337555233975,-0.94636709086601,0.7879224882631113,0.615774433124068,-0.9963950238187208,-0.08483487790579346,0.8806828564301525,-0.47370635037967074,-0.4784338202547198,0.8781236129591747
2024-04-24,14.0,4513.9,0.0,0,0,Lazada,0.0,0,18688.0,40635.0,3733.15,17254.0,10704.04,18392.744285714285,14448.509285714286,0.8015523727312867,-0.7584599743150685,0.0,-0.43388373911748473,-0.9009688679024545,0.7818314824679282,0.6234898018588609,-0.9749279121818198,-0.22252093395633102,0.30411483232753117,0.9526353808033783,0.5794210982045863,0.8150283375167953,0.7998392447397104,0.6002142805483803,0.9444892287836796,0.32854238191078217,-0.5610336262283658,-0.8277930117131035,0.9288394302558052,0.3704825404821006,-0.9767399525103033,0.2144272957675177,0.6882375836422352,-0.7254853743958574,-0.1626965717644033,0.9866761502824066,-0.418879413369756,-0.9080418696596589,0.8561874740403119,0.5166652778119216,-0.9986126020839744,0.052658056924594736,0.797101592787207,-0.6038452208770866,-0.32105765418529353,0.9470596510722207
2024-04-25,8.0,2595.1,0.0,0,0,Lazada,0.0,0,17863.0,27019.0,3406.0,4147.58,12234.0,14695.729999999998,14477.848571428573,0.8543704881253984,-0.8547220511672171,0.0,-0.9749279121818482,-0.22252093395620684,0.4338837391173593,-0.9009688679025148,0.7818314824679526,0.6234898018588303,0.49254806795387834,0.8702852410301474,0.8573146280763488,0.5147928015098033,0.9996684675143114,0.025747913655054203,0.8826787983255173,-0.4699767430273766,-0.5751899607119796,-0.8180198708443159,0.9410336347451215,0.3383130181923027,-0.9643784639967442,0.26452632795107617,0.63672785838219,-0.7710886034432293,-0.07733361695683551,0.9970052716452272,-0.5102069876723158,-0.8600516436414394,0.9120525252759697,0.4100733972567919,-0.9819471901866424,0.1891552687200595,0.6944521021088995,-0.7195389342325615,-0.15420404756271547,0.9880390233767469
2024-04-26,15.0,4427.76,0.0,0,0,Lazada,0.0,0,2595.1,5616.21,962.6,2682.0,5581.49,11206.601428571428,14419.927142857143,1.0684188654915219,0.7062001464298102,0.0,-0.781831482468125,0.6234898018586142,-0.9749279121817557,-0.22252093395661193,-0.4338837391173505,-0.9009688679025191,0.6601521206712027,0.7511319308705455,0.9917226741360916,0.1283983551466278,0.8296770135526838,-0.5582437220267683,0.2546711202413786,-0.9670277247912809,-0.5891760872322934,-0.8080046647350775,0.952114053668108,0.30574307646729004,-0.9494491062150137,0.3139210007430399,0.5822045598324597,-0.8130423423846337,0.008601105865700624,0.9999630098048062,-0.5961040271552037,-0.8029072105849767,0.9547085633518183,0.29754253319938484,-0.9467139181463953,0.3220757010205837,0.5751899607119897,-0.8180198708443088,0.017201575418231536,0.999852041955774
2024-04-27,10.0,3411.29,0.0,0,0,Lazada,0.0,1,15972.0,18688.0,31043.0,30137.0,4227.54,11652.53714285714,15905.140714285712,0.5900488343467136,-0.7864206110693714,0.0,3.9218408643271543e-14,1.0,7.843681728654309e-14,1.0,1.1765522592981462e-13,1.0,0.7998392447397314,0.6002142805483521,0.9601498736715904,-0.27948563485164823,0.35275208654914453,-0.9357168190404749,-0.5366961939916686,-0.8437755598231423,-0.6029878670694719,-0.7977503570459927,0.9620675724981457,0.2728112643340176,-0.9319916318560649,0.3624797899887236,0.5249257416559565,-0.8511480281049495,0.09447223619869745,0.9955274966507041,-0.6756562619728684,-0.7372168036994617,0.9835378122597273,0.18070244009240574,-0.8935790198239911,0.44890593149388797,0.44216815196709497,-0.8969321743509951,0.18809941761176657,0.982149993175235
2024-04-28,8.0,2485.46,0.0,0,0,Lazada,0.0,1,26485.0,17863.0,7621.0,11119.77,898.91,12608.878571428571,12920.732857142857,1.1127484520201492,-0.906155937323013,0.0,0.7818314824680321,0.6234898018587307,0.974927912181822,-0.22252093395632153,0.43388373911795797,-0.9009688679022266,0.905702263080481,0.4239143907098405,0.7678804460365716,-0.6405931786982093,-0.2546711202411285,-0.9670277247913468,-0.9837979515735323,-0.17928075881064803,-0.6166212130956399,-0.7872599821916909,0.9708824104813846,0.23955655912092297,-0.9120525252759675,0.4100733972567968,0.465162499131896,-0.8852253099642875,0.17964488371029594,0.9837315262594334,-0.748016955033113,-0.6636796177245385,0.998122745686607,0.061245281802183575,-0.8235472349555905,0.5672476988027377,0.29856881736370017,-0.9543881083175971,0.3534446712740557,0.9354554315134285
2024-04-29,11.0,3619.1,0.0,0,0,Lazada,0.0,0,19072.0,4427.76,5616.21,9414.56,3364.15,12765.929999999997,11986.265714285717,1.9715642267648454,-0.8102401426174497,0.0,0.9749279121818307,-0.2225209339562833,-0.4338837391175006,-0.9009688679024468,-0.7818314824680895,0.6234898018586587,0.973264373700375,0.22968774213182716,0.44709379298517204,-0.8944870822287665,-0.767880446036574,-0.6405931786982063,-0.7998392447397974,0.6002142805482643,-0.6300720909843687,-0.7765366444428656,0.9785481345802031,0.206018320325171,-0.8896848787211029,0.45657509412474134,0.40319768608708567,-0.9151129033807904,0.2634893223187006,0.9646623124306412,-0.8124159144868933,-0.5830783668499672,0.9982521339365448,-0.059098875548817424,-0.737942810303139,0.6748632518680399,0.14782713347052065,-0.9890132145779897,0.5083564379374805,0.8611467540480638
2024-04-30,18.0,5533.76,0.0,0,1,Lazada,0.0,0,3619.1,17508.0,24369.0,5109.23,2186.3,12650.407142857142,11843.615,1.6251212662269734,0.5290431322704541,0.0,0.4338837391176189,-0.9009688679023898,-0.781831482468114,0.623489801858628,0.9749279121818687,-0.22252093395611708,0.9996684675143138,0.025747913654962117,0.051478754770293705,-0.9986740898848332,-0.9970175264485196,-0.07717546212673726,-0.10282099713725516,0.9946998756145999,-0.6433365204044926,-0.7655835170076742,0.9850556718215018,0.17223624302767956,-0.8649482509584343,0.5018610596210323,0.33932457617528466,-0.9406693531754202,0.3453856460876101,0.9384608438697079,-0.8681676914867168,-0.4962709536721093,0.9839241031140701,-0.17858711966760898,-0.6383844591746572,0.7697176640069269,-0.006450864198103974,-0.9999791929590823,0.6482618097757257,0.7614175109532882
2024-05-01,20.0,6728.29,0.0,1,0,Lazada,0.0,0,21280.0,26485.0,4513.9,6595.96,7852.0,13589.759999999998,11529.955,1.0127784081824247,-0.6838209586466165,0.0,-0.4338837391174653,-0.9009688679024638,0.7818314824679014,0.6234898018588947,-0.974927912181856,-0.2225209339561724,0.9837979515735215,-0.17928075881070782,-0.35275208654904183,-0.9357168190405136,-0.8573146280763467,0.5147928015098067,0.6601521206711467,0.7511319308705946,-0.6564105761979343,-0.7544038410927505,0.9903973200352544,0.13825031091099177,-0.8379085086871838,0.545810709925721,0.27384547484057387,-0.9617737030660283,0.4247283525160244,0.9053208417842945,-0.914678875958708,-0.4041813378607608,0.9553461622632816,-0.2954889342239731,-0.5267547528105871,0.8500173118186812,-0.16057454459501014,-0.9870237158387356,0.7690308592589277,0.6392116531380474
2024-05-02,13.0,3779.7,0.0,0,0,Lazada,0.0,0,6728.29,2485.46,17863.0,13459.0,2352.0,10767.372857142853,11688.125714285716,1.0796238777600493,-0.4382376502796401,0.0,-0.9749279121817928,-0.22252093395644953,0.43388373911780787,-0.9009688679022989,0.7818314824677706,0.6234898018590586,0.9263239682515049,-0.3767278936351608,-0.697944154766306,-0.71615218831443,-0.40045390565133854,0.9163169044869732,0.9996684675143104,0.02574791365509339,-0.6692903895412563,-0.7430009249440497,0.9945667569706336,0.10410074893542667,-0.8086376511543171,0.5883070194512633,0.20707028853384288,-0.9783260681421665,0.500930819336166,0.8654873276017376,-0.9514544127333333,-0.3077897017287418,0.912932198069778,-0.40811126145633814,-0.4051645224207569,0.9142437912130221,-0.31085696824350884,-0.9504567035349133,0.8670985522812142,0.49813662847839485
2024-05-03,18.0,6175.0,0.0,0,0,Lazada,0.0,0,13868.0,3619.1,4427.76,18233.0,2310.46,10208.835714285713,11487.382857142857,0.5440746538007646,-0.5547303143928468,0.0,-0.7818314824679966,0.6234898018587751,-0.9749279121818473,-0.22252093395621064,-0.4338837391174971,-0.9009688679024486,0.8296770135526006,-0.5582437220268919,-0.9263239682515196,-0.3767278936351245,0.2045520661261856,0.978855685095361,0.6979441547662498,-0.7161521883144847,-0.6819721490904634,-0.7313781428679248,0.9975590477788614,0.0698279757298693,-0.7772136184407349,0.6292368324488482,0.13931505795482774,-0.9902481076109376,0.5734296417196564,0.8192548113970808,-0.9781028708075113,-0.2081220173794804,0.8572964806503178,-0.5148230222752079,-0.27591294500295255,0.9611826292540859,-0.45370308603133924,-0.8911529104063114,0.9395699859530655,0.34235689199453295
2024-05-04,5.0,1609.62,0.0,0,0,Lazada,0.0,1,20585.0,16653.0,15972.0,962.6,7422.96,12724.141428571427,11831.971428571427,0.3831328923406558,-0.9218061695409279,0.0,-2.09716478232593e-13,1.0,-4.19432956465186e-13,1.0,-1.7440208381131487e-13,1.0,0.6979441547663593,-0.7161521883143779,-0.9996684675143143,0.025747913654944492,0.7338853664321542,0.6792733388973416,-0.05147875477025849,-0.9986740898848351,-0.6944521021088753,-0.719538934232585,0.9993706508539968,0.03547255575312841,-0.7437200839287416,0.6684911643103637,0.07090046226091724,-0.9974833955766824,0.6416887978251161,0.7669651144255241,-0.9943406096530516,-0.10623912647794875,0.7892447672427599,-0.6140787387460355,-0.1414440676879523,0.9899462489023765,-0.5856957398073606,-0.8105309990194752,0.9843058444990344,0.17647097349151458
2024-05-05,32.0,10067.17,0.0,1,0,Lazada,0.0,1,8196.0,6728.29,26485.0,3722.17,1160.25,8705.944285714284,11147.852142857142,1.0582987488064666,0.22830283064909707,0.0,0.7818314824680187,0.6234898018587476,0.9749279121818316,-0.2225209339562795,0.43388373911740163,-0.9009688679024945,0.5366961939916173,-0.843775559823175,-0.9057022630804884,0.42391439070982456,0.9917226741361012,0.12839835514655393,-0.7678804460365489,-0.6405931786982364,-0.7067265555776158,-0.7074868024503349,0.9999994220246925,0.0010751512827984091,-0.7082462315032522,0.7059654917638976,0.0021503013227750314,-0.9999976880994382,0.7052036118889425,0.7090048418584951,-0.9999947982262414,-0.003225448877116623,0.7097626326391652,-0.7044409168334287,-0.004300592702984391,0.9999907524084426,-0.7036774074790138,-0.7105196029692734,0.9999855506507186,0.005375731557579379
2024-05-06,11.0,3289.3199999999997,0.0,0,0,Lazada,0.0,0,50668.0,13868.0,19072.0,40635.0,1417.4099999999999,15881.255714285711,13416.759999999998,1.1821667273274017,-0.9350809189231862,0.0,0.9749279121818355,-0.22252093395626227,-0.43388373911746175,-0.9009688679024656,-0.7818314824679881,0.6234898018587859,0.3527520865491115,-0.9357168190404873,-0.6601521206712586,0.7511319308704963,0.8826787983255726,-0.46997674302727277,-0.9917226741361107,0.1283983551464801,-0.7187918772884238,-0.6952253139408716,0.9994446170919858,-0.03332352571163294,-0.6708865180801643,0.7415600311898379,-0.06661003679003585,-0.9977790852682923,0.7635044855580855,0.6458025244087261,-0.9950052545447368,0.0998225597165468,0.6200011953692807,-0.7846008652433816,0.13292420315609854,0.9911262059976601,-0.8048257371083394,-0.5935111901961226,0.9861462483415947,-0.16587819893463346
2024-05-07,14.0,5080.3,0.0,0,0,Lazada,0.0,0,22095.0,20585.0,5533.76,27019.0,6835.67,16644.301428571427,13609.132857142858,1.6347739774994086,-0.7700701516180131,0.0,0.43388373911763833,-0.9009688679023805,-0.7818314824681408,0.6234898018585944,0.9749279121819336,-0.22252093395583233,0.15389057670407738,-0.9880878960910747,-0.30411483232754793,0.952635380803373,0.4470937929852071,-0.8944870822287491,-0.5794210982046151,0.8150283375167748,-0.7306444969184904,-0.6827580970759161,0.9977068927101171,-0.06768276175454789,-0.6317404220940845,0.775180004316667,-0.13505511584033827,-0.9908380875225542,0.8161603698771167,0.5778254499778009,-0.979425086251811,0.2018080781847758,0.5212604463582804,-0.8533976488497999,0.2676355053787556,0.9635202313707056,-0.8867210630829968,-0.46230483047980364,0.9431964659565868,-0.3322354987159038
2024-05-08,14.0,4368.38,0.0,0,0,Lazada,0.0,0,15318.0,8196.0,21280.0,24369.0,4229.05,16387.684285714284,13481.385714285714,1.3676706810454782,-0.7148204726465597,0.0,-0.4338837391174459,-0.9009688679024732,0.7818314824678745,0.6234898018589283,-0.974927912181791,-0.22252093395645714,-0.05147875477033287,-0.9986740898848312,0.10282099713733318,0.9946998756145918,-0.15389057670402123,-0.9880878960910835,0.20455206612614724,0.978855685095369,-0.7422809070869817,-0.6700888411055117,0.9947883056093271,-0.10196189005174469,-0.5909121786151574,0.806735890588914,-0.20286099168259922,-0.9792075459541518,0.8627819522593729,0.5055762087514653,-0.953420125349869,0.3016455943285766,0.4149704215053578,-0.9098349022079038,0.39728602767068716,0.9176948361071048,-0.9474042892438838,-0.32003923622314095,0.8724040568049629,-0.4887853942889896
2024-05-09,18.0,5541.63,0.0,0,0,Lazada,0.0,0,13572.0,50668.0,3779.7,18688.0,3571.0,16341.57142857143,12762.249285714284,0.9753692233242383,-0.5916865605658709,0.0,-0.9749279121818386,-0.22252093395624886,0.433883739117437,-0.9009688679024774,0.781831482467872,0.6234898018589314,-0.2546711202412175,-0.9670277247913233,0.4925480679538442,0.8702852410301667,-0.6979441547662779,-0.7161521883144573,0.8573146280763084,0.5147928015098705,-0.7536976643929144,-0.6572212950663313,0.9906923101615607,-0.1361203386226686,-0.5485105018003644,0.836143665535243,-0.26970674546013096,-0.9629425068265001,0.9030245348792207,0.4295889772866234,-0.9172671631198646,0.3982724588294247,0.3026704908556898,-0.9530952596488852,0.5194241791627905,0.8545165429066083,-0.98542375429195,-0.17011767832050437,0.7758587728069863,-0.6309066211876659
2024-05-10,13.0,4272.65,0.0,0,0,Lazada,0.0,0,10624.0,5080.3,20585.0,2595.1,4147.58,9922.615714285712,13283.458571428573,0.5180915440445962,-0.5978303840361446,0.0,-0.7818314824681518,0.6234898018585805,-0.9749279121817365,-0.22252093395669603,-0.43388373911764366,-0.900968867902378,-0.44709379298510543,-0.8944870822287998,0.799839244739708,0.6002142805483834,-0.9837979515735112,-0.17928075881076372,0.9601498736716124,-0.27948563485157296,-0.7648913904341216,-0.6441592666722696,0.9854237542919528,-0.17011767832048771,-0.5046482954181475,0.8633250245021038,-0.3352760024840115,-0.9421199510456941,0.9365905832039797,0.35042556906371597,-0.8713510040136342,0.4906601958631164,0.18598706431516138,-0.9825521929686117,0.6317404220940659,0.7751800043166822,-0.9998699583618593,-0.016126573270654053,0.6564105761979444,-0.7544038410927417
2024-05-11,9.0,3099.0,0.0,0,0,Lazada,0.0,1,10742.0,4368.38,8196.0,17508.0,12914.0,9153.522857142854,12770.603571428572,0.44698704990612487,-0.7115062371997766,0.0,-3.90401422199341e-15,1.0,-7.80802844398682e-15,1.0,-4.664593935524444e-13,1.0,-0.6206094818274169,-0.784119806576715,0.9732643737003791,0.22968774213180998,-0.905702263080505,0.42391439070978904,0.44709379298514046,-0.8944870822287823,-0.7758587728069825,-0.6309066211876708,0.9789888737409321,-0.20391367068311367,-0.4594423522174565,0.8882075911569832,-0.3992584296048815,-0.9168384298170773,0.9632319258228688,0.26867128070481877,-0.8161603698771306,0.5778254499777813,0.0666100367900598,-0.9977790852682907,0.7321109433803434,0.6811854127788877,-0.9903973200352567,0.13825031091097503,0.5175855102531983,-0.855631485848865
2024-05-12,12.0,4058.39,0.0,0,0,Lazada,0.0,1,10823.0,5541.63,50668.0,3411.29,30137.0,8579.46857142857,12460.52,0.49730264785152756,-0.6250217130185716,0.0,0.7818314824678635,0.6234898018589422,0.9749279121819424,-0.22252093395579411,0.4338837391176648,-0.9009688679023677,-0.7678804460365602,-0.6405931786982229,0.9837979515735387,-0.17928075881061334,-0.49254806795387834,0.8702852410301474,-0.3527520865488621,-0.9357168190405813,-0.7865965660866001,-0.6174672802835539,0.9713952846837515,-0.2374683155584622,-0.4130130429412826,0.9107251102063576,-0.46135120399056667,-0.8872175982116532,0.9827515893084869,0.1849305645685511,-0.7522826980987254,0.6588404527207645,-0.053731686109679266,-0.998555409533097,0.8186378142731301,0.5743101331529091,-0.957232443323317,0.2893199776186784,0.3634816124829187,-0.9316013725767139
2024-05-13,18.0,5985.79,0.0,0,0,Lazada,0.0,0,18283.0,10624.0,22095.0,2485.46,11119.77,8843.148571428568,10202.239285714286,0.7006534384345616,-0.6726035114587321,0.0,0.9749279121818403,-0.22252093395624126,-0.43388373911742295,-0.9009688679024842,-0.7818314824681701,0.6234898018585575,-0.8826787983255459,-0.4699767430273229,0.8296770135526225,-0.5582437220268593,0.10282099713729419,0.9946998756145959,-0.9263239682514901,-0.3767278936351971,-0.7971015927871932,-0.603845220877105,0.9626519747161497,-0.2707418984477606,-0.3654839958133162,0.9308176238148544,-0.521260446358272,-0.853397648849805,0.9950052545447344,0.09982255971657068,-0.6803978890506184,0.7328428976086637,-0.1732952273485751,-0.9848699224660106,0.8896848787210985,0.45657509412475006,-0.9011686968561567,0.43346854534853646,0.19864794288018672,-0.9800709131432633
2024-05-14,4.0,1307.71,0.0,0,0,Lazada,0.0,0,11074.0,10742.0,15318.0,3619.1,9414.56,9152.16857142857,9479.702857142856,0.5652014844041763,-0.8819116850279936,0.0,0.4338837391174529,-0.9009688679024698,-0.7818314824678841,0.6234898018589161,0.9749279121817962,-0.2225209339564343,-0.9601498736716014,-0.27948563485161054,0.5366961939916024,-0.8437755598231844,0.6601521206712292,0.7511319308705222,-0.9057022630804734,0.42391439070985654,-0.8073707443023489,-0.590044473954863,0.9527692922168515,-0.3036950375106578,-0.3169817673505231,0.9484316312562223,-0.5787026118775992,-0.8155386483828003,0.9999023237537763,0.013976514293565936,-0.6012710693734739,0.7990451183346777,-0.2903489800882711,-0.9569208273215192,0.943908691812507,0.3302065740120896,-0.8235472349556071,0.5672476988027135,0.0279502982402289,-0.9996093140964035
2024-05-15,15.0,4437.45,0.0,0,1,Lazada,0.0,0,24578.0,10823.0,13572.0,16653.0,12816.0,10872.841428571426,9922.512142857144,2.73581888923663,-0.8194543901049719,0.0,-0.43388373911742645,-0.9009688679024825,0.7818314824678476,0.6234898018589621,-0.9749279121818273,-0.22252093395629852,-0.9970175264485224,-0.0771754621267021,0.15389057670417228,-0.98808789609106,0.9732643737003701,0.22968774213184814,-0.30411483232773096,0.9526353808033146,-0.8174009818249173,-0.576069123379878,0.9417589340994635,-0.33628873017667765,-0.267635505378765,0.963520231370703,-0.6334058321617001,-0.7738197799123153,0.9974065903329605,-0.07197286683450829,-0.5157444481311254,0.8567424725213061,-0.4031976860870897,-0.9151129033807887,0.9802839232770875,0.19759410356708842,-0.7262249146041695,0.6874571793269504,-0.14357242341179027,-0.9896398128792443
2024-05-16,9.0,2872.42,0.0,0,0,Lazada,0.0,0,4437.45,4058.39,5541.63,21280.0,23950.0,9960.619999999997,9270.044285714286,2.774723878119701,-0.35268679083707977,0.0,-0.9749279121818337,-0.2225209339562699,0.43388373911747585,-0.9009688679024588,0.7818314824679734,0.6234898018588042,-0.9917226741361012,0.12839835514655396,-0.2546711202412346,-0.9670277247913188,0.9263239682514915,-0.3767278936351935,0.49254806795387496,0.8702852410301493,-0.8271893372462485,-0.561923304683221,0.9296339319682708,-0.3684843993077758,-0.21757660514828286,0.9760432474496958,-0.685111201994908,-0.7284384949335753,0.987536506549232,-0.15739011478659887,-0.4247283525160204,0.9053208417842964,-0.5102069876723149,-0.8600516436414399,0.998122745686607,0.061245281802184554,-0.6115298757991087,0.7912213413483781,-0.3108569682434809,-0.9504567035349225
2024-05-17,18.0,5939.82,0.0,0,0,Lazada,0.0,0,18124.0,11074.0,4272.65,13868.0,3733.15,11271.082857142856,9725.815,2.8446003144140297,-0.6722677113220039,0.0,-0.7818314824680235,0.6234898018587414,-0.9749279121818281,-0.22252093395629471,-0.43388373911738054,-0.9009688679025046,-0.9444892287836596,0.32854238191083956,-0.6206094818274308,-0.7841198065767041,0.5366961939916355,-0.8437755598231634,0.9732643737003872,0.22968774213177565,-0.8367329140344918,-0.5476112038402317,0.9164086366943462,-0.40024393885730464,-0.16693835946506438,0.9859673342150402,-0.7335740047067956,-0.6796095788159804,0.9703650471118396,-0.24164369502148697,-0.3291915385200033,0.9442631682782259,-0.6098270977059388,-0.7925344856241597,0.9970878407382747,-0.07626164076313147,-0.4822058478963665,0.8760579434344204,-0.46896519100760836,-0.8832166493127251
2024-05-18,6.0,1939.0,0.0,0,0,Lazada,0.0,1,16586.0,24578.0,3099.0,20585.0,3406.0,12720.241428571424,10262.327142857144,0.5583819033339463,-0.8830941758109249,0.0,-2.5465225654625887e-14,1.0,-5.0930451309251775e-14,1.0,-3.037693524071097e-13,1.0,-0.8573146280763578,0.5147928015097881,-0.8826787983255008,-0.46997674302740766,-0.05147875477025458,-0.9986740898848353,0.8296770135527297,-0.5582437220267,-0.8460288880917323,-0.5331370560318117,0.9020987014301864,-0.43152975897146567,-0.11585560376948757,0.9932660666081408,-0.7785648703932811,-0.6275641342440574,0.9460191696320135,-0.3241106766040818,-0.2301508797012604,0.973154958150415,-0.7006152447379105,-0.7135392622980447,0.9771987776823925,-0.21232651482101328,-0.3413465142450611,0.9399375283564043,-0.6132298262997271,-0.7899045386224886
2024-05-19,3.0,957.5,0.0,0,0,Lazada,0.0,1,1939.0,4437.45,10823.0,1609.62,962.6,9486.098571428567,10179.470000000001,0.6031341366216161,-0.5061887570912842,0.0,0.7818314824679917,0.6234898018587812,0.9749279121818508,-0.2225209339561954,0.4338837391175182,-0.9009688679024384,-0.7338853664321928,0.6792733388972999,-0.9970175264485281,-0.07717546212662782,-0.6206094818274001,-0.7841198065767284,0.15389057670402506,-0.9880878960910828,-0.8550745085896924,-0.5185051443911586,0.8867210630829948,-0.4623048304798076,-0.0644643571073603,0.9979200101524844,-0.8198708615029173,-0.5725484874300728,0.9146788759587177,-0.40418133786073884,-0.12866054379810077,0.9916886933254695,-0.7812565682797373,-0.6242100403868621,0.938831643282972,-0.3443764590830716,-0.1923215052391034,0.9813319716704259,-0.7393922635959026,-0.6732748922502065
2024-05-20,20.0,6670.58,0.0,0,0,Lazada,0.0,0,21933.0,18124.0,5985.79,50668.0,31043.0,12795.474285714283,11166.263571428572,3.3005210549486077,-0.695865590662472,0.0,0.9749279121817945,-0.2225209339564419,-0.43388373911779377,-0.9009688679023057,-0.7818314824683522,0.6234898018583293,-0.5794210982045545,0.8150283375168179,-0.9444892287836538,0.3285423819108562,-0.9601498736715796,-0.2794856348516858,-0.6206094818274585,-0.7841198065766822,-0.8638670987837364,-0.5037197987363314,0.8702939222685644,-0.49253272872205955,-0.012901459949421703,0.9999167727021951,-0.85729648065032,-0.5148230222752042,0.8765758813305153,-0.4812636743715759,-0.02580077239154475,0.999667104662347,-0.8505831615778793,-0.5258405511561269,0.8827119303085877,-0.4699145114708493,-0.038695790176547146,0.9992510374388474,-0.8437282590292526,-0.5367705514607395
2024-05-21,7.0,2305.63,0.0,0,0,Lazada,0.0,0,12870.0,16586.0,1307.71,22095.0,7621.0,12149.297142857142,11343.462857142857,3.1560128112535955,-0.8208523698523699,0.0,0.4338837391176772,-0.9009688679023617,-0.7818314824681946,0.6234898018585269,0.9749279121818613,-0.22252093395614955,-0.40045390565130623,0.9163169044869873,-0.733885366432258,0.6792733388972294,-0.9444892287836667,0.3285423819108192,-0.9970175264485133,-0.07717546212681933,-0.8724040568049598,-0.48878539428899503,0.8528367217694623,-0.5221776766595032,0.03869579017652218,0.9992510374388482,-0.8906645958869701,-0.45466094799696655,0.8319919011831898,-0.554787775969858,0.07733361695681157,0.9970052716452291,-0.9075909860952567,-0.41985545364879995,0.8099008190266098,-0.5865668447329994,0.11585560376944863,0.9932660666081453,-0.9231578729647114,-0.38442104726883736
2024-05-22,18.0,5918.24,0.0,0,0,Lazada,0.0,0,2305.63,1939.0,24578.0,5080.3,27019.0,10109.244285714285,11414.742857142857,3.5060069203675552,1.5668645879867973,0.0,-0.43388373911761186,-0.9009688679023933,0.7818314824681042,0.6234898018586402,-0.9749279121817622,-0.22252093395658326,-0.2045520661261856,0.978855685095361,-0.400453905651238,0.9163169044870172,-0.5794210982046183,0.8150283375167725,-0.7338853664321568,0.6792733388973388,-0.8806828564301467,-0.4737063503796816,0.8343701235229558,-0.5512045872199246,0.09019000427033601,0.9959245770286608,-0.9198172790502167,-0.3923470060554251,0.7812565682797441,-0.6242100403868538,0.179644883710295,0.9837315262594335,-0.951454412733333,-0.3077897017287427,0.7217751111068,-0.6921276536786884,0.267635505378782,0.9635202313706983,-0.9753363880767876,-0.22072365096048482
2024-05-23,2.0,618.63,0.0,0,0,Lazada,0.0,0,10784.0,21933.0,16504.0,13572.0,4801.0,10970.20714285714,11495.055000000002,0.20770799570399237,-0.9426344584569732,0.0,-0.9749279121817783,-0.2225209339565126,0.4338837391179244,-0.9009688679022427,0.7818314824680749,0.623489801858677,-3.919860126290071e-14,1.0,-7.839720252580143e-14,1.0,-3.908966067086117e-15,1.0,-1.5679440505160285e-13,1.0,-0.8887010478292894,-0.45848712914009165,0.8149159841660844,-0.5795791048257538,0.14144406768794263,0.9899462489023779,-0.9446165532223547,-0.3281761224987557,0.7247449955623039,-0.6890171923888373,0.28004404847434566,0.9599871514317774,-0.981538179197844,-0.1912663137538367,0.6200011953693038,-0.7846008652433634,0.41301304294125984,0.9107251102063679,-0.998723524080398,-0.05051061718520774
2024-05-24,17.0,5537.360000000001,0.0,0,0,Lazada,0.0,0,618.63,6670.58,18124.0,5541.63,18688.0,7925.297142857141,10360.385714285714,1.4429751714105714,7.95100463928358,0.0,-0.7818314824680369,0.6234898018587246,-0.9749279121818185,-0.22252093395633676,-0.43388373911752715,-0.900968867902434,0.2045520661261645,0.9788556850953655,0.4004539056511985,0.9163169044870345,0.5794210982045193,0.8150283375168429,0.7338853664320982,0.679273338897402,-0.8964562582905561,-0.44313223418263736,0.7944973291666031,-0.6072676460566084,0.19232150523909283,0.981331971670428,-0.9649450457625309,-0.2624520121057315,0.6628750027453334,-0.7487300786901606,0.37746248386180703,0.9260248772451392,-0.9974065903329588,-0.07197286683453322,0.5065035376636667,-0.8622378826833059,0.5485105018003317,0.8361436655352645,-0.9926289059345079,0.1211934614707484
2024-05-25,8.0,2588.2,0.0,0,0,Lazada,0.0,1,20757.0,2305.63,16586.0,10624.0,17863.0,8890.122857142855,10519.710000000001,1.6950769690514604,-0.8753095341330636,0.0,-4.702643708725836e-14,1.0,-9.405287417451672e-14,1.0,-1.410793112617751e-13,1.0,0.40045390565128647,0.916316904486996,0.7338853664322288,0.679273338897261,0.944489228783664,0.3285423819108266,0.9970175264485199,-0.07717546212673337,-0.9039461929224017,-0.42764620926777314,0.7731383255706005,-0.634237439397808,0.24268684458258996,0.9701046827361188,-0.9807065438204129,-0.1954857409322237,0.5961040271552002,-0.8029072105849793,0.47086328873604644,0.8822061909330916,-0.9988298281778677,0.048362943894797714,0.38342829071162743,-0.923570650184359,0.6708865180801669,0.7415600311898356,-0.9572324433233091,0.28931997761870465
2024-05-26,16.0,5403.0,0.0,0,0,Lazada,0.0,1,15746.0,16310.0,957.5,10742.0,4427.76,10334.455714285712,10506.08142857143,1.8528124075826329,-0.6568652356153943,0.0,0.7818314824679783,0.6234898018587981,0.9749279121818604,-0.22252093395615336,0.43388373911778133,-0.9009688679023117,0.5794210982045368,0.8150283375168305,0.9444892287836396,0.32854238191089696,0.9601498736716135,-0.2794856348515692,0.6206094818275261,-0.7841198065766287,-0.9111686353326613,-0.41203363695943024,0.7508642533989546,-0.6604565640279688,0.29240597695106774,0.9562942772197749,-0.9918264497025994,-0.12759425406473898,0.5249257416559574,-0.851148028104949,0.5592523247663269,0.8289974892865832,-0.985787280358943,0.16799832702297574,0.25310271202296303,-0.9674394126593256,0.777213618440737,0.6292368324488454,-0.893579019823992,0.4489059314938862
2024-05-27,8.0,2604.8,0.0,0,0,Lazada,0.0,0,16449.0,618.63,21933.0,10823.0,15972.0,9585.598571428569,10277.902857142859,2.2077011078687034,-0.8416438689282023,0.0,0.9749279121818499,-0.2225209339561992,-0.43388373911734524,-0.9009688679025216,-0.7818314824679673,0.623489801858812,0.7338853664321782,0.6792733388973158,0.9970175264485315,-0.07717546212658485,0.6206094818274062,-0.7841198065767235,-0.15389057670393988,-0.9880878960910962,-0.9181214482844368,-0.39629913726891763,0.7277014757264229,-0.6858939875998231,0.34134651424503754,0.9399375283564129,-0.9982521339365442,-0.0590988755488272,0.4498664046667794,-0.8930958615692861,0.6416887978251153,0.7669651144255247,-0.9584678386132277,0.28520063524488826,0.11799115725973403,-0.9930146458177285,0.8649482509584289,0.5018610596210415,-0.8035476485339089,0.5952404359043709
2024-05-28,9.0,2683.5,0.0,0,0,Lazada,0.0,0,18269.0,2588.2,2305.63,5985.79,2485.46,11164.714285714284,10027.41857142857,1.486782828436277,-0.8531118287809951,0.0,0.43388373911749173,-0.9009688679024511,-0.781831482467938,0.6234898018588487,0.9749279121818251,-0.22252093395630818,0.8573146280763468,0.5147928015098067,0.882678798325521,-0.46997674302736964,0.05147875477037592,-0.998674089884829,-0.8296770135526816,-0.5582437220267715,-0.9248025743285094,-0.3804473662878503,0.7036774074790106,-0.7105196029692765,0.3893781415451988,0.9210779895789537,-0.999953184360873,0.009676212407236748,0.3714809692572879,-0.9284405686308984,0.7172952716008819,0.6967693257736143,-0.9172671631198649,0.3982724588294238,-0.019351518818337146,-0.9998127418269,0.9319916318560661,0.3624797899887204,-0.6897960046655873,0.7240037789593318
2024-05-29,7.0,2204.24,0.0,0,0,Lazada,0.0,0,2683.5,15746.0,5918.24,11074.0,19072.0,11178.32857142857,10054.409285714284,0.7350171288753838,-0.17859511831563268,0.0,-0.4338837391173876,-0.9009688679025012,0.7818314824677938,0.6234898018590295,-0.9749279121816973,-0.222520933956868,0.9444892287836525,0.32854238191085994,0.6206094818274646,-0.7841198065766773,-0.536696193991533,-0.8437755598232286,-0.973264373700407,0.22968774213169174,-0.9312100364121944,-0.3644830148102921,0.678820482986237,-0.7343042638296007,0.4363729641045866,0.8997658785476237,-0.9969215500633256,0.07840550375666375,0.2903489800882678,-0.9569208273215202,0.7852670068439881,0.6191572723971543,-0.8627819522593784,0.5055762087514559,-0.15632827267717825,-0.9877051539613275,0.976739952510304,0.21442729576751435,-0.5556819724760497,0.8313949395234054
2024-05-30,8.0,3400.59,0.0,0,0,Lazada,0.0,0,16322.0,2604.8,618.63,4437.45,16653.0,10232.362857142854,9908.980714285715,1.25239464085551,-0.7916560470530573,0.0,-0.9749279121818242,-0.22252093395631192,0.43388373911755357,-0.9009688679024214,0.7818314824678928,0.6234898018589053,0.9917226741360984,0.12839835514657533,0.2546711202412763,-0.9670277247913078,-0.9263239682514887,-0.37672789363520076,-0.49254806795394995,0.8702852410301067,-0.9373419384643774,-0.34841080694468046,0.6531601223269294,-0.7572198192083132,0.48220584789635706,0.8760579434344257,-0.9891715794849545,0.14676370920374102,0.20707028853384382,-0.9783260681421663,0.844880526840272,0.5349550405091107,-0.795801300790376,0.6055578334563474,-0.29034898008827015,-0.9569208273215195,0.9981227456866069,0.06124528180218553,-0.4051645224207587,0.9142437912130214
2024-05-31,7.0,2100.09,0.0,0,1,Lazada,0.0,0,3400.59,17093.0,5537.360000000001,2872.42,21280.0,10346.047142857138,10107.692142857142,0.40317325087235173,-0.38243363651601636,0.0,-0.7818314824680505,0.6234898018587077,-0.974927912181809,-0.22252093395637879,-0.433883739117264,-0.9009688679025608,0.997017526448524,-0.0771754621266806,-0.15389057670412967,-0.9880878960910666,-0.973264373700398,0.22968774213172988,0.3041148323276488,0.9526353808033408,-0.943196465956587,-0.33223549871590297,0.6267266965083278,-0.7792391467859905,0.5267547528105426,0.8500173118187089,-0.9767399525103034,0.21442729576751673,0.12226061766546903,-0.992498030913945,0.8955013179434919,0.4450588607830083,-0.7172952716008901,0.6967693257736058,-0.4188794133697542,-0.9080418696596598,0.9956284932063291,-0.09340183893101185,-0.24268684458260137,0.970104682736116
2024-06-01,7.0,2203.7,0.0,0,0,Lazada,0.0,1,12167.0,2204.24,15746.0,5939.82,13868.0,10328.131428571427,10753.229999999998,1.8204981359179138,-0.8188789348237034,0.0,-6.858764851989084e-14,1.0,-1.3717529703978167e-13,1.0,2.1610729883559546e-14,1.0,0.9601498736716074,-0.2794856348515899,-0.5366961939915661,-0.8437755598232075,-0.6601521206712351,0.751131930870517,0.9057022630804369,0.4239143907099346,-0.948771886439947,-0.31596187665790365,0.5995514915196501,-0.8003361849976314,0.5699010576127592,0.8217133225960611,-0.9596855068649531,0.2810760180331257,0.03654700988812482,-0.9993319348786155,0.9365905832039794,0.35042556906371686,-0.6284008465466243,0.7778896940180439,-0.5394891616674059,-0.841992544173284,0.9693168624606898,-0.24581460524013657,-0.07304518821105534,0.9973286321364746
2024-06-02,20.0,6043.9,0.0,0,0,Lazada,0.0,1,2203.7,12450.0,5403.0,16586.0,6175.0,10328.054285714283,9785.922857142856,1.405413766827594,1.742614693470073,0.0,0.7818314824679649,0.623489801858815,0.9749279121818699,-0.22252093395611133,0.4338837391176348,-0.9009688679023822,0.882678798325556,-0.46997674302730386,-0.8296770135525985,-0.5582437220268951,-0.10282099713741505,0.9946998756145834,0.9263239682515225,-0.3767278936351173,-0.9540665500578387,-0.2995947563972601,0.571666671302705,-0.8204859638785328,0.6115298757991002,0.7912213413483847,-0.9380889596420646,0.3463944338433701,-0.0494368091132518,-0.9987772533977233,0.9677109772087503,0.2520624220102742,-0.5304054598463693,0.8477440935595845,-0.6498975881398581,-0.7600217924046622,0.9198172790502269,-0.3923470060554012,0.09875272084576234,0.9951120038093998
2024-06-03,21.0,7149.49,0.0,0,0,Lazada,0.0,0,18446.0,3400.59,2604.8,957.5,1609.62,9716.325714285713,9974.344285714285,1.6797345011568974,-0.6124097365282446,0.0,0.9749279121818547,-0.2225209339561782,-0.4338837391173064,-0.9009688679025404,-0.7818314824681494,0.6234898018585836,0.7678804460366104,-0.6405931786981627,-0.9837979515735106,-0.17928075881076758,0.4925480679538715,0.8702852410301511,0.3527520865491555,-0.9357168190404708,-0.9590788900341124,-0.28313898122818576,0.5431052396834356,-0.8396646346181301,0.6515303615068053,0.7586225596664072,-0.9120525252759679,0.4100733972567959,-0.1350551158403373,-0.9908380875225543,0.9885312610933445,0.1510163760696233,-0.4247283525160213,0.905320841784296,-0.7480169550331118,-0.6636796177245401,0.8483138696949915,-0.5294937001354304,0.2676355053787537,0.9635202313707062
2024-06-04,5.0,1628.9,0.0,0,0,Lazada,0.0,0,19788.0,12167.0,2683.5,6670.58,50668.0,12312.72714285714,10643.03642857143,0.46688087314436555,-0.9176824337982615,0.0,0.43388373911771605,-0.9009688679023431,-0.7818314824682484,0.6234898018584595,0.97492791218189,-0.22252093395602343,0.6206094818274339,-0.7841198065767017,-0.973264373700389,0.22968774213176804,0.9057022630804535,0.4239143907098991,-0.44709379298506335,-0.8944870822288209,-0.9638074231367304,-0.2665994206792945,0.5139010013093119,-0.8578494977869291,0.6897960046655891,0.7240037789593301,-0.8816994317707866,0.47181152170657303,-0.2196748892188734,-0.9755731356729108,0.9988298281778685,0.04836294389478107,-0.3129000178799576,0.9497860700235197,-0.8319919011831912,-0.554787775969856,0.7565171356105704,-0.6539738706764803,0.4286178410077113,0.9034858860933515
2024-06-05,7.0,1956.85,0.0,0,0,Lazada,0.0,0,1628.9,2203.7,2204.24,12870.0,3289.3199999999997,10807.284285714282,10567.707857142857,0.6126253191714242,0.2013321873657068,0.0,-0.433883739117573,-0.9009688679024119,0.7818314824680505,0.6234898018587076,-0.9749279121818346,-0.22252093395626604,0.4470937929851247,-0.8944870822287903,-0.7998392447397339,0.6002142805483489,0.9837979515735127,-0.17928075881075603,-0.9601498736715883,-0.27948563485165573,-0.9682507501166719,-0.24998096907265197,0.48408852163897564,-0.8750190302029957,0.7262249146041523,0.6874571793269685,-0.8471733374738767,0.531316606434782,-0.30267049085567954,-0.9530952596488884,0.9984970627014782,-0.05480525318361657,-0.1965400358449377,0.980495800251113,-0.900234525457297,-0.43540532745325394,0.6466230339779013,-0.7628097088587781,0.5769476201403008,0.816781147930364
2024-06-06,38.0,10229.380000000001,0.0,1,0,Lazada,0.0,0,46614.0,7149.49,3400.59,16310.0,15318.0,15881.034285714284,12798.680000000002,1.2447417705734776,-0.7805513365083451,0.0,-0.9749279121817688,-0.22252093395655462,0.4338837391180021,-0.9009688679022053,0.7818314824679943,0.6234898018587781,0.2546711202412384,-0.9670277247913178,-0.49254806795388173,0.8702852410301454,0.697944154766365,-0.7161521883143724,-0.8573146280763528,0.5147928015097966,-0.9724075561219964,-0.23328854407545724,0.45370308603134796,-0.891152910406307,0.7607200913564062,0.6490800741100446,-0.8086376511543176,0.5883070194512625,-0.3834282907116297,-0.9235706501843581,0.9875365065492321,-0.1573901147865979,-0.07733361695682328,0.9970052716452282,-0.9514544127333328,-0.30778970172874365,0.5212604463582821,-0.8533976488497989,0.7082462315032338,0.705965491763916
2024-06-07,14.0,4013.24,0.0,0,0,Lazada,0.0,0,10229.380000000001,20391.0,2100.09,10784.0,4368.38,16321.018571428567,13286.450714285715,0.8933465283940321,-0.6076751474673929,0.0,-0.7818314824680639,0.6234898018586909,-0.9749279121817993,-0.22252093395642084,-0.4338837391178203,-0.9009688679022929,0.05147875477035439,-0.9986740898848301,-0.10282099713737605,0.9946998756145874,0.15389057670402895,-0.9880878960910823,-0.20455206612623164,0.9788556850953514,-0.9762766110869319,-0.21652708524481534,0.42278065798267905,-0.906232042710769,0.7931896839451869,0.6089746507720453,-0.7662747586044925,0.6425130304714659,-0.4613512039905658,-0.8872175982116537,0.9660648215530183,-0.2582997494341309,0.04299280405372216,0.9990753819405211,-0.9846830346495268,-0.17435401134874629,0.38342829071165463,-0.9235706501843478,0.818637814273129,0.5743101331529107
2024-06-08,18.0,4926.53,0.0,0,0,Lazada,0.0,1,22707.0,1628.9,12167.0,5537.360000000001,5541.63,14398.33857142857,13355.532857142858,1.582237542704392,-0.783039150922623,0.0,1.3722481549070874e-13,1.0,2.7444963098141747e-13,1.0,-2.7044657985756995e-13,1.0,-0.1538905767040561,-0.988087896091078,0.30411483232750686,0.9526353808033861,-0.4470937929850984,-0.8944870822288034,0.5794210982045448,0.8150283375168248,-0.9798567700958665,-0.19970155256606367,0.3913578365610261,-0.9202385798054075,0.823547234955601,0.5672476988027224,-0.7202851594252708,0.6936780875245463,-0.5358631057005465,-0.8443048809221494,0.9343105477678193,-0.3564600964060319,0.16269657176439267,0.9866761502824084,-0.9992920637248697,-0.037621421776575584,0.23642378142123957,-0.971650037605352,0.9048636712981462,0.4257014638979299
2024-06-09,19.0,5218.57,0.0,0,0,Lazada,0.0,1,18505.0,13639.0,6043.9,2588.2,10624.0,17233.45,14002.735,0.9918082444254427,-0.7179913536881923,0.0,0.7818314824679514,0.6234898018588318,0.9749279121818796,-0.22252093395606928,0.4338837391178979,-0.9009688679022555,-0.35275208654909135,-0.935716819040495,0.6601521206712262,0.7511319308705248,-0.8826787983255154,-0.46997674302738,0.9917226741360996,0.12839835514656558,-0.9831469737221494,-0.18281692498502217,0.3594718130884275,-0.9331559438780416,0.8517119107469173,0.5240103253675781,-0.670886518080165,0.7415600311898373,-0.6064130902482642,-0.7951497745554297,0.8926116709398676,-0.45082635781632985,0.2800440484743447,0.9599871514317777,-0.995005254544737,0.09982255971654484,0.08376355348527785,-0.9964856582548085,0.9643784639967373,0.2645263279511012
2024-06-10,11.0,3070.71,0.0,0,0,Lazada,0.0,0,15331.0,4013.24,20391.0,16449.0,3099.0,13158.619999999999,14739.819285714284,1.1331492403049848,-0.799705824799426,0.0,0.9749279121818089,-0.22252093395637884,-0.43388373911767725,-0.9009688679023617,-0.7818314824680479,0.6234898018587108,-0.5366961939915991,-0.8437755598231865,0.9057022630804701,0.4239143907098636,-0.9917226741361022,0.12839835514654618,0.7678804460366041,-0.6405931786981702,-0.9861462483415948,-0.1658781989346326,0.32716032712209736,-0.9449688462364049,0.8776087166898356,0.479377659460701,-0.6183126337097863,0.7859322407147245,-0.6724795445732124,-0.7401157086095423,0.8414120250581657,-0.5403941192199604,0.3933357220160242,0.9193949150316925,-0.9719036673475101,0.23537897398973526,-0.07090046226089135,-0.9974833955766842,0.9954253493144507,0.09554252426120984
2024-06-11,9.0,3951.5,0.0,0,0,Lazada,0.0,0,25697.0,4926.53,1628.9,17093.0,4058.39,13451.115714285712,13924.727142857142,1.5113225196668576,-0.8462271860528466,0.0,0.4338837391175306,-0.9009688679024324,-0.7818314824679917,0.6234898018587813,0.9749279121818538,-0.22252093395618205,-0.6979441547663439,-0.716152188314393,0.9996684675143132,0.025747913654987586,-0.7338853664322368,0.6792733388972525,0.051478754770344595,-0.9986740898848306,-0.9888537064205885,-0.1488903868564547,0.29446162178680096,-0.9556633054034706,0.9011686968561521,0.4334685453485462,-0.5628123335824816,0.826584706589374,-0.7335740047067852,-0.6796095788159915,0.7812565682797624,-0.6242100403868308,0.5009308193361397,0.8654873276017528,-0.9304241352383128,0.3664845543348829,-0.22386840046372833,-0.9746193817454134,0.997087840738277,-0.07626164076310117
2024-06-12,20.0,6787.69,0.0,1,0,Lazada,0.0,0,15336.0,5218.57,13639.0,2683.5,5985.79,12859.111428571427,15046.280714285715,1.55210168160538,-0.5574015388628064,0.0,-0.43388373911755357,-0.9009688679024213,0.7818314824680236,0.6234898018587414,-0.9749279121817697,-0.22252093395655076,-0.8296770135526204,-0.5582437220268626,0.926323968251493,-0.3767278936351899,-0.20455206612619325,0.9788556850953595,-0.697944154766351,-0.7161521883143861,-0.9912685467787253,-0.13185851571739346,0.26141439851116066,-0.9652266636656118,0.9223291176290543,0.3864052261209856,-0.5046482954181606,0.8633250245020961,-0.789244767242762,-0.6140787387460328,0.7127855825108477,-0.70138200245278,0.6012710693734872,0.7990451183346677,-0.8713510040136491,0.4906601958630899,-0.3714809692572761,-0.9284405686309031,0.969316862460683,-0.2458146052401632
2024-06-13,2.0,603.02,0.0,0,0,Lazada,0.0,0,17053.0,15331.0,10229.380000000001,12450.0,1307.71,12460.985714285713,12445.401428571427,1.2276928471939377,-0.9646384800328388,0.0,-0.9749279121818146,-0.22252093395635397,0.43388373911763123,-0.900968867902384,0.7818314824678121,0.6234898018590065,-0.9263239682514968,-0.3767278936351808,0.6979441547663369,-0.7161521883143999,0.40045390565122724,0.9163169044870219,-0.9996684675143126,0.025747913655007202,-0.9933900548258935,-0.11478762552212843,0.22805777122152257,-0.9736476020539833,0.9410336347451187,0.3383130181923103,-0.44409580415922273,0.8959793059709433,-0.8390802290175717,-0.5440076922910367,0.6367278583822025,-0.7710886034432191,0.6929032710826081,0.7210305520038812,-0.7958013007903767,0.6055578334563466,-0.5102069876722888,-0.8600516436414554,0.9129321980697677,-0.4081112614563614
2024-06-14,7.0,2347.71,0.0,0,0,Lazada,0.0,0,13621.0,25697.0,22707.0,3400.59,4437.45,11864.172857142856,12444.072857142857,3.25506661054661,-0.827640408193231,0.0,-0.7818314824680773,0.623489801858674,-0.9749279121817898,-0.22252093395646289,-0.4338837391175572,-0.9009688679024196,-0.9837979515735074,-0.17928075881078495,0.35275208654918855,-0.9357168190404583,0.8573146280763427,0.5147928015098133,-0.6601521206713823,0.7511319308703877,-0.9952176027737291,-0.09768276782171961,0.1944312200476691,-0.9809161537413761,0.9572324433233098,0.2893199776187023,-0.3814414490728054,0.9243930013415498,-0.8827119303086023,-0.469914511470822,0.5538929381563914,-0.8325879011014272,0.7745003397565678,0.6325734927397456,-0.705203611888961,0.7090048418584768,-0.6367278583822138,-0.7710886034432096,0.8295982910008662,-0.5583607038182773
2024-06-15,10.0,3317.77,0.0,0,1,Lazada,0.0,1,26093.0,15336.0,18505.0,23653.0,16504.0,11691.631428571427,12501.72857142857,4.284574583228613,-0.8728482734833097,0.0,-1.1171007138515579e-13,1.0,-2.2342014277031158e-13,1.0,-1.0775653871223532e-13,1.0,-0.9996684675143128,0.025747913654997394,-0.05147875477036419,-0.9986740898848296,0.997017526448529,-0.07717546212661612,0.10282099713739558,0.9946998756145854,-0.9967506498213927,-0.0805490042187442,0.16057454459499876,-0.9870237158387375,0.9708824104813809,0.2395565591209377,-0.31698176735053746,0.9484316312562175,-0.9198172790502219,-0.3923470060554129,0.46516249913192287,-0.8852253099642734,0.8448805268402716,0.5349550405091116,-0.6012710693734982,0.7990451183346595,-0.7480169550331112,-0.6636796177245408,0.7217751111067817,-0.6921276536787075
2024-06-16,10.0,3268.6099999999997,0.0,0,0,Lazada,0.0,1,12003.0,17053.0,21409.0,2203.7,5939.82,10719.785714285712,11901.528571428573,4.418169854503966,-0.7276839123552445,0.0,0.7818314824680798,0.6234898018586709,0.974927912181788,-0.2225209339564706,0.4338837391173416,-0.9009688679025234,-0.97326437370038,0.22968774213180618,-0.44709379298513346,-0.8944870822287858,0.767880446036579,-0.6405931786982003,0.7998392447397457,0.6002142805483333,-0.9979887423155983,-0.06339140486951159,0.12652781683868553,-0.9919630595773393,0.9819471901866459,0.1891552687200412,-0.25102184062588734,0.9679814231320721,-0.9501219359262373,-0.31187867331989694,0.37148096925728885,-0.928440568630898,0.9030245348792261,0.42958897728661233,-0.48596895705255727,0.8739760710575832,-0.8414120250581429,-0.5403941192199958,0.5926455377376141,-0.805463386256442
2024-06-17,6.0,1932.57,0.0,0,0,Lazada,0.0,0,15614.0,13621.0,3070.71,18446.0,1939.0,10895.012857142854,10626.000714285716,1.8863684757155676,-0.8762283847828871,0.0,0.9749279121818643,-0.22252093395613615,-0.43388373911722866,-0.9009688679025778,-0.7818314824682301,0.6234898018584825,-0.9057022630804901,0.423914390709821,-0.7678804460365439,-0.6405931786982425,0.25467112024124594,-0.9670277247913158,0.9837979515735478,-0.1792807588105632,-0.9989315138848576,-0.046215046983711996,0.09233133369539848,-0.9957283388645866,0.9903973200352553,0.1382503109109857,-0.18387385105134194,0.9829498496360579,-0.9734018427044315,-0.2291044578780981,0.2738454748405621,-0.9617737030660316,0.9480902797323606,0.31800129162790236,-0.3614775484858389,0.9323808137990979,-0.9146788759587183,-0.4041813378607375,0.446021402940681,-0.8950222947607656
2024-06-18,9.0,3977.92,0.0,0,0,Lazada,0.0,0,1932.57,2347.71,25697.0,7149.49,957.5,9225.23714285714,10544.705,2.1557967517315904,1.058357523918927,0.0,0.43388373911755,-0.900968867902423,-0.7818314824680186,0.6234898018587476,0.9749279121818176,-0.22252093395634065,-0.7998392447397104,0.6002142805483803,-0.9601498736716102,-0.27948563485158046,-0.3527520865491372,-0.9357168190404777,0.5366961939915494,-0.8437755598232181,-0.9995786855478958,-0.02902501332197777,0.05802556932878541,-0.998315097203318,0.9962102997023303,0.08697723131367929,-0.11585560376948854,0.9932660666081407,-0.9894848788166607,-0.14463635294481889,0.1732952273485587,-0.9848699224660135,0.9794250862518029,0.20180807818481517,-0.2301508797012623,0.9731549581504145,-0.9660648215530222,-0.2582997494341167,0.28623096833217576,-0.9581606508136435
2024-06-19,15.0,5064.32,0.0,0,0,Lazada,0.0,0,17798.0,3317.77,15336.0,19788.0,21933.0,8273.124285714284,9982.377857142857,1.2297046735244754,-0.715455669176312,0.0,-0.4338837391175342,-0.9009688679024307,0.7818314824679966,0.6234898018587751,-0.9749279121818059,-0.22252093395639216,-0.6601521206712189,0.7511319308705312,-0.991722674136097,0.12839835514658504,-0.8296770135526159,-0.5582437220268691,-0.25467112024129523,-0.9670277247913028,-0.9999300657962057,-0.011826390691830458,0.02365112724522733,-0.9997202729664084,0.999370650853997,0.03547255575312228,-0.04728902277112385,0.9988812483600601,-0.9982521339365442,-0.05909887554882818,0.07090046226090503,-0.9974833955766833,0.9965751408026846,0.08269213223825647,-0.094472236198695,0.9955274966507043,-0.9943406096530514,-0.10623912647795167,0.11799115725973597,-0.9930146458177282
2024-06-20,2.0,665.0,0.0,0,0,Lazada,0.0,0,22476.0,3268.6099999999997,17053.0,1956.85,12870.0,10018.774285714284,10369.28,1.3122172071749099,-0.9704128848549564,0.0,-0.9749279121818097,-0.22252093395637498,0.4338837391176701,-0.9009688679023652,0.7818314824679136,0.6234898018588793,-0.4925480679538971,0.8702852410301367,-0.857314628076371,0.5147928015097664,-0.9996684675143145,0.02574791365493274,-0.8826787983254768,-0.4699767430274527,-0.9999855506507186,0.00537573155758024,-0.010751307763514642,-0.9999422030204417,0.9998699583618592,-0.016126573270657488,0.02150137274079922,0.9997688187627484,-0.9996387871459109,0.02687555084927984,-0.03224895228930355,-0.9994798672690922,0.9992920637248702,-0.03762142177656188,0.04299280405369278,0.9990753819405225,-0.9988298281778678,0.04836294389479575,-0.05373168610970471,-0.9985554095330955
2024-06-21,14.0,4696.16,0.0,0,0,Lazada,0.0,0,24286.0,3977.92,2347.71,10229.380000000001,16310.0,13927.034285714284,11576.135714285714,5.48370365490265,-0.8066309808119905,0.0,-0.7818314824680908,0.6234898018586571,-0.9749279121817801,-0.22252093395650493,-0.433883739117294,-0.9009688679025463,-0.3041148323275517,0.9526353808033717,-0.5794210982046215,0.8150283375167703,-0.799839244739715,0.600214280548374,-0.9444892287837079,0.32854238191070073,-0.9997451236925734,0.0225762630415465,-0.04514101777397397,-0.9989806246941578,0.9977068927101171,-0.06768276175454692,0.09019000427034918,0.9959245770286596,-0.9936345861898662,0.11265127219562687,-0.13505511584033633,-0.9908380875225545,0.9875365065492323,-0.15739011478659692,0.179644883710321,0.9837315262594288,-0.9794250862518059,0.20180807818480076,-0.22386840046372738,-0.9746193817454136
2024-06-22,10.0,3368.05,0.0,0,0,Lazada,0.0,1,19739.0,5064.32,3317.77,22707.0,618.63,14306.925714285711,11290.025,5.428719178490219,-0.8293707887937585,0.0,9.41023926254438e-14,1.0,1.882047852508876e-13,1.0,-3.998138484533648e-13,1.0,-0.10282099713733707,0.9946998756145915,-0.2045520661261549,0.9788556850953675,-0.30411483232755915,0.9526353808033694,-0.4004539056511805,0.9163169044870423,-0.9992088560679752,0.039770113846058074,-0.07947729992362566,-0.9968366760893431,0.9928872135356971,-0.11905873003404255,0.15845177496084561,0.9873667175937001,-0.9802839232770926,0.19759410356706297,-0.23642378142119863,-0.971650037605362,0.9614787218710221,-0.2748793687952327,0.31290001787997157,0.9497860700235151,-0.9365905832039841,0.35042556906370403,-0.3873966461222813,-0.9219131404710575
2024-06-23,7.0,2356.12,0.0,0,0,Lazada,0.0,1,15890.0,665.0,3268.6099999999997,18505.0,20757.0,13123.744285714285,11571.259285714286,5.485639901960981,-0.851723096286973,0.0,0.7818314824679246,0.6234898018588655,0.9749279121818988,-0.2225209339559852,0.43388373911760475,-0.9009688679023967,0.10282099713732927,0.9946998756145923,0.20455206612613955,0.9788556850953707,0.3041148323275368,0.9526353808033765,0.4004539056511518,0.9163169044870548,-0.9983769064671422,0.056952196034035896,-0.113719514585942,-0.9935128947338014,0.9854237542919518,-0.17011767832049376,0.225963608248004,0.9741357440046754,-0.9596855068649534,0.28107601803312476,-0.33527600248402306,-0.94211995104569,0.9214960976269989,-0.38838761831218616,0.44023845527730077,0.8978808954950852,-0.8713510040136356,0.49066019586311377,-0.5394891616674042,-0.8419925441732851
2024-06-24,5.0,1713.05,0.0,0,0,Lazada,0.0,0,17739.0,24286.0,1932.57,21409.0,15746.0,12582.047142857142,11657.867142857143,1.4369761568828285,-0.9034302948305992,0.0,0.9749279121818185,-0.22252093395633682,-0.43388373911759953,-0.9009688679023992,-0.7818314824681286,0.6234898018586097,0.3041148323274901,0.9526353808033914,0.579421098204516,0.8150283375168452,0.7998392447397009,0.6002142805483929,0.9444892287836228,0.3285423819109451,-0.997249521077345,0.07411742515094516,-0.14782713347053206,-0.9890132145779881,0.9753363880767839,-0.2207236509605011,0.2924059769510804,0.956294277219771,-0.9319916318560656,0.36247978998872177,-0.4305596169818718,-0.9025621398133338,0.8681676914867227,-0.49627095367209917,0.5592523247663489,0.8289974892865685,-0.7852670068439965,0.6191572723971436,-0.6756562619728654,-0.7372168036994643
2024-06-25,16.0,4945.55,0.0,0,0,Lazada,0.0,0,12660.0,19739.0,17798.0,3070.71,16449.0,10495.031428571427,12262.335714285715,1.920459096818732,-0.6093562401263823,0.0,0.43388373911777434,-0.900968867902315,-0.781831482468329,0.6234898018583583,0.9749279121817814,-0.22252093395649927,0.4925480679538408,0.8702852410301686,0.8573146280763044,0.5147928015098773,0.9996684675143139,0.02574791365495623,0.8826787983255984,-0.4699767430272243,-0.99582703351006,0.09126072172930692,-0.18175978759136555,-0.983342961338892,0.9626519747161499,-0.27074189844775964,0.3574644155648428,0.9339267592294833,-0.8974070536021601,0.4412035586269559,-0.5212604463582703,-0.853397648849806,0.8022658445149635,-0.5969669293392158,0.6676911663366698,0.7444383832097707,-0.6803978890506205,0.7328428976086617,-0.7918783711724089,-0.6106788397098205
2024-06-26,10.0,3144.95,0.0,0,0,Lazada,0.0,0,4945.55,3368.05,5064.32,25697.0,2604.8,8381.681428571426,11344.30357142857,1.9869285117334095,-0.36408488439101827,0.0,-0.43388373911751477,-0.90096886790244,0.7818314824679697,0.6234898018588089,-0.9749279121817409,-0.22252093395667688,0.660152120671213,0.7511319308705364,0.991722674136095,0.12839835514660058,0.829677013552629,-0.5582437220268496,0.25467112024132554,-0.9670277247912948,-0.9941098647022418,0.10837701279187577,-0.2154773150467295,-0.9765088461966192,0.9474042892438872,-0.32003923622313074,0.4208310085956545,0.9071390534005049,-0.8561874740403101,0.5166652778119246,-0.6064130902482634,-0.7951497745554302,0.724744995562315,-0.6890171923888256,0.7635044855580836,0.6458025244087283,-0.5592523247663383,0.8289974892865756,-0.8847246782682536,-0.46611398140705357
2024-06-27,11.0,3740.43,0.0,0,0,Lazada,0.0,0,17650.0,17739.0,23222.0,6787.69,2683.5,10851.649999999998,12108.49142857143,1.2083074003643417,-0.7880776203966006,0.0,-0.974927912181805,-0.22252093395639602,0.43388373911770894,-0.9009688679023465,0.781831482468015,0.6234898018587521,0.7998392447397056,0.6002142805483865,0.9601498736716146,-0.2794856348515654,0.35275208654905277,-0.9357168190405095,-0.536696193991523,-0.8437755598232349,-0.9920985227917689,0.12546123335273748,-0.24893980855376854,-0.9685189578512199,0.9296339319682686,-0.36848439930778154,0.4822058478963562,0.8760579434344261,-0.8086376511543182,0.5883070194512617,-0.685111201994917,-0.7284384949335668,0.6367278583822032,-0.7710886034432184,0.844880526840271,0.5349550405091124,-0.4247283525160231,0.9053208417842952,-0.9514544127333321,-0.30778970172874554
2024-06-28,4.0,1312.6799999999998,0.0,0,1,Lazada,0.0,0,13280.0,12660.0,4696.16,603.02,12450.0,10504.275714285714,9930.807857142858,0.6600707467717367,-0.9011536144578314,0.0,-0.7818314824681042,0.6234898018586403,-0.9749279121817706,-0.22252093395654696,-0.4338837391174406,-0.9009688679024758,0.9057022630804626,0.4239143907098796,0.7678804460366268,-0.6405931786981431,-0.25467112024122324,-0.9670277247913218,-0.9837979515735014,-0.1792807588108177,-0.9897936029670719,0.14250832791616946,-0.2821076626819166,-0.959382752949075,0.909388220364793,-0.41594839182494103,0.5412984521036125,0.8408305333122919,-0.7551091457390037,0.6555990985513266,-0.7565171356105616,-0.6539738706764906,0.5394891616674174,-0.8419925441732766,0.9102805323267971,0.41399197150046635,-0.2800440484743588,0.9599871514317736,-0.9900977505087063,-0.14037964395737587
2024-06-29,3.0,996.72,0.0,0,0,Lazada,0.0,1,20920.0,3144.95,3368.05,2347.71,3400.59,11165.294285714283,9773.487857142858,2.7969203862348992,-0.9523556405353728,0.0,-1.5483249425042075e-13,1.0,-3.096649885008415e-13,1.0,2.1762354357843395e-13,1.0,0.9732643737003782,0.2296877421318138,0.44709379298514745,-0.8944870822287788,-0.7678804460366369,-0.640593178698131,-0.7998392447397644,0.6002142805483082,-0.9871957872910087,0.15951325197263602,-0.31494162072895093,-0.9491110448902287,0.8867210630829953,-0.4623048304798067,0.5978291414589534,0.8016235510652433,-0.6959977221267478,0.7180439894563413,-0.8198708615029162,-0.5725484874300744,0.43443718749486837,-0.9007021317403154,0.9584678386132237,0.28520063524490136,-0.12866054379810368,0.991688693325469,-0.9995139620968321,0.03117434158875662
2024-06-30,6.0,1747.57,0.0,0,1,Lazada,0.0,1,2666.0,17650.0,2356.12,3317.77,23653.0,8652.261428571426,8659.535714285714,2.3108492767817355,-0.34449737434358596,0.0,0.7818314824680529,0.6234898018587046,0.9749279121818072,-0.2225209339563865,0.4338837391178679,-0.9009688679022699,0.9996684675143127,0.025747913655005224,0.05147875477037984,-0.9986740898848288,-0.9970175264485271,-0.07717546212663955,-0.10282099713742675,0.9946998756145822,-0.9843058444990329,0.17647097349152244,-0.3474028211842789,-0.9377159910299088,0.8616928164028563,-0.5074302810827447,0.6515303615068045,0.7586225596664079,-0.6317404220940861,0.7751800043166658,-0.8744980560685667,-0.48502901968057344,0.3230933755523509,-0.9463670908660061,0.9885312610933442,0.15101637606962523,0.02580077239153104,0.9996671046623473,-0.9794250862518118,0.20180807818477198
2024-07-01,7.0,2030.3899999999999,0.0,0,0,Lazada,0.0,0,30845.0,13280.0,1713.05,3268.6099999999997,2203.7,10252.56714285714,9552.210714285715,4.304239582804149,-0.9341744204895445,0.0,0.9749279121818739,-0.22252093395609412,-0.43388373911715095,-0.9009688679026152,-0.7818314824683107,0.6234898018583813,0.983797951573519,-0.1792807588107213,-0.3527520865490675,-0.935716819040504,-0.8573146280763548,0.5147928015097932,0.6601521206711879,0.7511319308705584,-0.9811246297717123,0.19337647441020425,-0.3794528437245413,-0.9252110782893592,0.8343701235229602,-0.5512045872199178,0.7021479494046932,0.7120310787787176,-0.5628123335824942,0.8265847065893654,-0.9198172790502104,-0.39234700605544,0.20707028853384574,-0.9783260681421659,0.9999023237537763,0.013976514293568876,0.17964488371029208,0.983731526259434,-0.930424135238324,0.36648455433485466
2024-07-02,4.0,1356.0,0.0,0,0,Lazada,0.0,0,2030.3899999999999,1312.6799999999998,12660.0,15614.0,6043.9,8645.479999999998,9574.877857142856,4.385526097587658,-0.3321480109732613,0.0,0.4338837391175889,-0.9009688679024043,-0.7818314824680724,0.6234898018586801,0.9749279121818464,-0.22252093395621453,0.9263239682514997,-0.3767278936351735,-0.6979441547663257,-0.7161521883144107,-0.4004539056512488,0.9163169044870125,0.9996684675143118,0.025747913655038524,-0.9776530844816642,0.21022475211898328,-0.41105375468703453,-0.9116111071930241,0.8048257371083458,-0.593511190196114,0.7494423368521945,0.6620696215153825,-0.4897230781239099,0.8718780343332677,-0.9553461622632782,-0.29548893422398437,0.08804825782465826,-0.9961162102355541,0.9923660086146724,-0.12332763253295641,0.3291915385199904,0.9442631682782304,-0.8539575894446237,0.5203426135056857
2024-07-03,17.0,5709.5,0.0,0,0,Lazada,0.0,0,22827.0,2666.0,18109.0,17798.0,20391.0,12824.70857142857,11841.556428571426,4.852435253157067,-0.7498795286283787,0.0,-0.4338837391177002,-0.9009688679023508,0.7818314824682264,0.623489801858487,-0.9749279121817771,-0.22252093395651829,0.8296770135526247,-0.5582437220268561,-0.9263239682514871,-0.37672789363520437,0.20455206612617025,0.9788556850953642,0.6979441547663734,-0.7161521883143642,-0.9738922359149922,0.22701082094141922,-0.44216815196707343,-0.8969321743510058,0.7731383255706056,-0.6342374393978017,0.7931896839451863,0.608974650772046,-0.4130130429412973,0.9107251102063509,-0.9807065438204098,-0.19548574093223955,-0.032248952289302565,-0.9994798672690922,0.9660648215530189,-0.25829974943412903,0.47086328873604383,0.882206190933093,-0.7522826980987468,0.6588404527207402
2024-07-04,11.0,3689.0,0.0,0,0,Lazada,0.0,0,24974.0,30845.0,3740.43,22476.0,1628.9,16577.55571428571,11479.020714285713,2.8833068868001264,-0.8522863778329463,0.0,-0.9749279121818002,-0.22252093395641703,0.4338837391177478,-0.9009688679023278,0.7818314824681164,0.6234898018586249,0.6979441547663495,-0.7161521883143875,-0.9996684675143135,0.025747913654971925,0.7338853664322208,0.6792733388972697,-0.0514787547703133,-0.9986740898848322,-0.9698431969672945,0.24372971360968226,-0.4727592092862747,-0.8811916534074845,0.7393922635959201,-0.6732748922501873,0.8331829385891748,0.5529974600700327,-0.3332493855822844,0.9428387173896869,-0.9956284932063305,-0.09340183893099721,-0.15207910943934524,-0.988368324296229,0.9214960976269994,-0.38838761831218527,0.6012710693734629,0.799045118334686,-0.6284008465466046,0.7778896940180599
2024-07-05,3.0,979.15,0.0,0,0,Lazada,0.0,0,15411.0,1356.0,1312.6799999999998,23222.0,13639.0,14609.642857142853,11627.561428571427,3.3843659025879136,-0.9364642138732074,0.0,-0.7818314824679758,0.6234898018588012,-0.9749279121818621,-0.22252093395614567,-0.4338837391171775,-0.9009688679026024,0.5366961939916057,-0.8437755598231823,-0.9057022630804767,0.4239143907098494,0.9917226741360992,0.12839835514656947,-0.7678804460365841,-0.6405931786981943,-0.9655071658143365,0.2603764827344576,-0.5027907197793033,-0.8644081744776654,0.7036774074790215,-0.7105196029692659,0.8692328164574781,0.49440298420762,-0.25102184062587457,0.9679814231320755,-0.9999531843608733,0.009676212407206368,-0.26970674546012813,-0.9629425068265008,0.8595025968555432,-0.5111313784131997,0.7172952716008799,0.6967693257736164,-0.4859689570525341,0.8739760710575961
2024-07-06,3.0,815.77,0.0,0,0,Lazada,0.0,1,19524.0,22827.0,996.72,4696.16,10229.380000000001,13301.949999999999,11504.023571428572,3.1420806687902876,-0.9582170661749642,0.0,-1.7639370568305323e-13,1.0,-3.5278741136610646e-13,1.0,-7.443376616269554e-14,1.0,0.35275208654915186,-0.9357168190404721,-0.6601521206713233,0.7511319308704394,0.8826787983255265,-0.46997674302735926,-0.9917226741361328,0.128398355146309,-0.9608854255574985,0.27694620226893363,-0.5322271388474347,-0.8466016020976298,0.6660888558609782,-0.7458723993404053,0.9011686968561518,0.433468545348547,-0.1669383594650523,0.9859673342150423,-0.9936345861898663,0.11265127219562589,-0.38342829071164103,-0.9235706501843534,0.7812565682797636,-0.6242100403868293,0.8161603698771062,0.5778254499778157,-0.3291915385199802,0.944263168278234
2024-07-07,29.0,8315.54,0.0,1,0,Lazada,0.0,1,57121.0,24974.0,1747.57,3368.05,22707.0,17501.98857142857,15380.74142857143,12.50526718777151,-0.8544223665552073,0.0,0.7818314824680395,0.6234898018587215,0.9749279121818167,-0.22252093395634448,0.4338837391177213,-0.9009688679023405,0.1538905767040638,-0.9880878960910768,-0.3041148323275218,0.9526353808033813,0.4470937929851194,-0.8944870822287928,-0.5794210982045703,0.8150283375168066,-0.955979343844077,0.29343396896652574,-0.5610336262283651,-0.827793011713104,0.6267266965083341,-0.7792391467859854,0.9288394302558044,0.37048254048210244,-0.08162061540318566,0.9966634713589162,-0.976739952510307,0.21442729576750094,-0.491596746423363,-0.8708229664552742,0.688237583642238,-0.7254853743958547,0.8955013179434905,0.44505886078301093,-0.1626965717643801,0.9866761502824105
2024-07-08,18.0,5825.27,0.0,0,0,Lazada,0.0,0,8315.54,3689.0,30845.0,15890.0,4926.53,15122.20857142857,15849.882142857141,12.58424069428247,-0.29947183225623353,0.0,0.9749279121818281,-0.22252093395629477,-0.4338837391175218,-0.9009688679024366,-0.7818314824679258,0.623489801858864,-0.05147875477034657,-0.9986740898848305,0.10282099713736048,0.9946998756145891,-0.15389057670411807,-0.9880878960910684,0.20455206612620097,0.9788556850953578,-0.9507903724625834,0.309834903831802,-0.5891760872322954,-0.808004664735076,0.5856957398073463,-0.8105309990194856,0.9521140536681095,0.30574307646728516,0.004300592702986845,0.9999907524084425,-0.9494491062150101,0.3139210007430506,-0.5926455377376243,-0.8054633862564344,0.5822045598324513,-0.8130423423846397,0.9534201253498648,0.30164559432858973,0.008601105865724146,0.999963009804806
2024-07-09,16.0,5099.68,0.0,0,0,Lazada,0.0,0,21209.0,979.15,1356.0,17739.0,5218.57,16255.675714285711,15432.659285714286,12.532843475562766,-0.7595511339525673,0.0,0.4338837391176083,-0.9009688679023949,-0.7818314824680993,0.6234898018586464,0.9749279121819114,-0.2225209339559298,-0.25467112024117583,-0.9670277247913343,0.49254806795376915,0.8702852410302091,-0.6979441547663481,-0.7161521883143889,0.8573146280762196,0.5147928015100184,-0.945320046913133,0.3261441535642668,-0.6166212130956336,-0.7872599821916959,0.5431052396834305,-0.8396646346181335,0.9708824104813807,0.23955655912093865,0.0901900042703482,0.9959245770286597,-0.9120525252759628,0.41007339725680714,-0.6851112019948955,-0.7284384949335869,0.46516249913192464,-0.8852253099642724,0.9885312610933398,0.1510163760696543,0.1796448837103191,0.9837315262594292
2024-07-10,6.0,1770.41,0.0,0,0,Lazada,0.0,0,25239.0,815.77,22827.0,12660.0,15331.0,17660.751428571424,15481.350714285714,10.395379658472953,-0.9298541939062562,0.0,-0.4338837391174759,-0.9009688679024588,0.781831482467916,0.6234898018588763,-0.9749279121818133,-0.22252093395635966,-0.4470937929851177,-0.8944870822287937,0.7998392447397245,0.6002142805483615,-0.9837979515735288,-0.1792807588106673,0.9601498736715971,-0.27948563485162564,-0.9395699859530627,0.34235689199454045,-0.6433365204044892,-0.7655835170076771,0.4990686026885333,-0.8665624788845377,0.9850556718215001,0.1722362430276885,0.17541259380427973,0.9844950085880856,-0.8649482509584357,0.5018610596210298,-0.7676545836727526,-0.6408638234182149,0.3393245761753017,-0.940669353175414,0.9999947982262415,-0.0032254488770744856,0.34538564608760547,0.9384608438697095
2024-07-11,7.0,2126.6,0.0,0,0,Lazada,0.0,0,20495.0,5825.27,3689.0,18109.0,3951.5,14860.33714285714,14991.272857142858,2.373991841851287,-0.8962381068553306,0.0,-0.9749279121818459,-0.2225209339562164,0.43388373911737693,-0.9009688679025064,0.7818314824679343,0.6234898018588533,-0.6206094818274277,-0.7841198065767065,0.9732643737003854,0.22968774213178328,-0.9057022630804634,0.4239143907098778,0.4470937929850914,-0.8944870822288069,-0.9335418911179215,0.35846832151248015,-0.6692903895412556,-0.7430009249440503,0.45370308603134885,-0.8911529104063065,0.9945667569706333,0.10410074893542862,0.25933826597540516,0.9657865518844575,-0.8086376511543187,0.588307019451261,-0.8390802290175552,-0.5440076922910623,0.2070702885338467,-0.9783260681421657,0.9875365065492281,-0.15739011478662304,0.5009308193361618,0.8654873276017401
2024-07-12,9.0,3010.0,0.0,0,0,Lazada,0.0,0,2126.6,21209.0,15411.0,17650.0,15336.0,14331.955714285712,14879.672857142858,2.056069497516965,0.41540487162606987,0.0,-0.7818314824681311,0.6234898018586066,-0.9749279121817513,-0.22252093395663106,-0.43388373911732403,-0.9009688679025318,-0.767880446036569,-0.6405931786982124,0.9837979515735338,-0.17928075881064032,-0.4925480679539909,0.8702852410300836,-0.35275208654891343,-0.935716819040562,-0.927237546217955,0.37447367448688024,-0.6944521021088721,-0.7195389342325881,0.4071294853542599,-0.9133704517637822,0.9993706508539965,0.035472555753137465,0.3413465142450357,0.9399375283564135,-0.743720083928753,0.6684911643103509,-0.8983536994820046,-0.4392728430337985,0.07090046226093534,-0.9974833955766811,0.9514544127333375,-0.30778970172872877,0.6416887978251123,0.7669651144255273
2024-07-13,13.0,4264.12,0.0,0,0,Lazada,0.0,1,20074.0,1770.41,815.77,1312.6799999999998,603.02,12860.144285714283,15260.447857142859,2.3548668885060846,-0.7875799541695726,0.0,2.941875832754636e-14,1.0,5.883751665509272e-14,1.0,8.825627498263909e-14,1.0,-0.8826787983255523,-0.4699767430273108,0.8296770135526071,-0.5582437220268821,0.10282099713739168,0.9946998756145858,-0.9263239682515108,-0.37672789363514625,-0.9206588168102434,0.3903682146763009,-0.7187918772884206,-0.6952253139408748,0.3594718130884218,-0.9331559438780438,0.9994446170919861,-0.03332352571162388,0.4208310085956536,0.9071390534005054,-0.670886518080156,0.7415600311898455,-0.944616553222363,-0.3281761224987317,-0.06661003679001776,-0.9977790852682935,0.8926116709398818,-0.45082635781630187,0.7635044855580823,0.6458025244087299
2024-07-14,6.0,1890.34,0.0,0,0,Lazada,0.0,1,17190.0,20495.0,8315.54,996.72,2347.71,12188.674285714282,12654.544285714286,0.8588224428117508,-0.8900325770796975,0.0,0.7818314824680259,0.6234898018587384,0.9749279121818264,-0.22252093395630243,0.43388373911798445,-0.9009688679022139,-0.9601498736716053,-0.2794856348515974,0.5366961939915793,-0.8437755598231992,0.6601521206711319,0.7511319308706076,-0.9057022630804502,0.4239143907099062,-0.9138076496466604,0.40614723863058144,-0.7422809070869858,-0.670088841105507,0.31085696824350556,-0.9504567035349144,0.9947883056093259,-0.10196189005175688,0.49720407844693437,0.8676336233547746,-0.5909121786151598,0.8067358905889124,-0.9771987776823896,-0.21232651482102669,-0.2028609916826232,-0.9792075459541468,0.8124159144868847,-0.583078366849979,0.8627819522593704,0.5055762087514695
2024-07-15,16.0,5443.38,0.0,0,1,Lazada,0.0,0,1890.34,2126.6,5825.27,2666.0,26093.0,9530.865714285712,12195.60142857143,1.2553674893500837,1.879577218913,0.0,0.9749279121818328,-0.22252093395627373,-0.43388373911748296,-0.9009688679024553,-0.7818314824681079,0.6234898018586357,-0.9970175264485234,-0.07717546212668841,0.15389057670414516,-0.9880878960910642,0.9732643737003664,0.2296877421318634,-0.30411483232767866,0.9526353808033312,-0.9066860720977997,0.42180607708266066,-0.7648913904341187,-0.6441592666722731,0.2614143985111616,-0.9652266636656115,0.9854237542919544,-0.17011767832047878,0.5699010576127577,0.8217133225960622,-0.5046482954181623,0.8633250245020951,-0.9956284932063304,-0.0934018389309982,-0.3352760024839945,-0.9421199510457002,0.7127855825108498,-0.7013820024527779,0.936590583203978,0.3504255690637205
2024-07-16,8.0,2298.86,0.0,0,0,Lazada,0.0,0,35643.0,18161.0,5099.68,30845.0,12003.0,14666.54857142857,13199.323571428571,1.1358661733338793,-0.9355031843559745,0.0,0.43388373911762773,-0.9009688679023856,-0.7818314824681262,0.6234898018586127,0.9749279121818751,-0.2225209339560884,-0.9917226741360994,0.12839835514656756,-0.25467112024126115,-0.9670277247913118,0.9263239682515403,-0.37672789363507364,0.4925480679539227,0.8702852410301222,-0.8992961915530263,0.4373400963303304,-0.7865965660865996,-0.6174672802835547,0.21127575558218867,-0.9774264960104034,0.9713952846837519,-0.2374683155584603,0.6383844591746591,0.7697176640069253,-0.4130130429412982,0.9107251102063505,-0.9996387871459106,0.026875550849292086,-0.4613512039905632,-0.887217598211655,0.5961040271552147,-0.8029072105849685,0.982751589308486,0.18493056456855592
2024-07-17,7.0,2237.38,0.0,0,0,Lazada,0.0,0,25002.0,4264.12,1770.41,1356.0,15614.0,13104.52857142857,12982.336428571429,2.5140887154723797,-0.9105119590432765,0.0,-0.4338837391174565,-0.9009688679024681,0.7818314824678891,0.62348980185891,-0.9749279121818495,-0.22252093395620107,-0.9444892287836737,0.3285423819107988,-0.6206094818273632,-0.7841198065767576,0.5366961939916487,-0.843775559823155,0.9732643737003476,0.2296877421319435,-0.8916401947968894,0.45274469960736724,-0.8073707443023441,-0.5900444739548696,0.1605745445949927,-0.9870237158387385,0.9527692922168564,-0.3036950375106424,0.7021479494046925,0.7120310787787183,-0.31698176735052586,0.9484316312562214,-0.989171579484957,0.14676370920372406,-0.5787026118775729,-0.815538648382819,0.46516249913190033,-0.8852253099642852,0.9999023237537763,0.013976514293570835
2024-07-18,17.0,5843.38,0.0,0,0,Lazada,0.0,0,15590.0,1890.34,20495.0,22827.0,3977.92,12586.422857142856,12387.548571428571,2.971446931433315,-0.6251840923669019,0.0,-0.9749279121817905,-0.22252093395645908,0.4338837391178255,-0.9009688679022904,0.7818314824677522,0.6234898018590815,-0.8573146280763508,0.5147928015097999,-0.8826787983255137,-0.46997674302738346,-0.051478754770238916,-0.9986740898848361,0.8296770135526991,-0.5582437220267455,-0.8837203473619991,0.46801532844383165,-0.827189337246246,-0.5619233046832248,0.1094457686489176,-0.9939927684469578,0.9296339319682742,-0.36848439930776744,0.760720091356405,0.6490800741100462,-0.21757660514828572,0.9760432474496952,-0.964378463996749,0.2645263279510587,-0.6851112019948948,-0.7284384949335877,0.32309337555235274,-0.9463670908660056,0.9875365065492328,-0.157390114786594
2024-07-19,13.0,4468.2,0.0,0,0,Lazada,0.0,0,19326.0,2298.86,18161.0,3689.0,22476.0,12646.66,13656.604285714286,2.2455828198515997,-0.7687985097795715,0.0,-0.7818314824680027,0.6234898018587675,-0.9749279121818429,-0.22252093395622974,-0.43388373911747063,-0.9009688679024612,-0.7338853664321835,0.67927333889731,-0.9970175264485303,-0.07717546212660047,-0.6206094818273877,-0.7841198065767382,0.15389057670397085,-0.9880878960910913,-0.8755389928586295,0.48314746401497,-0.8460288880917356,-0.5331370560318065,0.058025569328786386,-0.998315097203318,0.9020987014301812,-0.4315297589714768,0.8136678304455932,0.5813300798152126,-0.11585560376949049,0.9932660666081404,-0.9256185127518975,0.37845788253247586,-0.7785648703932965,-0.6275641342440383,0.1732952273485896,-0.984869922466008,0.946019169632015,-0.32411067660407716
2024-07-20,1.0,332.5,0.0,0,0,Lazada,0.0,1,31159.0,2237.38,4264.12,979.15,23222.0,13836.137142857142,13470.332857142857,1.6768484281177347,-0.9893289258320228,0.0,-2.1951612854831818e-13,1.0,-4.3903225709663636e-13,1.0,-2.038010347584904e-13,1.0,-0.5794210982045895,0.8150283375167929,-0.9444892287836821,0.3285423819107748,-0.9601498736715751,-0.2794856348517009,-0.6206094818273232,-0.7841198065767893,-0.8670985522812102,0.4981366284784018,-0.8638670987837306,-0.5037197987363414,0.006450864198114751,-0.9999791929590822,0.8702939222685759,-0.4925327287220393,0.8605996962501125,0.5092820071573452,-0.012901459949438851,0.9999167727021949,-0.8734530757734307,0.48690833266841266,-0.8572964806502962,-0.514823022275244,0.019351518818324403,-0.9998127418269003,0.8765758813305177,-0.48126367437157164
2024-07-21,7.0,2415.55,0.0,0,0,Lazada,0.0,1,332.5,15590.0,17190.0,19524.0,24286.0,13564.011428571426,13189.502857142857,1.7192542228961698,6.264812030075189,0.0,0.7818314824680126,0.6234898018587552,0.9749279121818359,-0.22252093395626038,0.43388373911742817,-0.9009688679024818,-0.4004539056512937,0.9163169044869929,-0.7338853664322394,0.6792733388972496,-0.9444892287836718,0.32854238191080437,-0.9970175264485175,-0.07717546212676461,-0.8584015232918915,0.5129783862992283,-0.8806828564301479,-0.47370635037967934,-0.04514101777397299,-0.9989806246941578,0.834370123522953,-0.5512045872199289,0.9011686968561513,0.4334685453485479,0.09019000427034723,0.9959245770286597,-0.8086376511543193,0.5883070194512602,-0.9198172790502207,-0.3923470060554156,-0.13505511584033342,-0.9908380875225549,0.7812565682797649,-0.6242100403868277
2024-07-22,22.0,7114.87,0.0,0,0,Lazada,0.0,0,22539.0,18229.0,5443.38,57121.0,19739.0,14067.035714285714,13609.089285714286,2.5981183682230076,-0.6843307156484316,0.0,0.9749279121818377,-0.22252093395625272,-0.4338837391174441,-0.900968867902474,-0.7818314824680064,0.6234898018587629,-0.20455206612617216,0.9788556850953638,-0.40045390565121286,0.9163169044870282,-0.5794210982046311,0.8150283375167634,-0.7338853664321195,0.6792733388973791,-0.8494504794814798,0.5276683455625172,-0.8964562582905589,-0.44313223418263187,-0.09661270188120062,-0.9953220513156604,0.7944973291665957,-0.6072676460566182,0.9350748843515525,0.35445022309899976,0.19232150523908995,0.9813319716704285,-0.7321109433803527,0.6811854127788777,-0.9649450457625374,-0.26245201210570784,-0.2862309683321861,-0.9581606508136404,0.6628750027453584,-0.7487300786901386
2024-07-23,6.0,2989.0,0.0,0,0,Lazada,0.0,0,15580.0,4468.2,2298.86,5825.27,15890.0,11944.16,12295.41,2.753868110164069,-0.8081514762516047,0.0,0.43388373911764716,-0.9009688679023763,-0.781831482468153,0.623489801858579,0.9749279121819402,-0.2225209339558037,-2.5477605267357653e-14,1.0,-5.0955210534715306e-14,1.0,-1.3327623466288098e-13,1.0,-1.0191042106943061e-13,1.0,-0.8402480696078474,0.5422021592729838,-0.9111686353326625,-0.4120336369594279,-0.14782713347052406,-0.9890132145779893,0.7508642533989511,-0.6604565640279727,0.962067572498141,0.27281126433403413,0.29240597695106496,0.9562942772197758,-0.6449812683237518,0.764198379683891,-0.9918264497026007,-0.12759425406472877,-0.4305596169818691,-0.9025621398133351,0.5249257416559857,-0.8511480281049315
2024-07-24,7.0,2338.12,0.0,0,0,Lazada,0.0,0,13499.0,2415.55,15590.0,25239.0,1713.05,12116.202857142855,12840.107142857143,1.8245064533276332,-0.8267930957848729,0.0,-0.43388373911743705,-0.9009688679024774,0.7818314824678623,0.6234898018589436,-0.9749279121817845,-0.22252093395648578,0.20455206612617793,0.9788556850953626,0.40045390565122363,0.9163169044870235,0.5794210982045065,0.815028337516852,0.7338853664321355,0.6792733388973617,-0.8307970168121246,0.5565755266413305,-0.9248025743285091,-0.3804473662878512,-0.1986479428801752,-0.9800709131432657,0.7036774074790121,-0.7105196029692752,0.9819471901866429,0.18915526872005708,0.38937814154520917,0.9210779895789493,-0.5485105018003678,0.8361436655352409,-0.999953184360873,0.009676212407232829,-0.5645884386042832,-0.8253725795023588,0.3714809692573189,-0.928440568630886
2024-07-25,14.0,4637.37,0.0,0,0,Lazada,0.0,0,18022.0,7114.87,18229.0,24384.0,4945.55,11459.855714285713,12763.445714285714,1.5843287004231,-0.7426828320941072,0.0,-0.9749279121818364,-0.2225209339562584,0.43388373911745465,-0.900968867902469,0.7818314824678537,0.6234898018589544,0.40045390565129907,0.9163169044869905,0.7338853664322474,0.679273338897241,0.9444892287836216,0.32854238191094876,0.9970175264485157,-0.0771754621267881,-0.8211001178128883,0.5707841943569049,-0.9373419384643783,-0.3484108069446781,-0.24893980855375383,-0.9685189578512237,0.6531601223269256,-0.7572198192083166,0.9945667569706318,0.10410074893544373,0.4822058478963296,0.8760579434344408,-0.44409580415922534,0.895979305970942,-0.989171579484953,0.1467637092037512,-0.6851112019949148,-0.7284384949335688,0.20707028853387643,-0.9783260681421594
2024-07-26,5.0,1701.97,0.0,0,0,Lazada,0.0,0,17379.0,2989.0,4468.2,2126.6,18109.0,11362.927142857141,11653.54357142857,1.7934576087064784,-0.9020674377121813,0.0,-0.7818314824681579,0.6234898018585728,-0.9749279121817321,-0.22252093395671513,-0.4338837391176172,-0.9009688679023907,0.579421098204548,0.8150283375168225,0.9444892287836486,0.32854238191087104,0.9601498736716179,-0.27948563485155414,0.6206094818274831,-0.7841198065766627,-0.8111602420785626,0.5848239578463315,-0.9487718864399467,-0.31596187665790454,-0.298568817363717,-0.9543881083175918,0.5995514915196517,-0.8003361849976302,0.9998329697701053,0.018276557681681915,0.5699010576127569,0.8217133225960628,-0.33324938558229966,0.9428387173896815,-0.9596855068649542,0.28107601803312193,-0.7892447672427508,-0.6140787387460471,0.03654700988810131,-0.9993319348786163
2024-07-27,13.0,4392.5,0.0,0,0,Lazada,0.0,1,1701.97,20676.0,31159.0,3010.0,17650.0,11179.065714285713,11455.955714285712,1.1739531991150325,1.5808327996380664,0.0,-1.3703664537718588e-14,1.0,-2.7407329075437176e-14,1.0,-4.958583444996199e-13,1.0,0.7338853664321875,0.6792733388973057,0.9970175264485293,-0.07717546212661221,0.6206094818275076,-0.7841198065766433,-0.15389057670399411,-0.9880878960910877,-0.8009803309782905,0.5986906625177215,-0.9590788900341132,-0.2831389812281833,-0.3474028211842713,-0.9377159910299115,0.5431052396834313,-0.8396646346181329,0.9977068927101164,-0.06768276175455915,0.6515303615067922,0.7586225596664185,-0.2175766051482867,0.976043247449695,-0.9120525252759637,0.4100733972568053,-0.8744980560685652,-0.485029019680576,-0.13505511584036062,-0.9908380875225512
2024-07-28,3.0,1029.12,0.0,0,0,Lazada,0.0,1,16061.0,18022.0,22539.0,4264.12,1312.6799999999998,10814.262857142854,11459.702142857142,0.5731026151458967,-0.9359242886495237,0.0,0.7818314824678574,0.6234898018589499,0.9749279121819467,-0.222520933955775,0.4338837391176913,-0.900968867902355,0.8573146280763246,0.5147928015098436,0.8826787983255615,-0.46997674302729353,0.05147875477039158,-0.9986740898848282,-0.8296770135525854,-0.5582437220269146,-0.7905633969115495,0.6123802049900632,-0.9682507501166707,-0.24998096907265635,-0.3953117887649189,-0.9185469991587148,0.4840885216389836,-0.8750190302029912,0.9882042449941412,-0.15314166701312662,0.72622491460416,0.6874571793269603,-0.09875272084577794,0.9951120038093982,-0.8471733374738863,0.5313166064347666,-0.9388316432829665,-0.3443764590830863,-0.30267049085570197,-0.9530952596488813
2024-07-29,28.0,9234.13,0.0,0,0,Lazada,0.0,0,1029.12,4637.37,7114.87,17190.0,20920.0,8386.70857142857,9923.282142857144,1.8181774302673719,7.972840873756219,0.0,0.9749279121818425,-0.2225209339562317,-0.43388373911740524,-0.9009688679024928,-0.7818314824681885,0.6234898018585345,0.944489228783657,0.32854238191084695,0.6206094818274431,-0.7841198065766943,-0.5366961939915198,-0.843775559823237,-0.9732643737003944,0.22968774213174514,-0.7799125224167183,0.625888534307501,-0.9762766110869316,-0.2165270852448163,-0.44216815196707254,-0.8969321743510063,0.42278065798268083,-0.9062320427107681,0.9713952846837488,-0.23746831555847317,0.7931896839451851,0.6089746507720476,0.021501372740810487,0.9997688187627481,-0.7662747586044949,0.6425130304714629,-0.9807065438204092,-0.19548574093224244,-0.46135120399058666,-0.8872175982116428
2024-07-30,22.0,7257.17,0.0,0,0,Lazada,0.0,0,15676.0,1701.97,2989.0,5443.38,2666.0,8800.102857142856,10081.515,1.5774677446272993,-0.5370521816789997,0.0,0.43388373911746175,-0.9009688679024656,-0.7818314824678964,0.6234898018589008,0.9749279121818027,-0.22252093395640563,0.9917226741361002,0.1283983551465617,0.25467112024124977,-0.9670277247913148,-0.9263239682514827,-0.37672789363521525,-0.4925480679539022,0.8702852410301338,-0.769030859258918,0.6392116531380589,-0.9831469737221499,-0.18281692498501964,-0.4878471454423093,-0.8729290708206425,0.3594718130884227,-0.9331559438780435,0.9474042892438833,-0.32003923622314234,0.8517119107469158,0.5240103253675806,0.14144406768793874,0.9899462489023785,-0.6708865180801574,0.7415600311898441,-0.9991210282680486,-0.04191862202646109,-0.6064130902482829,-0.7951497745554154
2024-07-31,6.0,1968.1599999999999,0.0,0,1,Lazada,0.0,0,26769.0,16061.0,2338.12,25002.0,2030.3899999999999,14857.91714285714,11855.884285714286,1.2975880558423964,-0.9264761477828832,0.0,-0.4338837391174176,-0.9009688679024868,0.7818314824678353,0.6234898018589774,-0.9749279121818207,-0.2225209339563272,0.9970175264485274,-0.0771754621266376,-0.15389057670404446,-0.9880878960910798,-0.9732643737004016,0.2296877421317146,0.3041148323274845,0.9526353808033932,-0.7579216274973486,0.652345618956524,-0.9888537064205878,-0.14889038685645917,-0.5322271388474338,-0.8466016020976304,0.2944616217868096,-0.9556633054034679,0.9164086366943446,-0.40024393885730847,0.9011686968561509,0.4334685453485488,0.2593382659753758,0.9657865518844654,-0.5628123335824966,0.8265847065893638,-0.9936345861898667,0.11265127219562297,-0.7335740047068012,-0.6796095788159743
2024-08-01,8.0,3046.22,0.0,0,0,Lazada,0.0,0,1968.1599999999999,1029.12,18022.0,2237.38,1356.0,12844.654285714283,11829.458571428573,1.509541551779751,0.5477501829119584,0.0,-0.9749279121818316,-0.22252093395627945,0.4338837391174935,-0.9009688679024502,0.7818314824679551,0.6234898018588272,0.9601498736716036,-0.27948563485160305,-0.5366961939915892,-0.8437755598231929,-0.6601521206712468,0.7511319308705067,0.9057022630804602,0.4239143907098849,-0.7465881145324138,0.6652865452111107,-0.9933900548258934,-0.1147876255221294,-0.5751899607119809,-0.818019870844315,0.22805777122152449,-0.9736476020539828,0.8786374941609995,-0.4774894280028403,0.9410336347451226,0.3383130181922997,0.37347653741307096,0.9276396261490466,-0.4440958041592262,0.8959793059709416,-0.9643784639967495,0.2645263279510568,-0.8390802290175691,-0.5440076922910408
2024-08-02,8.0,2742.65,0.0,0,0,Lazada,0.0,0,20423.0,15676.0,17379.0,5843.38,22827.0,14731.221428571427,11887.305000000002,0.9621430786161926,-0.8657077804436175,0.0,-0.7818314824680296,0.6234898018587338,-0.9749279121818237,-0.22252093395631384,-0.43388373911735406,-0.9009688679025174,0.8826787983255495,-0.469976743027316,-0.8296770135526138,-0.5582437220268723,-0.10282099713743065,0.9946998756145818,0.9263239682515019,-0.37672789363516807,-0.7350336741329413,0.6780306024735382,-0.9967506498213929,-0.08054900421874163,-0.6166212130956383,-0.7872599821916921,0.16057454459499368,-0.9870237158387383,0.8343701235229535,-0.551204587219928,0.9708824104813837,0.23955655912092677,0.4822058478963536,0.8760579434344276,-0.3169817673505277,0.9484316312562208,-0.9120525252759757,0.4100733972567785,-0.9198172790502199,-0.39234700605541745
2024-08-03,11.0,3819.9,0.0,0,0,Lazada,0.0,1,24116.0,27979.0,4392.5,19326.0,24974.0,15292.004285714285,12442.853571428572,1.624006681259652,-0.8416030850887377,0.0,-3.5264875970351066e-14,1.0,-7.052975194070213e-14,1.0,-3.3316830335428525e-13,1.0,0.7678804460366017,-0.6405931786981732,-0.9837979515735155,-0.1792807588107406,0.49254806795375894,0.8702852410302149,0.35275208654910417,-0.9357168190404901,-0.7232617254437403,0.6905740195722276,-0.9989315138848575,-0.046215046983712975,-0.6564105761979355,-0.7544038410927494,0.09233133369540043,-0.9957283388645864,0.783933816682921,-0.6208444016506459,0.9903973200352548,0.1382503109109886,0.5839514998577013,0.8117885474764601,-0.18387385105134577,0.9829498496360572,-0.8379085086871715,0.5458107099257399,-0.9734018427044303,-0.22910445787810285
2024-08-04,11.0,3749.15,0.0,0,0,Lazada,0.0,1,17541.0,3046.22,1029.12,332.5,979.15,12357.681428571426,12601.167857142858,2.0094474746941873,-0.7862636109685879,0.0,0.7818314824679856,0.6234898018587889,0.9749279121818551,-0.2225209339561763,0.4338837391175447,-0.9009688679024256,0.6206094818274231,-0.7841198065767102,-0.9732643737003827,0.22968774213179474,0.9057022630804469,0.4239143907099133,-0.4470937929851124,-0.8944870822287964,-0.711275751973816,0.7029130847082607,-0.9999300657962056,-0.011826390691834991,-0.6944521021088713,-0.7195389342325887,0.02365112724523639,-0.9997202729664082,0.7277014757264249,-0.685893987599821,0.9993706508539965,0.03547255575313942,0.6772399381909505,0.7357622347736512,-0.047289022771141956,0.9988812483600593,-0.743720083928755,0.6684911643103487,-0.9982521339365439,-0.05909887554883307
2024-08-05,26.0,8505.8,0.0,0,0,Lazada,0.0,0,3749.15,20423.0,9234.13,2415.55,19524.0,12458.099999999997,12795.455714285712,1.3757836141635238,1.2687275782510699,0.0,0.9749279121817966,-0.22252093395643235,-0.4338837391177761,-0.9009688679023141,-0.7818314824683705,0.6234898018583063,0.4470937929851124,-0.8944870822287964,-0.7998392447397173,0.6002142805483709,0.9837979515735359,-0.17928075881062877,-0.9601498736716036,-0.27948563485160305,-0.6990793005655562,0.7150441465537445,-0.9997451236925734,0.022576263041545523,-0.7306444969184842,-0.6827580970759227,-0.04514101777397201,-0.9989806246941579,0.6660888558609797,-0.745872399340404,0.9977068927101184,-0.06768276175452981,0.7607200913564128,0.6490800741100368,0.09019000427034528,0.9959245770286599,-0.6317404220941001,0.7751800043166543,-0.9936345861898668,0.112651272195622
2024-08-06,8.0,2705.9,0.0,0,0,Lazada,0.0,0,22603.0,3819.9,27979.0,15580.0,8315.54,13397.407142857139,14344.705714285714,0.6189415513527929,-0.8802858027695438,0.0,0.433883739117686,-0.9009688679023575,-0.7818314824682069,0.6234898018585115,0.9749279121818678,-0.2225209339561209,0.2546711202412801,-0.9670277247913068,-0.4925480679539568,0.870285241030103,0.6979441547663762,-0.7161521883143616,-0.8573146280764417,0.5147928015096487,-0.6866759803451571,0.7269636153323064,-0.9983769064671423,0.05695219603403492,-0.7648913904341226,-0.6441592666722684,-0.11371951458594005,-0.9935128947338017,0.5995514915196525,-0.8003361849976296,0.9854237542919523,-0.17011767832049085,0.833182938589181,0.5529974600700233,0.22596360824800016,0.9741357440046763,-0.5046482954181403,0.863325024502108,-0.9596855068649548,0.28107601803312005
2024-08-07,13.0,4330.65,0.0,0,0,Lazada,0.0,0,15921.0,17541.0,1968.1599999999999,20676.0,21209.0,13396.264285714282,11764.627142857144,0.7751475001855496,-0.7279913322027511,0.0,-0.43388373911760303,-0.9009688679023975,0.781831482468092,0.6234898018586555,-0.9749279121817557,-0.22252093395661193,0.05147875477034069,-0.9986740898848309,-0.10282099713734875,0.9946998756145903,0.1538905767041568,-0.9880878960910624,-0.2045520661261779,0.9788556850953626,-0.674069461654617,0.738667963881374,-0.9958270335100596,0.09126072172930948,-0.797101592787192,-0.6038452208771066,-0.18175978759137063,-0.9833429613388911,0.5285813283559345,-0.8488826652214521,0.9626519747161507,-0.2707418984477568,0.8935790198239978,0.4489059314938748,0.3574644155648524,0.9339267592294797,-0.3654839958133084,0.9308176238148574,-0.8974070536021622,0.44120355862695154
2024-08-08,60.0,18152.11,0.0,1,0,Lazada,0.0,0,65058.0,8505.8,20423.0,2338.12,25239.0,20267.478571428568,16362.789285714285,2.606467131957234,-0.720985735804974,0.0,-0.9749279121818268,-0.22252093395630046,0.43388373911753236,-0.9009688679024316,0.7818314824680566,0.6234898018587,-0.15389057670406964,-0.988087896091076,0.304114832327533,0.9526353808033777,-0.4470937929850844,-0.8944870822288103,0.5794210982045895,0.8150283375167929,-0.6612634749656386,0.7501537286959042,-0.992098522791769,0.1254612333527365,-0.8271893372462454,-0.5619233046832256,-0.24893980855376663,-0.9685189578512204,0.45370308603135057,-0.8911529104063056,0.9296339319682749,-0.3684843993077656,0.9410336347451126,0.3383130181923274,0.4822058478963528,0.876057943434428,-0.2175766051482886,0.9760432474496946,-0.8086376511543211,0.5883070194512577
2024-08-09,13.0,4099.0,0.0,0,0,Lazada,0.0,0,18152.11,22748.0,2742.65,18022.0,1770.41,21645.522857142852,16200.582857142856,2.2566676414458766,-0.7741860312657868,0.0,-0.781831482468043,0.6234898018587169,-0.9749279121818142,-0.22252093395635586,-0.43388373911750067,-0.9009688679024468,-0.352752086549051,-0.9357168190405102,0.6601521206711615,0.7511319308705817,-0.8826787983255081,-0.46997674302739384,0.9917226741360775,0.12839835514673664,-0.6482618097757141,0.761417510953298,-0.9871957872910093,0.15951325197263155,-0.8550745085896876,-0.5185051443911664,-0.31494162072894233,-0.9491110448902315,0.3754703786876284,-0.9268343944460461,0.8867210630830031,-0.4623048304797915,0.9748595108374078,0.22282040779482012,0.5978291414589388,0.8016235510652541,-0.06446435710735199,0.997920010152485,-0.6959977221267514,0.7180439894563379
2024-08-10,8.0,2462.45,0.0,0,0,Lazada,0.0,1,20585.0,2705.9,3819.9,17379.0,20495.0,18693.094285714284,16045.250714285716,2.8321305095247027,-0.8803764877337867,0.0,-5.682608740298354e-14,1.0,-1.1365217480596708e-13,1.0,-1.7047826220895062e-13,1.0,-0.5366961939916107,-0.8437755598231791,0.9057022630804817,0.4239143907098387,-0.9917226741361042,0.1283983551465306,0.767880446036569,-0.6405931786982124,-0.6350683134867448,0.7724559775191734,-0.9811246297717126,0.19337647441020328,-0.8806828564301474,-0.47370635037968023,-0.37945284372453947,-0.92521107828936,0.29446162178681057,-0.9556633054034676,0.834370123522954,-0.5512045872199273,0.9945667569706316,0.10410074893544567,0.7021479494046904,0.7120310787787204,0.0901900042703443,0.99592457702866,-0.5628123335824982,0.8265847065893627
2024-08-11,8.0,2286.63,0.0,0,0,Lazada,0.0,1,16374.0,4330.65,17541.0,4392.5,3010.0,18723.029999999995,16059.647142857142,2.9226029452386095,-0.8603499450348113,0.0,0.7818314824679722,0.6234898018588058,0.9749279121818647,-0.22252093395613426,0.43388373911780787,-0.9009688679022989,-0.697944154766313,-0.7161521883144231,0.9996684675143109,0.0257479136550738,-0.7338853664322473,0.679273338897241,0.05147875477051685,-0.9986740898848218,-0.6216868902665508,0.7832658619336769,-0.9738922359149941,0.22701082094141137,-0.9039461929223994,-0.42764620926777813,-0.44216815196705894,-0.8969321743510129,0.21127575558219058,-0.9774264960104031,0.7731383255706075,-0.6342374393977994,0.9998699583618595,-0.01612657327063936,0.7931896839451666,0.6089746507720717,0.24268684458258427,0.9701046827361203,-0.4130130429413018,0.9107251102063489
2024-08-12,27.0,8018.08,0.0,0,0,Lazada,0.0,0,16279.0,18152.11,8505.8,16061.0,20074.0,11462.598571428569,15865.038571428571,1.8240387006034724,-0.5074586891086676,0.0,0.974927912181852,-0.22252093395618966,-0.4338837391173276,-0.9009688679025302,-0.7818314824679856,0.623489801858789,-0.8296770135525963,-0.5582437220268984,0.9263239682515255,-0.37672789363511,-0.2045520661262086,0.9788556850953563,-0.6979441547662274,-0.7161521883145066,-0.6081214998935438,0.7938439653781004,-0.9655071658143377,0.26037648273445324,-0.9248025743285114,-0.38044736628784553,-0.5027907197792956,-0.8644081744776699,0.1265278168386955,-0.9919630595773381,0.7036774074790033,-0.7105196029692837,0.9906923101615633,-0.13612033862264966,0.8692328164574691,0.4944029842076358,0.3893781415452065,0.9210779895789505,-0.2510218406259068,0.967981423132067
2024-08-13,18.0,5812.9,0.0,0,0,Lazada,0.0,0,33340.0,20585.0,22603.0,9234.13,17190.0,14192.165714285713,16586.772857142856,1.6932793111735904,-0.8256478704259148,0.0,0.4338837391175006,-0.9009688679024468,-0.7818314824679502,0.6234898018588334,0.9749279121818316,-0.2225209339562795,-0.9263239682515019,-0.37672789363516807,0.6979441547663172,-0.716152188314419,0.40045390565121286,0.9163169044870282,-0.9996684675143112,0.025747913655062068,-0.5943761565849813,0.8041871576214493,-0.9559793438440752,0.29343396896653157,-0.9431964659565876,-0.33223549871590147,-0.5610336262283752,-0.8277930117130972,0.04084439154331032,-0.9991655196610103,0.6267266965083254,-0.7792391467859925,0.9671667297977282,-0.25414270946137363,0.9288394302558135,0.3704825404820797,0.5267547528105496,0.8500173118187045,-0.08162061540321887,0.9966634713589135
2024-08-14,2.0,665.0,0.0,0,0,Lazada,0.0,0,14940.0,16374.0,15921.0,7257.17,5443.38,13864.372857142855,16261.344285714285,1.0997876627077654,-0.9554886211512718,0.0,-0.43388373911737876,-0.9009688679025055,0.7818314824677816,0.6234898018590448,-0.9749279121816907,-0.22252093395689665,-0.9837979515735098,-0.17928075881077143,0.35275208654916285,-0.935716819040468,0.8573146280762761,0.5147928015099242,-0.660152120671341,0.7511319308704238,-0.580454927809101,0.8142923779467245,-0.9453200469131344,0.3261441535642625,-0.9590788900341088,-0.28313898122819786,-0.6166212130956263,-0.7872599821917015,-0.045141017773956835,-0.9989806246941586,0.5431052396834568,-0.8396646346181165,0.9296339319682648,-0.3684843993077911,0.9708824104813764,0.23955655912095625,0.65153036150679,0.7586225596664203,0.09019000427031502,0.9959245770286627
2024-08-15,25.0,8600.0,0.0,0,1,Lazada,0.0,0,14089.0,16279.0,65058.0,26769.0,2298.86,13306.282857142854,15868.655,3.176646380538739,-0.38959471928454825,0.0,-0.974927912181822,-0.2225209339563215,0.4338837391175712,-0.9009688679024128,0.7818314824678745,0.6234898018589283,-0.9996684675143139,0.025747913654954286,-0.05147875477027806,-0.9986740898848341,0.9970175264485303,-0.07717546212660048,0.10282099713722401,0.9946998756146032,-0.5663619330814517,0.8241566360566669,-0.9335418911179205,0.35846832151248254,-0.9724075561219959,-0.23328854407545913,-0.6692903895412594,-0.7430009249440469,-0.13079267585674248,-0.991409741702306,0.45370308603135145,-0.8911529104063051,0.8786374941610072,-0.47748942800282607,0.9945667569706345,0.10410074893541839,0.7607200913564116,0.6490800741100383,0.25933826597537296,0.9657865518844662
2024-08-16,18.0,5826.05,0.0,0,0,Lazada,0.0,0,25077.0,5812.9,20585.0,20423.0,15590.0,13206.557142857142,13699.361428571428,3.0609661337775527,-0.767673565418511,0.0,-0.7818314824680566,0.6234898018587001,-0.9749279121818045,-0.2225209339563979,-0.4338837391172375,-0.9009688679025736,-0.9732643737003769,0.22968774213181953,-0.447093792985158,-0.8944870822287736,0.767880446036662,-0.640593178698101,0.7998392447397785,0.6002142805482894,-0.552101342745919,0.8337770129585927,-0.9206588168102411,0.39036821467630656,-0.9831469737221484,-0.18281692498502758,-0.7187918772884291,-0.6952253139408661,-0.21547731504671278,-0.9765088461966229,0.3594718130884378,-0.9331559438780376,0.8149159841660872,-0.5795791048257498,0.9994446170919853,-0.033323525711648365,0.8517119107469142,0.5240103253675831,0.4208310085956234,0.9071390534005194
2024-08-17,12.0,4027.45,0.0,0,0,Lazada,0.0,1,19654.0,665.0,16374.0,24116.0,18229.0,13881.864285714284,13873.118571428571,3.1986417973268173,-0.7950824259692684,0.0,-7.838729883561601e-14,1.0,-1.5677459767123202e-13,1.0,-7.788221063615992e-15,1.0,-0.9057022630804843,0.42391439070983344,-0.7678804460365615,-0.6405931786982214,0.2546711202412611,-0.9670277247913118,0.9837979515735379,-0.1792807588106172,-0.5376773767406173,0.843150661828198,-0.9066860720978016,0.42180607708265655,-0.991268546778726,-0.13185851571738838,-0.7648913904341128,-0.64415926667228,-0.2985688173637287,-0.9543881083175881,0.2614143985111507,-0.9652266636656145,0.7393922635959324,-0.6732748922501739,0.9854237542919575,-0.17011767832046093,0.9223291176290466,0.3864052261210041,0.569901057612777,0.8217133225960488
2024-08-18,5.0,1780.05,0.0,0,0,Lazada,0.0,1,4027.45,14089.0,2286.63,3819.9,19326.0,14362.214285714284,12991.222142857145,0.23514369030430401,-0.5580205837440564,0.0,0.7818314824679587,0.6234898018588226,0.9749279121818744,-0.2225209339560922,0.43388373911766126,-0.9009688679023694,-0.7998392447397362,0.6002142805483458,-0.9601498736715861,-0.2794856348516633,-0.35275208654901613,-0.9357168190405233,0.536696193991695,-0.8437755598231255,-0.5230943033491319,0.8522748088519843,-0.8916401947968866,0.4527446996073727,-0.9967506498213928,-0.0805490042187426,-0.8073707443023513,-0.5900444739548597,-0.37945284372455174,-0.925211078289355,0.16057454459499562,-0.9870237158387379,0.6531601223269385,-0.7572198192083054,0.9527692922168489,-0.30369503751066573,0.9708824104813829,0.2395565591209296,0.7021479494047091,0.7120310787787019
2024-08-19,18.0,6168.1,0.0,0,0,Lazada,0.0,0,17519.0,25077.0,33340.0,3749.15,332.5,12428.507142857141,13407.746428571429,0.9012574845935308,-0.6479194017923398,0.0,0.9749279121818063,-0.2225209339563903,-0.4338837391176984,-0.9009688679023515,-0.7818314824681677,0.6234898018585606,-0.6601521206712085,0.7511319308705403,-0.9917226741360936,0.12839835514661227,-0.8296770135526073,-0.5582437220268821,-0.25467112024134836,-0.9670277247912888,-0.5083564379375104,0.8611467540480462,-0.8755389928586282,0.48314746401497227,-0.9995786855478956,-0.02902501332197973,-0.8460288880917383,-0.5331370560318022,-0.4575313760742571,-0.8891934772070681,0.05802556932878932,-0.9983150972033178,0.5574684374327978,-0.8301981337405154,0.9020987014301768,-0.43152975897148604,0.9962102997023285,0.0869772313136993,0.8136678304456069,0.5813300798151935
2024-08-20,12.0,4160.6,0.0,0,0,Lazada,0.0,0,21057.0,19654.0,14940.0,22748.0,22539.0,11903.085714285711,12555.760714285714,0.9020642080130844,-0.8024124994063732,0.0,0.4338837391177249,-0.9009688679023388,-0.7818314824682606,0.6234898018584442,0.9749279121818966,-0.2225209339559948,-0.49254806795388517,0.8702852410301435,-0.8573146280763568,0.5147928015097899,-0.9996684675143149,0.025747913654917066,-0.8826787983255026,-0.4699767430274042,-0.4934681416772376,0.8697638720650644,-0.858401523291892,0.5129783862992274,-0.9997451236925736,0.02257626304153744,-0.880682856430147,-0.4737063503796811,-0.5322271388474442,-0.8466016020976238,-0.045141017773955856,-0.9989806246941586,0.45370308603135234,-0.8911529104063046,0.8343701235229551,-0.5512045872199256,0.9977068927101185,-0.06768276175452688,0.9011686968561615,0.43346854534852675
2024-08-21,3.0,1032.5,0.0,1,0,Lazada,0.0,0,4160.6,4027.45,665.0,22603.0,7114.87,9689.742857142855,11785.80357142857,0.9082418864209973,-0.7518386771138779,0.0,-0.43388373911756417,-0.9009688679024161,0.7818314824680382,0.623489801858723,-0.9749279121818281,-0.2225209339562947,-0.3041148323275386,0.952635380803376,-0.5794210982045991,0.8150283375167862,-0.7998392447397245,0.6002142805483615,-0.9444892287836898,0.3285423819107526,-0.4784338202547005,0.8781236129591853,-0.840248069607846,0.5422021592729859,-0.9972495210773449,0.07411742515094674,-0.9111686353326646,-0.41203363695942324,-0.6029878670694745,-0.7977503570459907,-0.1478271334705352,-0.9890132145779876,0.3433668739963957,-0.9392013574532052,0.7508642533989444,-0.6604565640279805,0.9753363880767852,-0.22072365096049534,0.9620675724981474,0.2728112643340115
2024-08-22,21.0,7264.91,0.0,0,0,Lazada,0.0,0,14531.0,13116.0,8600.0,15921.0,2989.0,11083.457142857142,11843.625,1.8744212262587276,-0.5000406028490814,0.0,-0.9749279121817666,-0.22252093395656417,0.43388373911801975,-0.9009688679021968,0.7818314824679758,0.6234898018588011,-0.10282099713737997,0.9946998756145871,-0.2045520661262393,0.9788556850953498,-0.3041148323275741,0.9526353808033646,-0.40045390565133854,0.9163169044869732,-0.4632579225674931,0.8862235029485793,-0.8211001178128909,0.5707841943569012,-0.9920985227917691,0.12546123335273554,-0.9373419384643751,-0.34841080694468657,-0.6692903895412587,-0.7430009249440476,-0.24893980855376474,-0.9685189578512209,0.22805777122152734,-0.9736476020539822,0.6531601223269393,-0.7572198192083047,0.9296339319682759,-0.3684843993077629,0.9945667569706342,0.10410074893542033
2024-08-23,8.0,2765.0,0.0,0,0,Lazada,0.0,0,21687.0,21057.0,5826.05,18152.11,2338.12,11891.572857142854,10809.404285714287,1.658807616005537,-0.8725042652280168,0.0,-0.78183148246807,0.6234898018586832,-0.974927912181795,-0.22252093395643996,-0.4338837391177938,-0.9009688679023057,0.10282099713734293,0.9946998756145908,0.20455206612616642,0.978855685095365,0.30411483232752184,0.9526353808033813,0.4004539056512021,0.9163169044870328,-0.44794493940789154,0.8940611451454874,-0.800980330978291,0.5986906625177207,-0.9843058444990339,0.176470973491517,-0.9590788900341126,-0.2831389812281852,-0.7306444969184926,-0.6827580970759137,-0.3474028211842686,-0.9377159910299125,0.10944576864892148,-0.9939927684469574,0.5431052396834346,-0.8396646346181308,0.8616928164028665,-0.5074302810827274,0.9977068927101167,-0.06768276175455426
2024-08-24,16.0,5387.2,0.0,0,0,Lazada,0.0,1,2765.0,4160.6,19654.0,4099.0,18022.0,9278.429999999998,10590.757857142858,1.908917177403554,0.9483544303797469,0.0,1.2742516517498356e-13,1.0,2.548503303499671e-13,1.0,-2.9984553080474547e-13,1.0,0.30411483232750314,0.9526353808033873,0.5794210982045385,0.8150283375168293,0.7998392447396915,0.6002142805484054,0.9444892287836409,0.32854238191089324,-0.4324994021339781,0.9016342202654863,-0.7799125224167167,0.625888534307503,-0.9738922359149943,0.2270108209414104,-0.9762766110869328,-0.21652708524481126,-0.7865965660866021,-0.6174672802835514,-0.44216815196705717,-0.8969321743510138,-0.010751307763516849,-0.9999422030204417,0.4227806579826715,-0.9062320427107725,0.7731383255706094,-0.6342374393977972,0.97139528468375,-0.2374683155584684
2024-08-25,3.0,910.0,0.0,0,0,Lazada,0.0,1,15377.0,14531.0,1780.05,2462.45,17379.0,11502.872857142855,10382.382857142858,0.27916984912337484,-0.9408207062495936,0.0,0.7818314824679453,0.6234898018588395,0.9749279121818839,-0.2225209339560502,0.4338837391179244,-0.9009688679022427,0.49254806795385275,0.8702852410301618,0.8573146280763185,0.5147928015098537,0.9996684675143106,0.025747913655085556,0.8826787983255726,-0.46997674302727277,-0.41692588132873015,0.9089404873138074,-0.7579216274973491,0.6523456189565232,-0.960885425557501,0.2769462022689249,-0.9888537064205875,-0.1488903868564611,-0.8367329140344917,-0.5476112038402319,-0.5322271388474193,-0.8466016020976395,-0.1307926758567546,-0.9914097417023044,0.29446162178681334,-0.9556633054034667,0.6660888558609932,-0.7458723993403918,0.9164086366943465,-0.40024393885730397
2024-08-26,16.0,5357.7699999999995,0.0,0,0,Lazada,0.0,0,11705.0,13508.0,17519.0,2286.63,4392.5,10191.314285714283,10219.450714285715,1.8450359699005097,-0.5422665527552328,0.0,0.9749279121818111,-0.2225209339563693,-0.4338837391176596,-0.9009688679023703,-0.7818314824680662,0.6234898018586879,0.6601521206712232,0.7511319308705273,0.9917226741360986,0.12839835514657338,0.8296770135526378,-0.5582437220268366,0.2546711202412725,-0.9670277247913088,-0.40122898544750135,0.9159777842484875,-0.7350336741329418,0.6780306024735374,-0.9453200469131324,0.32614415356426835,-0.9967506498213928,-0.08054900421874359,-0.8806828564301464,-0.47370635037968195,-0.616621213095636,-0.7872599821916939,-0.2489398085537638,-0.9685189578512211,0.16057454459499754,-0.9870237158387376,0.5431052396834593,-0.8396646346181148,0.8343701235229563,-0.5512045872199239
2024-08-27,4.0,2197.5,0.0,0,0,Lazada,0.0,0,22909.0,2765.0,21057.0,8018.08,16061.0,9201.56714285714,10546.570000000002,2.2220045886687005,-0.9040770003055567,0.0,0.4338837391175394,-0.9009688679024281,-0.7818314824680039,0.623489801858766,0.9749279121818604,-0.22252093395615338,0.7998392447397139,0.6002142805483756,0.9601498736716069,-0.2794856348515918,0.35275208654917384,-0.9357168190404639,-0.5366961939915693,-0.8437755598232054,-0.385413359454325,0.922744028620143,-0.7112757519738143,0.7029130847082625,-0.9272375462179556,0.37447367448687846,-0.9999300657962057,-0.011826390691829846,-0.9181214482844352,-0.3962991372689212,-0.6944521021088692,-0.7195389342325907,-0.3634816124829041,-0.9316013725767196,0.023651127245226104,-0.9997202729664084,0.4071294853542653,-0.9133704517637797,0.7277014757264283,-0.6858939875998175
2024-08-28,22.0,7104.54,0.0,0,0,Lazada,0.0,0,12660.0,910.0,14531.0,14940.0,15676.0,10647.752857142856,11075.312857142857,2.9256863479585955,-0.4388199052132702,0.0,-0.43388373911754474,-0.9009688679024256,0.7818314824680113,0.6234898018587567,-0.9749279121817631,-0.22252093395657943,0.9057022630804684,0.42391439070986714,0.7678804460366092,-0.6405931786981642,-0.2546711202412081,-0.9670277247913258,-0.9837979515735112,-0.17928075881076372,-0.3694836834473847,0.9292372181882045,-0.6866759803451578,0.7269636153323057,-0.906686072097802,0.42180607708265566,-0.9983769064671424,0.05695219603403296,-0.9487718864399458,-0.31596187665790737,-0.7648913904341116,-0.6441592666722815,-0.4727592092862766,-0.8811916534074835,-0.11371951458593615,-0.9935128947338021,0.261414398511181,-0.9652266636656063,0.5995514915196565,-0.8003361849976267
2024-08-29,9.0,2329.5,0.0,0,0,Lazada,0.0,0,13350.0,5357.7699999999995,13508.0,14089.0,27979.0,11767.687142857143,10979.500714285716,1.3161440207628654,-0.8255056179775281,0.0,-0.9749279121818124,-0.22252093395636352,0.43388373911764894,-0.9009688679023754,0.7818314824677938,0.6234898018590295,0.9732643737003813,0.22968774213180046,0.4470937929851229,-0.894487082228791,-0.7678804460365539,-0.6405931786982304,-0.7998392447397314,0.6002142805483521,-0.35344467127408813,0.9354554315134163,-0.6612634749656393,0.7501537286959036,-0.8837203473620033,0.4680153284438236,-0.9920985227917692,0.12546123335273457,-0.9724075561219954,-0.23328854407546104,-0.8271893372462358,-0.5619233046832398,-0.5751899607119777,-0.8180198708443173,-0.24893980855376285,-0.9685189578512213,0.10944576864895168,-0.9939927684469542,0.45370308603135495,-0.8911529104063033
2024-08-30,7.0,2355.3,0.0,0,1,Lazada,0.0,0,2329.5,22909.0,21687.0,8600.0,26769.0,11335.07714285714,10181.03642857143,0.8497481965399667,0.011075338055376749,0.0,-0.7818314824679417,0.6234898018588441,-0.9749279121818866,-0.22252093395603864,-0.43388373911753064,-0.9009688679024324,0.999668467514313,0.02574791365499151,0.05147875477035243,-0.9986740898848302,-0.997017526448526,-0.07717546212665519,-0.10282099713737215,0.9946998756145878,-0.3373010691361836,0.9413968285264124,-0.6350683134867428,0.7724559775191749,-0.8584015232918925,0.5129783862992267,-0.9811246297717116,0.19337647441020833,-0.9888537064205873,-0.14889038685646208,-0.880682856430146,-0.47370635037968284,-0.6692903895412361,-0.7430009249440679,-0.379452843724549,-0.9252110782893561,-0.04514101777398131,-0.9989806246941575,0.29446162178681523,-0.9556633054034661
2024-08-31,15.0,5492.9,0.0,0,1,Lazada,0.0,1,25527.0,18795.0,5387.2,25077.0,3046.22,11731.619999999997,10426.057857142858,1.1932433075156443,-0.7848199945156109,0.0,-1.2150972170088098e-13,1.0,-2.4301944340176195e-13,1.0,-1.3715548965941084e-13,1.0,0.9837979515735165,-0.17928075881073482,-0.3527520865490932,-0.9357168190404943,-0.8573146280763629,0.5147928015097798,0.6601521206712292,0.7511319308705222,-0.32105765418527266,0.9470596510722278,-0.6081214998935446,0.7938439653780998,-0.8307970168121277,0.5565755266413259,-0.9655071658143382,0.26037648273445135,-0.9979887423155979,-0.06339140486951904,-0.9248025743285049,-0.3804473662878614,-0.7536976643929153,-0.6572212950663304,-0.5027907197792921,-0.8644081744776719,-0.19864794288016943,-0.9800709131432669,0.12652781683870035,-0.9919630595773374
2024-09-01,20.0,6904.1,0.0,0,0,Lazada,0.0,1,17309.0,13350.0,11705.0,4027.45,24116.0,12934.099999999997,12233.393571428573,1.5364080773392008,-0.601126581547172,0.0,0.7818314824680737,0.6234898018586785,0.9749279121817923,-0.22252093395645148,0.4338837391173681,-0.9009688679025106,0.9263239682514945,-0.3767278936351862,-0.6979441547663453,-0.7161521883143916,-0.4004539056512631,0.9163169044870062,0.9996684675143133,0.02574791365498366,-0.30471923310916393,0.9524422234305675,-0.580454927809099,0.814292377946726,-0.8009803309782874,0.5986906625177256,-0.9453200469131328,0.3261441535642674,-0.9997451236925736,0.022576263041535483,-0.9590788900341161,-0.28313898122817344,-0.8271893372462512,-0.561923304683217,-0.6166212130956344,-0.7872599821916951,-0.34740282118429244,-0.9377159910299038,-0.045141017773951936,-0.9989806246941588
2024-09-02,4.0,1348.45,0.0,0,0,Lazada,0.0,0,6904.1,2329.5,5357.7699999999995,1780.05,3819.9,12013.257142857141,11890.472142857141,1.5393819487050486,-0.8046885184165931,0.0,0.9749279121818665,-0.2225209339561266,-0.433883739117211,-0.9009688679025862,-0.7818314824682484,0.6234898018584595,0.8296770135526488,-0.5582437220268204,-0.9263239682514546,-0.37672789363528425,0.2045520661261549,0.9788556850953675,0.6979441547664968,-0.7161521883142439,-0.28829064070952054,0.957542952811671,-0.5521013427459257,0.8337770129585882,-0.769030859258917,0.6392116531380602,-0.9206588168102474,0.3903682146762917,-0.994109864702243,0.1083770127918648,-0.9831469737221504,-0.1828169249850165,-0.8887010478292932,-0.45848712914008427,-0.7187918772884067,-0.6952253139408893,-0.48784714544231655,-0.8729290708206384,-0.21547731504670797,-0.9765088461966239
2024-09-03,22.0,7292.41,0.0,0,0,Lazada,0.0,0,21274.0,25527.0,2197.5,17519.0,17541.0,14575.77857142857,11487.30642857143,2.149415146793882,-0.6572149102190468,0.0,0.43388373911755884,-0.9009688679024188,-0.7818314824680308,0.6234898018587323,0.9749279121818242,-0.222520933956312,0.6979441547663396,-0.7161521883143971,-0.9996684675143128,0.025747913654999358,0.7338853664322101,0.6792733388972811,-0.05147875477036812,-0.9986740898848294,-0.2717767384711374,0.962360329827654,-0.5230943033491358,0.8522748088519819,-0.7350336741329425,0.6780306024735367,-0.8916401947968907,0.45274469960736463,-0.9811246297717144,0.19337647441019343,-0.9967506498213926,-0.08054900421874553,-0.9373419384643791,-0.34841080694467597,-0.8073707443023407,-0.5900444739548744,-0.6166212130956337,-0.7872599821916957,-0.3794528437245209,-0.9252110782893676
2024-09-04,9.0,3080.1,0.0,0,0,Lazada,0.0,0,24179.0,24175.0,12660.0,21057.0,8505.8,14640.279999999997,12235.800000000001,1.9818023642216556,-0.8726125977087555,0.0,-0.4338837391175253,-0.9009688679024349,0.7818314824679844,0.6234898018587904,-0.9749279121817993,-0.2225209339564208,0.5366961939915942,-0.8437755598231896,-0.9057022630804651,0.42391439070987424,0.991722674136097,0.12839835514658504,-0.7678804460366192,-0.6405931786981521,-0.2551824131233734,0.9668929289391519,-0.49346814167723846,0.8697638720650639,-0.6990793005655601,0.7150441465537406,-0.858401523291893,0.5129783862992258,-0.9608854255575016,0.276946202268923,-0.9997451236925736,0.0225762630415345,-0.9724075561219983,-0.23328854407544913,-0.8806828564301451,-0.47370635037968456,-0.7306444969184996,-0.6827580970759062,-0.532227138847416,-0.8466016020976416
2024-09-05,8.0,2647.9,0.0,0,0,Lazada,0.0,0,29681.0,6904.1,13350.0,1032.5,22603.0,13394.151428571426,13164.125714285716,3.211906133820519,-0.9107880462248577,0.0,-0.9749279121818076,-0.22252093395638456,0.43388373911768774,-0.9009688679023566,0.7818314824678952,0.6234898018589022,0.35275208654913903,-0.935716819040477,-0.6601521206713028,0.7511319308704575,0.8826787983255873,-0.46997674302724507,-0.9917226741361258,0.12839835514636344,-0.23851257519407942,0.9711394088771645,-0.4632579225674971,0.8862235029485772,-0.6612634749656454,0.7501537286958982,-0.821100117812896,0.5707841943568938,-0.9335418911179267,0.35846832151246655,-0.9920985227917712,0.12546123335271853,-0.9933900548258944,-0.11478762552212014,-0.9373419384643688,-0.34841080694470355,-0.8271893372462501,-0.5619233046832187,-0.669290389541234,-0.7430009249440698
2024-09-06,2.0,750.5,0.0,0,0,Lazada,0.0,0,15810.0,21274.0,2355.3,7264.91,15921.0,14852.058571428568,13362.582857142857,1.7899483242754337,-0.9525300442757748,0.0,-0.7818314824680969,0.6234898018586494,-0.9749279121817758,-0.22252093395652403,-0.4338837391172675,-0.900968867902559,0.15389057670405026,-0.9880878960910789,-0.30411483232749564,0.9526353808033896,0.44709379298513346,-0.8944870822287858,-0.5794210982045256,0.8150283375168385,-0.2217721575564837,0.9750985130399605,-0.4324994021339822,0.9016342202654843,-0.6216868902665467,0.78326586193368,-0.7799125224167224,0.6258885343074959,-0.8992961915530326,0.4373400963303173,-0.9738922359149917,0.2270108209414214,-0.9999855506507187,0.0053757315575637035,-0.9762766110869289,-0.21652708524482897,-0.9039461929223969,-0.4276462092677834,-0.7865965660865816,-0.6174672802835776
2024-09-07,3.0,1032.5,0.0,0,0,Lazada,0.0,1,19257.0,3080.1,24175.0,2765.0,18152.11,12657.21428571428,13648.747142857143,4.7222462731969355,-0.9463831334060342,0.0,8.430274230971861e-14,1.0,1.6860548461943722e-13,1.0,-4.2921279940054033e-13,1.0,-0.05147875477036027,-0.9986740898848298,0.10282099713738777,0.9946998756145862,-0.15389057670399023,-0.9880878960910883,0.20455206612625468,0.9788556850953466,-0.20496611396949604,0.9787690698649215,-0.40122898544750224,0.9159777842484871,-0.5804549278090998,0.8142923779467255,-0.7350336741329432,0.6780306024735361,-0.8584015232918861,0.5129783862992372,-0.9453200469131334,0.32614415356426557,-0.9920985227917714,0.12546123335271755,-0.9967506498213925,-0.08054900421874749,-0.9590788900341152,-0.28313898122817627,-0.8806828564301576,-0.47370635037966125
2024-09-08,26.0,7946.34,0.0,0,0,Lazada,0.0,1,14459.0,2647.9,6904.1,15377.0,20585.0,10190.128571428571,11792.140000000001,5.411941147726011,-0.4504225741752541,0.0,0.7818314824679184,0.6234898018588731,0.9749279121819031,-0.2225209339559661,0.43388373911763123,-0.900968867902384,-0.2546711202411891,-0.9670277247913308,0.492548067953793,0.8702852410301956,-0.6979441547663369,-0.7161521883143999,0.8573146280762479,0.5147928015099713,-0.18809941761180063,0.9821499931752286,-0.3694836834473889,0.9292372181882028,-0.537677376740619,0.8431506618281969,-0.6866759803451643,0.7269636153322995,-0.8111602420785566,0.5848239578463399,-0.9066860720978033,0.421806077082653,-0.9698431969672985,0.24372971360966622,-0.9983769064671434,0.05695219603401486,-0.9912685467787252,-0.13185851571739418,-0.9487718864399532,-0.31596187665788505
2024-09-09,106.0,28148.87,0.0,1,0,Lazada,0.0,0,49101.0,750.5,21274.0,11705.0,16374.0,15702.905714285715,15277.482142857143,5.516814996356997,-0.42671493452271847,0.0,0.9749279121818206,-0.22252093395632724,-0.4338837391175819,-0.9009688679024077,-0.7818314824681469,0.6234898018585867,-0.44709379298512997,-0.8944870822287876,0.7998392447397409,0.6002142805483395,-0.9837979515735056,-0.17928075881079458,0.9601498736715817,-0.2794856348516783,-0.17117705961020177,0.9852402825012817,-0.33730106913618785,0.9413968285264108,-0.4934681416772455,0.8697638720650599,-0.6350683134867499,0.7724559775191693,-0.7579216274973418,0.6523456189565318,-0.8584015232919012,0.5129783862992119,-0.9335418911179274,0.3584683215124647,-0.981124629771715,0.19337647441019054,-0.9997451236925737,0.022576263041531562,-0.9888537064205908,-0.14889038685643882
2024-09-10,31.0,8400.039999999999,0.0,0,0,Lazada,0.0,0,28148.87,17374.0,7292.41,5357.7699999999995,2286.63,19616.95857142857,15768.544285714286,2.252317104113055,-0.7015851790853416,0.0,0.43388373911757827,-0.9009688679024094,-0.7818314824680577,0.6234898018586985,0.974927912181788,-0.2225209339564706,-0.6206094818274385,-0.784119806576698,0.9732643737003916,0.22968774213175658,-0.9057022630804701,0.4239143907098636,0.44709379298504226,-0.8944870822288314,-0.15420404756268666,0.9880390233767514,-0.3047192331091581,0.9524422234305694,-0.4479449394078901,0.8940611451454882,-0.580454927809089,0.8142923779467331,-0.6990793005655513,0.7150441465537491,-0.8009803309782891,0.5986906625177233,-0.8837203473620052,0.46801532844382016,-0.9453200469131248,0.32614415356429055,-0.9843058444990325,0.1764709734915252,-0.9997451236925732,0.022576263041559
2024-09-11,10.0,2677.09,0.0,0,0,Lazada,0.0,0,15984.0,1032.5,3080.1,2197.5,8018.08,17867.392857142855,15262.30357142857,2.3820794594352983,-0.8325143893893894,0.0,-0.43388373911750594,-0.9009688679024442,0.7818314824679575,0.6234898018588242,-0.9749279121817344,-0.22252093395670555,-0.7678804460365778,-0.6405931786982019,0.9837979515735288,-0.17928075881066732,-0.4925480679539056,0.8702852410301319,-0.3527520865489648,-0.9357168190405427,-0.13718540405660373,0.9905453876091829,-0.2717767384711418,0.9623603298276527,-0.4012289854475032,0.9159777842484867,-0.5230943033491435,0.8522748088519772,-0.6350683134867395,0.7724559775191776,-0.7350336741329445,0.6780306024735346,-0.8211001178128977,0.5707841943568913,-0.8916401947968989,0.4527446996073484,-0.9453200469131344,0.32614415356426274,-0.9811246297717099,0.19337647441021652
2024-09-12,17.0,4883.4800000000005,0.0,0,0,Lazada,0.0,0,16299.0,7946.34,2647.9,12660.0,5812.9,18365.191428571427,14277.66,1.2155786186523803,-0.7003816185042027,0.0,-0.9749279121818027,-0.22252093395640557,0.4338837391177266,-0.900968867902338,0.7818314824679966,0.6234898018587751,-0.8826787983255587,-0.4699767430272987,0.8296770135525918,-0.5582437220269049,0.10282099713737608,0.9946998756145874,-0.9263239682515314,-0.37672789363509546,-0.12012616518234896,0.9927586335250794,-0.23851257519407346,0.971139408877166,-0.3534446712740933,0.9354554315134143,-0.4632579225674862,0.8862235029485829,-0.566361933081449,0.8241566360566687,-0.6612634749656476,0.7501537286958962,-0.7465881145324036,0.6652865452111223,-0.8211001178128821,0.5707841943569139,-0.8837203473620061,0.46801532844381843,-0.9335418911179183,0.3584683215124885
2024-09-13,16.0,4473.43,0.0,0,0,Lazada,0.0,0,16924.0,8400.039999999999,17374.0,2329.5,14089.0,11095.801428571429,15356.380000000001,0.805209070167192,-0.7356753722524225,0.0,-0.7818314824681103,0.6234898018586326,-0.9749279121817661,-0.22252093395656608,-0.4338837391174141,-0.9009688679024884,-0.9601498736715932,-0.2794856348516388,0.536696193991652,-0.8437755598231529,0.6601521206712055,0.7511319308705429,-0.9057022630805233,0.42391439070975,-0.10303137904318317,0.9946781061893641,-0.20496611396950395,0.9787690698649198,-0.30471923310917254,0.9524422234305647,-0.40122898544751706,0.9159777842484806,-0.49346814167723485,0.869763872065066,-0.5804549278091138,0.8142923779467155,-0.6612634749656483,0.7501537286958956,-0.7350336741329652,0.6780306024735122,-0.8009803309782908,0.598690662517721,-0.8584015232918887,0.512978386299233
2024-09-14,3.0,1125.2,0.0,0,0,Lazada,0.0,1,9706.0,2677.09,1032.5,25527.0,23262.0,9638.0,13752.69642857143,0.8359654073212298,-0.8840717082217185,0.0,-1.6463214456614593e-13,1.0,-3.2926428913229185e-13,1.0,1.8822459263125842e-13,1.0,-0.9970175264485245,-0.07717546212667473,0.15389057670411804,-0.9880878960910684,0.973264373700389,0.229687742131768,-0.30411483232762637,0.952635380803348,-0.08590610426133241,0.9963032375991966,-0.17117705961019924,0.9852402825012821,-0.2551824131233719,0.9668929289391524,-0.337301069136183,0.9413968285264126,-0.41692588132872727,0.9089404873138087,-0.4934681416772357,0.8697638720650656,-0.5663619330814623,0.8241566360566596,-0.6350683134867419,0.7724559775191757,-0.6990793005655643,0.7150441465537365,-0.757921627497345,0.6523456189565281
2024-09-15,1.0,349.0,0.0,0,1,Lazada,0.0,1,1125.2,16299.0,14459.0,5492.9,25077.0,9416.301428571427,13759.317857142856,0.01051395454259301,-0.6898329185922503,0.0,0.7818314824680468,0.6234898018587123,0.9749279121818115,-0.2225209339563674,0.43388373911789435,-0.9009688679022572,-0.9917226741360976,0.12839835514658116,-0.2546711202412877,-0.9670277247913048,0.9263239682515033,-0.37672789363516446,0.4925480679539705,0.8702852410300952,-0.06875540848113794,0.9976335468520452,-0.13718540405659765,0.9905453876091838,-0.20496611396949796,0.9787690698649211,-0.27177673847113004,0.9623603298276561,-0.33730106913618396,0.9413968285264123,-0.40122898544750585,0.9159777842484855,-0.4632579225675014,0.886223502948575,-0.5230943033491227,0.85227480885199,-0.5804549278091161,0.8142923779467138,-0.6350683134867434,0.7724559775191745
2024-09-16,13.0,4376.09,0.0,0,0,Lazada,0.0,0,24942.0,12503.0,49101.0,17309.0,19654.0,10003.232857142857,13965.436428571427,9.836602036398054,-0.8245493545024457,0.0,0.974927912181876,-0.22252093395608455,-0.4338837391171333,-0.9009688679026238,-0.7818314824680455,0.6234898018587138,-0.9444892287836693,0.3285423819108118,-0.6206094818273847,-0.7841198065767405,0.536696193991566,-0.8437755598232075,0.9732643737003602,0.2296877421318901,-0.05158436686940928,0.9986686402879997,-0.10303137904318062,0.9946781061893644,-0.15420404756268158,0.9880390233767522,-0.2049661139694989,0.9787690698649208,-0.2551824131233738,0.9668929289391519,-0.3047192331091483,0.9524422234305725,-0.35344467127409696,0.9354554315134129,-0.4012289854475076,0.9159777842484847,-0.44794493940789537,0.8940611451454855,-0.4934681416772391,0.8697638720650636
2024-09-17,6.0,2049.0,0.0,0,0,Lazada,0.0,0,14274.0,4473.43,8400.039999999999,1348.45,1780.05,8463.674285714285,9779.737857142858,10.091951158897952,-0.8564522908785204,0.0,0.4338837391175977,-0.9009688679024,-0.7818314824680846,0.6234898018586649,0.9749279121818529,-0.22252093395618588,-0.8573146280763437,0.5147928015098117,-0.8826787983255265,-0.46997674302735926,-0.05147875477033679,-0.998674089884831,0.8296770135526684,-0.5582437220267911,-0.03439806061360776,0.9994082116062598,-0.06875540848113891,0.9976335468520451,-0.10303137904317453,0.994678106189365,-0.1371854040565996,0.9905453876091834,-0.17117705961020213,0.9852402825012817,-0.2049661139694869,0.9787690698649234,-0.23851257519408514,0.9711394088771632,-0.2717767384711338,0.962360329827655,-0.30471923310917814,0.952442223430563,-0.33730106913618857,0.9413968285264106
2024-09-18,15.0,5317.1,0.0,0,0,Lazada,0.0,0,14763.0,1125.2,2677.09,7292.41,17519.0,8839.755714285713,9238.877857142857,10.846167431615738,-0.6398360766781819,0.0,-0.43388373911769135,-0.900968867902355,0.7818314824682142,0.6234898018585023,-0.9749279121817706,-0.22252093395654696,-0.7338853664321742,0.6792733388973201,-0.9970175264485324,-0.0771754621265731,-0.6206094818273755,-0.7841198065767478,0.15389057670391662,-0.9880878960910997,-0.017201575418259094,0.9998520419557736,-0.03439806061360519,0.9994082116062599,-0.05158436686942188,0.9986686402879991,-0.06875540848113378,0.9976335468520455,-0.08590610426133631,0.9963032375991963,-0.10303137904320571,0.9946781061893618,-0.12012616518235833,0.9927586335250783,-0.1371854040565894,0.9905453876091849,-0.15420404756271547,0.9880390233767469,-0.17117705961020696,0.9852402825012808
2024-09-19,15.0,5192.85,0.0,0,0,Lazada,0.0,0,9714.0,4376.09,12503.0,29681.0,4160.6,9895.027142857143,9949.130000000001,1.2218640248162342,-0.465426189005559,0.0,-0.974927912181798,-0.22252093395642658,0.43388373911776545,-0.9009688679023192,0.7818314824680981,0.6234898018586479,-0.5794210982045783,0.8150283375168009,-0.9444892287836731,0.3285423819108007,-0.9601498736716025,-0.27948563485160677,-0.6206094818273663,-0.7841198065767552,-9.797174393178826e-16,1.0,-1.959434878635765e-15,1.0,-2.9391523179536475e-15,1.0,-3.91886975727153e-15,1.0,-4.898587196589413e-15,1.0,-5.878304635907295e-15,1.0,-6.858022075225178e-15,1.0,-7.83773951454306e-15,1.0,-8.817456953860943e-15,1.0,-9.797174393178826e-15,1.0
2024-09-20,0.0,0.0,0.0,0,0,Lazada,0.0,0,14669.0,2049.0,4473.43,15810.0,14531.0,10068.135714285714,9265.905,1.1389328932286467,-1.0,0.0,-0.781831482467982,0.6234898018587935,-0.9749279121818578,-0.22252093395616476,-0.433883739117151,-0.9009688679026152,-0.4004539056512811,0.9163169044869983,-0.7338853664322208,0.6792733388972697,-0.9444892287836769,0.3285423819107896,-0.9970175264485217,-0.07717546212670989,0.017201575418260687,0.9998520419557735,0.034398060613608374,0.9994082116062598,0.05158436686940182,0.9986686402880001,0.06875540848114013,0.9976335468520451,0.08590610426132655,0.996303237599197,0.10303137904316576,0.9946781061893659,0.12012616518234472,0.99275863352508,0.13718540405660204,0.9905453876091831,0.15420404756266995,0.988039023376754,0.17117705961018764,0.9852402825012841
2024-09-21,5.0,1645.8,0.0,0,0,Lazada,0.0,1,16275.0,5317.1,1125.2,17374.0,13508.0,9991.421428571428,9415.58857142857,0.2514187858624155,-0.8988755760368664,0.0,4.118031944445366e-14,1.0,8.236063888890733e-14,1.0,-1.0383271710987108e-13,1.0,-0.20455206612615873,0.9788556850953667,-0.4004539056511877,0.9163169044870392,-0.5794210982045512,0.8150283375168202,-0.7338853664320824,0.6792733388974194,0.03439806061360935,0.9994082116062597,0.06875540848114209,0.9976335468520449,0.10303137904318281,0.9946781061893641,0.1371854040566059,0.9905453876091825,0.17117705961019247,0.9852402825012834,0.20496611396950323,0.97876906986492,0.23851257519407182,0.9711394088771664,0.2717767384711461,0.9623603298276515,0.3047192331091343,0.9524422234305769,0.3373010691361701,0.9413968285264173
2024-09-22,16.0,5109.49,0.0,0,0,Lazada,0.0,1,14379.0,9714.0,24942.0,1032.5,2765.0,8839.378571428571,10454.917142857143,1.0921120638391775,-0.644656095695111,0.0,0.7818314824680334,0.6234898018587292,0.9749279121818211,-0.22252093395632536,0.4338837391177478,-0.9009688679023278,-1.175660927181459e-14,1.0,-2.351321854362918e-14,1.0,-3.5269827815443773e-14,1.0,-4.702643708725836e-14,1.0,0.05158436686940732,0.9986686402879998,0.10303137904317672,0.9946781061893648,0.15420404756268982,0.9880390233767509,0.20496611396949124,0.9787690698649225,0.2551824131233643,0.9668929289391544,0.30471923310916416,0.9524422234305674,0.35344467127408413,0.9354554315134178,0.4012289854474933,0.9159777842484911,0.44794493940790503,0.8940611451454807,0.4934681416772221,0.8697638720650732
2024-09-23,12.0,4364.7,0.0,0,0,Lazada,0.0,0,5109.49,5192.85,4376.09,14459.0,5387.2,8181.591428571427,9038.309285714286,1.1453887593757186,-0.14576601578631132,0.0,0.9749279121818303,-0.22252093395628522,-0.43388373911750416,-0.9009688679024451,-0.7818314824679441,0.6234898018588411,0.20455206612619137,0.9788556850953598,0.4004539056512488,0.9163169044870124,0.5794210982045864,0.8150283375167953,0.7338853664321728,0.6792733388973214,0.06875540848113952,0.9976335468520451,0.13718540405660082,0.9905453876091833,0.20496611396949221,0.9787690698649223,0.27177673847113615,0.9623603298276543,0.33730106913617475,0.9413968285264156,0.4012289854474951,0.9159777842484903,0.46325792256748927,0.8862235029485813,0.5230943033491335,0.8522748088519833,0.5804549278091018,0.814292377946724,0.6350683134867282,0.7724559775191869
2024-09-24,3.0,1029.7,0.0,0,0,Lazada,0.0,0,16446.0,0.0,2049.0,49101.0,910.0,8317.141428571427,9192.638571428572,1.3130090641290806,-0.9373890307673598,0.0,0.43388373911761713,-0.9009688679023907,-0.7818314824681115,0.6234898018586311,0.9749279121819179,-0.22252093395590114,0.4004539056512075,0.9163169044870305,0.7338853664321117,0.6792733388973877,0.9444892287836538,0.3285423819108562,0.9970175264485466,-0.07717546212638943,0.08590610426133045,0.9963032375991967,0.17117705961019536,0.9852402825012828,0.2551824131233662,0.9668929289391539,0.33730106913617564,0.9413968285264153,0.41692588132871833,0.9089404873138128,0.49346814167722547,0.8697638720650713,0.5663619330814511,0.8241566360566673,0.6350683134867298,0.7724559775191857,0.6990793005655314,0.7150441465537687,0.7579216274973323,0.652345618956543
2024-09-25,4.0,1354.5,0.0,0,0,Lazada,0.0,0,11948.0,14379.0,18772.0,15984.0,22909.0,9940.555714285712,9703.752857142857,2.103264943738668,-0.8866337462336793,0.0,-0.4338837391174671,-0.900968867902463,0.7818314824679038,0.6234898018588916,-0.9749279121818067,-0.22252093395638833,0.5794210982045592,0.8150283375168146,0.9444892287836576,0.3285423819108451,0.9601498736715904,-0.27948563485164823,0.62060948182744,-0.7841198065766968,0.10303137904317769,0.9946781061893647,0.20496611396949316,0.9787690698649221,0.304719233109167,0.9524422234305665,0.40122898544749686,0.9159777842484895,0.4934681416772263,0.8697638720650708,0.5804549278091041,0.8142923779467223,0.6612634749656381,0.7501537286959047,0.7350336741329352,0.6780306024735446,0.8009803309782974,0.5986906625177123,0.8584015232918787,0.5129783862992497
2024-09-26,8.0,2970.7,0.0,0,0,Lazada,0.0,0,1354.5,5109.49,9714.0,2677.09,2197.5,8079.912857142856,8459.645714285714,2.365816932518822,1.193207825765965,0.0,-0.9749279121818438,-0.22252093395622594,0.4338837391173946,-0.9009688679024979,0.781831482467916,0.6234898018588763,0.7338853664321968,0.6792733388972956,0.9970175264485271,-0.07717546212663957,0.6206094818274308,-0.7841198065767041,-0.15389057670404835,-0.9880878960910793,0.12012616518235054,0.9927586335250793,0.23851257519407656,0.9711394088771652,0.3534446712740878,0.9354554315134164,0.4632579225674919,0.88622350294858,0.566361933081441,0.8241566360566742,0.6612634749656388,0.750153728695904,0.7465881145324134,0.6652865452111113,0.8211001178128894,0.5707841943569034,0.8837203473619979,0.46801532844383403,0.9335418911179113,0.3584683215125068
2024-09-27,2.0,741.0,0.0,0,0,Lazada,0.0,0,11305.0,1029.7,0.0,12503.0,7104.54,8744.271428571428,8530.706428571428,2.588639070961698,-0.934453781512605,0.0,-0.7818314824681372,0.6234898018585989,-0.974927912181747,-0.22252093395665015,-0.4338837391177073,-0.9009688679023473,0.8573146280763023,0.5147928015098806,0.882678798325602,-0.46997674302721737,0.0514787547702937,-0.9986740898848332,-0.829677013552489,-0.5582437220270577,0.13718540405659826,0.9905453876091836,0.2717767384711312,0.9623603298276557,0.4012289854474978,0.9159777842484891,0.5230943033491248,0.8522748088519887,0.635068313486732,0.7724559775191838,0.7350336741329366,0.6780306024735432,0.8211001178128899,0.5707841943569025,0.891640194796879,0.4527446996073878,0.9453200469131287,0.32614415356427945,0.9811246297717061,0.19337647441023573
2024-09-28,6.0,2186.35,0.0,0,0,Lazada,0.0,1,741.0,16307.0,16275.0,16924.0,13350.0,8703.028571428571,8583.635,0.7477659794169745,1.9505398110661267,0.0,1.9619108011821184e-14,1.0,3.923821602364237e-14,1.0,5.885732403546355e-14,1.0,0.9444892287836615,0.328542381910834,0.6206094818274216,-0.7841198065767114,-0.5366961939916024,-0.8437755598231844,-0.9732643737003818,0.22968774213179857,0.15420404756268824,0.9880390233767511,0.30471923310916116,0.9524422234305684,0.4479449394078849,0.8940611451454908,0.5804549278090941,0.8142923779467295,0.6990793005655443,0.715044146553756,0.800980330978282,0.5986906625177327,0.8837203473619855,0.4680153284438574,0.945320046913129,0.3261441535642785,0.9843058444990344,0.17647097349151458,0.9997451236925727,0.022576263041578587
2024-09-29,13.0,4441.41,0.0,0,0,Lazada,0.0,1,16095.0,1354.5,14379.0,9706.0,2355.3,7278.221428571428,8609.388571428572,1.717976881366401,-0.7240503261882572,0.0,0.7818314824680198,0.623489801858746,0.9749279121818307,-0.2225209339562833,0.4338837391180109,-0.9009688679022011,0.9917226741361018,0.1283983551465481,0.2546711202412232,-0.9670277247913218,-0.9263239682514768,-0.3767278936352298,-0.4925480679538544,0.8702852410301609,0.17117705961019983,0.985240282501282,0.3373010691361842,0.9413968285264122,0.493468141677228,0.8697638720650699,0.6350683134867438,0.7724559775191742,0.757921627497354,0.6523456189565177,0.8584015232918807,0.5129783862992464,0.9335418911179123,0.3584683215125041,0.981124629771712,0.19337647441020595,0.9997451236925734,0.022576263041549194,0.9888537064205852,-0.14889038685647565
2024-09-30,10.0,3444.0,0.0,0,1,Lazada,0.0,0,7336.0,16295.0,4364.7,349.0,5492.9,8342.822857142857,8058.597142857143,0.9240835057904683,-0.5305343511450382,0.0,0.974927912181835,-0.22252093395626418,-0.4338837391174653,-0.9009688679024638,-0.7818314824681262,0.6234898018586127,0.9970175264485307,-0.07717546212659461,-0.15389057670395925,-0.9880878960910932,-0.9732643737003791,0.22968774213181,0.3041148323273202,0.9526353808034457,0.18809941761179522,0.9821499931752296,0.36948368344737864,0.9292372181882069,0.537677376740614,0.8431506618282001,0.6866759803451483,0.7269636153323146,0.8111602420785675,0.5848239578463248,0.9066860720977984,0.42180607708266366,0.9698431969672882,0.2437297136097071,0.9983769064671408,0.056952196034058884,0.9912685467787276,-0.13185851571737672,0.9487718864399415,-0.31596187665792036
2024-10-01,5.0,1753.5,0.0,0,0,Lazada,0.0,0,21861.0,2186.35,16307.0,14274.0,6904.1,11313.537142857142,10008.282857142858,1.5251205117372266,-0.9197886647454371,0.0,0.43388373911763656,-0.9009688679023814,-0.7818314824681384,0.6234898018585974,0.9749279121818817,-0.22252093395605976,0.9601498736715998,-0.2794856348516162,-0.5366961939916124,-0.8437755598231781,-0.6601521206712586,0.7511319308704963,0.9057022630804834,0.42391439070983516,0.20496611396949413,0.9787690698649218,0.4012289854474987,0.9159777842484886,0.580454927809095,0.8142923779467288,0.7350336741329379,0.6780306024735417,0.8584015232918958,0.5129783862992212,0.9453200469131295,0.3261441535642767,0.9920985227917697,0.12546123335273116,0.9967506498213937,-0.08054900421873186,0.9590788900341122,-0.2831389812281866,0.88068285643014,-0.47370635037969405
2024-10-02,4.0,1472.4,0.0,0,0,Lazada,0.0,0,1753.5,16095.0,11948.0,2049.0,1348.45,11251.701428571427,8968.747142857143,0.5934216072652747,-0.1603079555175363,0.0,-0.4338837391176525,-0.9009688679023736,0.7818314824681604,0.6234898018585697,-0.9749279121818429,-0.2225209339562297,0.8826787983255431,-0.4699767430273281,-0.8296770135526291,-0.5582437220268496,-0.10282099713733316,0.9946998756145918,0.9263239682514812,-0.3767278936352189,0.22177215755648177,0.975098513039961,0.43249940213397864,0.901634220265486,0.6216868902665421,0.7832658619336836,0.7799125224167175,0.625888534307502,0.8992961915530283,0.4373400963303261,0.9738922359149891,0.22701082094143282,0.9999855506507186,0.005375731557577419,0.9762766110869323,-0.21652708524481368,0.9039461929224044,-0.4276462092677675,0.7865965660865937,-0.6174672802835621
2024-10-03,21.0,7357.8,0.0,0,0,Lazada,0.0,0,11275.0,3444.0,16295.0,18772.0,24179.0,10463.414285714285,9403.118571428571,1.4439613786326906,-0.3474235033259423,0.0,-0.9749279121817884,-0.22252093395646863,0.43388373911784317,-0.9009688679022818,0.7818314824677339,0.6234898018591045,0.7678804460366293,-0.6405931786981401,-0.9837979515735,-0.17928075881082545,0.4925480679538442,0.8702852410301667,0.35275208654926554,-0.9357168190404292,0.23851257519407407,0.9711394088771659,0.4632579225674873,0.8862235029485823,0.6612634749656303,0.7501537286959115,0.8211001178128835,0.5707841943569119,0.9335418911179232,0.3584683215124757,0.9920985227917662,0.12546123335275838,0.9933900548258927,-0.11478762552213476,0.9373419384643842,-0.3484108069446622,0.8271893372462601,-0.5619233046832042,0.6692903895412485,-0.7430009249440567
2024-10-04,10.0,3227.4,0.0,0,0,Lazada,0.0,0,14869.0,21861.0,741.0,5192.85,29681.0,9742.242857142857,9019.31857142857,0.644104151625361,-0.7829443809267603,0.0,-0.7818314824680088,0.6234898018587598,-0.9749279121818386,-0.22252093395624886,-0.43388373911744416,-0.900968867902474,0.6206094818274124,-0.7841198065767186,-0.9732643737003763,0.22968774213182144,0.9057022630804884,0.4239143907098245,-0.4470937929851615,-0.8944870822287718,0.25518241312337153,0.9668929289391525,0.4934681416772351,0.8697638720650659,0.6990793005655559,0.7150441465537447,0.858401523291889,0.5129783862992325,0.9608854255574988,0.27694620226893246,0.9997451236925734,0.022576263041546255,0.9724075561219948,-0.23328854407546343,0.8806828564301525,-0.47370635037967074,0.7306444969184922,-0.6827580970759141,0.5322271388474326,-0.8466016020976311
2024-10-05,4.0,1413.0,0.0,0,0,Lazada,0.0,1,10382.0,1472.4,16095.0,0.0,15810.0,8312.942857142856,9782.322142857143,0.9916796444463544,-0.8638990560585629,0.0,-2.2931577886404333e-13,1.0,-4.586315577280867e-13,1.0,-2.331999857056659e-13,1.0,0.447093792985151,-0.894487082228777,-0.7998392447397691,0.600214280548302,0.9837979515735182,-0.1792807588107252,-0.9601498736715555,-0.27948563485176864,0.27177673847113215,0.9623603298276555,0.5230943033491264,0.8522748088519877,0.7350336741329385,0.6780306024735411,0.8916401947968807,0.4527446996073843,0.9811246297717126,0.19337647441020306,0.9967506498213936,-0.08054900421873382,0.9373419384643739,-0.3484108069446898,0.8073707443023668,-0.5900444739548387,0.6166212130956475,-0.7872599821916848,0.379452843724539,-0.9252110782893602
2024-10-06,9.0,2947.4,0.0,0,0,Lazada,0.0,1,16781.0,11275.0,7336.0,1645.8,17374.0,9329.314285714285,9615.007142857143,1.613600245644758,-0.8243608843334724,0.0,0.7818314824680064,0.6234898018587629,0.9749279121818403,-0.22252093395624128,0.43388373911745465,-0.900968867902469,0.2546711202412668,-0.9670277247913103,-0.4925480679539329,0.8702852410301164,0.697944154766306,-0.71615218831443,-0.8573146280764133,0.5147928015096958,0.28829064070951527,0.9575429528116727,0.5521013427459165,0.8337770129585943,0.7690308592589223,0.6392116531380537,0.9206588168102388,0.39036821467631194,0.9941098647022419,0.10837701279187455,0.9831469737221474,-0.18281692498503288,0.8887010478292995,-0.45848712914007206,0.7187918772884373,-0.6952253139408576,0.487847145442332,-0.8729290708206299,0.21547731504672712,-0.9765088461966197
2024-10-07,23.0,8721.0,0.0,0,0,Lazada,0.0,0,2947.4,7357.8,3444.0,14379.0,19257.0,8139.6571428571415,9301.535714285714,1.9430720335499763,1.9588790120105855,0.0,0.9749279121818398,-0.22252093395624317,-0.43388373911742645,-0.9009688679024825,-0.7818314824680247,0.6234898018587399,0.051478754770326984,-0.9986740898848315,-0.10282099713732147,0.994699875614593,0.15389057670405995,-0.9880878960910774,-0.20455206612612417,0.9788556850953739,0.30471923310916543,0.952442223430567,0.5804549278091016,0.8142923779467242,0.8009803309782924,0.598690662517719,0.9453200469131349,0.32614415356426135,0.9997451236925734,0.022576263041545277,0.9590788900341113,-0.2831389812281894,0.827189337246259,-0.5619233046832057,0.6166212130956245,-0.787259982191703,0.34740282118428234,-0.9377159910299075,0.04514101777397151,-0.9989806246941579
2024-10-08,9.0,2771.5,0.0,0,0,Lazada,0.0,0,21519.0,3227.4,21861.0,4364.7,14459.0,9284.399999999998,9513.32142857143,1.9942693445917403,-0.8712068404665645,0.0,0.433883739117656,-0.900968867902372,-0.7818314824681653,0.6234898018585637,0.9749279121818455,-0.22252093395621836,-0.15389057670402703,-0.9880878960910826,0.30411483232745085,0.9526353808034039,-0.44709379298517204,-0.8944870822287665,0.579421098204449,0.8150283375168929,0.32105765418526744,0.9470596510722296,0.6081214998935358,0.7938439653781065,0.8307970168121244,0.5565755266413308,0.9655071658143325,0.2603764827344726,0.9979887423155984,-0.06339140486950925,0.9248025743285093,-0.38044736628785053,0.7536976643929243,-0.65722129506632,0.5027907197793303,-0.8644081744776497,0.19864794288018672,-0.9800709131432633,-0.1265278168386809,-0.9919630595773399
2024-10-09,7.0,2344.4,0.0,0,0,Lazada,0.0,0,8922.0,16781.0,9607.0,16307.0,28148.87,11024.557142857142,9664.507142857143,0.7378655774405175,-0.7372338040798028,0.0,-0.4338837391174282,-0.9009688679024817,0.7818314824678501,0.623489801858959,-0.974927912181778,-0.22252093395651446,-0.3527520865490638,-0.9357168190405053,0.660152120671182,0.7511319308705636,-0.8826787983255542,-0.4699767430273073,0.9917226741360845,0.1283983551466822,0.33730106913618174,0.941396828526413,0.6350683134867398,0.7724559775191775,0.8584015232918895,0.5129783862992316,0.98112462977171,0.19337647441021602,0.9888537064205888,-0.1488903868564524,0.8806828564301515,-0.47370635037967246,0.6692903895412674,-0.7430009249440397,0.3794528437245635,-0.9252110782893501,0.045141017773998926,-0.9989806246941567,-0.2944616217867965,-0.9556633054034719
2024-10-10,28.0,8687.48,0.0,1,0,Lazada,0.0,0,46425.0,8721.0,7357.8,1354.5,15984.0,15173.271428571428,11656.464285714286,3.1457397667481386,-0.8128706515885837,0.0,-0.9749279121818342,-0.22252093395626799,0.4338837391174723,-0.9009688679024604,0.7818314824678354,0.6234898018589774,-0.5366961939916223,-0.8437755598231718,0.9057022630804934,0.4239143907098139,-0.9917226741361062,0.12839835514651507,0.7678804460365338,-0.6405931786982545,0.35344467127408963,0.9354554315134157,0.6612634749656418,0.7501537286959015,0.883720347361994,0.46801532844384136,0.99209852279177,0.12546123335272824,0.9724075561219977,-0.23328854407545152,0.8271893372462584,-0.5619233046832066,0.5751899607119889,-0.8180198708443094,0.2489398085537505,-0.9685189578512245,-0.10944576864890591,-0.9939927684469592,-0.4537030860313375,-0.8911529104063123
2024-10-11,9.0,2768.2200000000003,0.0,0,0,Lazada,0.0,0,8687.48,21519.0,14869.0,2970.7,2677.09,15168.482857142855,11751.441428571428,2.838761552788957,-0.6813552376523456,0.0,-0.781831482468164,0.6234898018585652,-0.9749279121817278,-0.22252093395673422,-0.4338837391175907,-0.9009688679024034,-0.6979441547663229,-0.7161521883144135,0.9996684675143116,0.02574791365504637,-0.7338853664321808,0.6792733388973129,0.05147875477046204,-0.9986740898848245,0.3694836834473796,0.9292372181882066,0.6866759803451498,0.7269636153323132,0.9066860720977996,0.421806077082661,0.9983769064671411,0.05695219603405497,0.9487718864399488,-0.31596187665789804,0.7648913904341191,-0.6441592666722725,0.47275920928628873,-0.881191653407477,0.11371951458597997,-0.9935128947337971,-0.26141439851113657,-0.9652266636656184,-0.5995514915196407,-0.8003361849976385
2024-10-12,6.0,1876.7,0.0,0,0,Lazada,0.0,1,13773.0,8922.0,1413.0,741.0,12503.0,14906.442857142856,12429.142857142857,3.1556836315691217,-0.8637406520002904,0.0,-2.3503314853443768e-14,1.0,-4.7006629706887536e-14,1.0,-5.252572954467954e-13,1.0,-0.8296770135526039,-0.558243722026887,0.9263239682515152,-0.3767278936351354,-0.20455206612622395,0.978855685095353,-0.6979441547662667,-0.7161521883144683,0.3854133594543265,0.9227440286201424,0.7112757519738165,0.7029130847082603,0.9272375462179534,0.3744736744868839,0.9999300657962056,-0.011826390691836218,0.9181214482844391,-0.3962991372689122,0.6944521021088776,-0.7195389342325826,0.3634816124829169,-0.9316013725767146,-0.023651127245238848,-0.9997202729664081,-0.4071294853542492,-0.913370451763787,-0.7277014757264147,-0.6858939875998318
2024-10-13,10.0,3018.03,0.0,0,0,Lazada,0.0,1,18419.0,46425.0,2947.4,16095.0,4473.43,16196.342857142856,12579.264285714287,1.7147047739809664,-0.8361458276779412,0.0,0.7818314824681347,0.6234898018586019,0.9749279121817487,-0.22252093395664257,0.43388373911771777,-0.9009688679023422,-0.9263239682515071,-0.37672789363515535,0.6979441547662976,-0.7161521883144382,0.4004539056513027,0.9163169044869889,-0.9996684675143098,0.025747913655116934,0.4012289854475028,0.9159777842484869,0.7350336741329441,0.6780306024735351,0.9453200469131305,0.3261441535642739,0.9967506498213923,-0.08054900421874993,0.8806828564301511,-0.47370635037967335,0.6166212130956453,-0.7872599821916867,0.24893980855377706,-0.9685189578512177,-0.16057454459501014,-0.9870237158387356,-0.5431052396834206,-0.8396646346181398,-0.8343701235229454,-0.5512045872199404
2024-10-14,15.0,6719.32,0.0,0,0,Lazada,0.0,0,25160.0,2768.2200000000003,21519.0,7336.0,1125.2,12348.564285714283,13758.523571428572,2.8715409739478313,-0.7329364069952305,0.0,0.9749279121818447,-0.22252093395622216,-0.4338837391173876,-0.9009688679025012,-0.7818314824682068,0.6234898018585115,-0.9837979515735122,-0.17928075881075795,0.35275208654913714,-0.9357168190404777,0.8573146280763266,0.5147928015098402,-0.6601521206712998,0.7511319308704602,0.4169258813287284,0.9089404873138082,0.7579216274973466,0.6523456189565262,0.9608854255574955,0.27694620226894423,0.9888537064205886,-0.14889038685645337,0.836732914034497,-0.5476112038402237,0.5322271388474533,-0.846601602097618,0.1307926758567682,-0.9914097417023026,-0.2944616217867984,-0.9556633054034713,-0.6660888558609589,-0.7458723993404225,-0.9164086366943387,-0.4002439388573219
2024-10-15,11.0,3872.92,0.0,0,1,Lazada,0.0,0,16684.0,13773.0,15510.0,23831.0,24942.0,12235.721428571427,13695.153571428571,2.0619188981042456,-0.7678662191321026,0.0,0.4338837391174706,-0.9009688679024613,-0.7818314824679087,0.6234898018588855,0.9749279121818093,-0.22252093395637698,-0.9996684675143136,0.025747913654968004,-0.05147875477030547,-0.9986740898848326,0.9970175264485227,-0.0771754621266982,0.10282099713727859,0.9946998756145975,0.4324994021339795,0.9016342202654857,0.7799125224167187,0.6258885343075005,0.973892235914993,0.22701082094141614,0.9762766110869314,-0.21652708524481748,0.7865965660866082,-0.6174672802835437,0.4421681519670677,-0.8969321743510086,0.010751307763530565,-0.9999422030204415,-0.42278065798268305,-0.9062320427107671,-0.7731383255706162,-0.6342374393977889,-0.9713952846837454,-0.23746831555848744
2024-10-16,7.0,2441.76,0.0,0,0,Lazada,0.0,0,13770.0,18419.0,2344.4,1753.5,14274.0,12520.467142857142,13210.219285714285,1.1736266138791804,-0.8226753812636165,0.0,-0.4338837391174088,-0.9009688679024911,0.7818314824678231,0.6234898018589927,-0.9749279121818142,-0.22252093395635586,-0.9732643737003868,0.22968774213177756,-0.44709379298508084,-0.8944870822288121,0.7678804460365991,-0.6405931786981762,0.799839244739675,0.6002142805484273,0.44794493940788976,0.8940611451454883,0.8009803309782887,0.5986906625177238,0.9843058444990329,0.1764709734915228,0.9590788900341148,-0.28313898122817766,0.7306444969184993,-0.6827580970759066,0.34740282118427956,-0.9377159910299085,-0.10944576864890786,-0.9939927684469589,-0.5431052396834214,-0.8396646346181393,-0.8616928164028432,-0.5074302810827671,-0.9977068927101154,-0.0676827617545738
2024-10-17,9.0,3037.38,0.0,0,0,Lazada,0.0,0,13046.0,25160.0,8687.48,9607.0,14763.0,11670.57142857143,10832.959285714285,0.7558080621671811,-0.7671792120190096,0.0,-0.9749279121818294,-0.222520933956289,0.43388373911751116,-0.9009688679024417,0.7818314824679368,0.6234898018588502,-0.9057022630804784,0.4239143907098458,-0.767880446036579,-0.6405931786982003,0.25467112024116634,-0.9670277247913368,0.9837979515735281,-0.17928075881067118,0.4632579225674913,0.8862235029485802,0.8211001178128886,0.5707841943569044,0.9920985227917684,0.12546123335274137,0.9373419384643779,-0.3484108069446792,0.669290389541266,-0.743000924944041,0.24893980855377612,-0.968518957851218,-0.228057771221514,-0.9736476020539853,-0.6531601223269274,-0.7572198192083149,-0.929633931968259,-0.3684843993078057,-0.9945667569706362,0.10410074893540085
2024-10-18,10.0,3221.94,0.0,0,0,Lazada,0.0,0,3037.38,6719.32,2768.2200000000003,11275.0,5317.1,8510.197142857141,10429.380714285713,0.8691936766431523,0.06076289433656634,0.0,-0.7818314824680357,0.6234898018587262,-0.9749279121818194,-0.22252093395633293,-0.4338837391173276,-0.9009688679025302,-0.799839244739728,0.6002142805483568,-0.9601498736715938,-0.2794856348516369,-0.3527520865490015,-0.9357168190405288,0.5366961939916487,-0.843775559823155,0.4784338202547019,0.8781236129591845,0.8402480696078477,0.5422021592729832,0.9972495210773444,0.07411742515095261,0.9111686353326619,-0.412033636959429,0.6029878670694709,-0.7977503570459934,0.14782713347054682,-0.9890132145779859,-0.3433668739963828,-0.9392013574532099,-0.7508642533989528,-0.6604565640279708,-0.9753363880767876,-0.22072365096048482,-0.962067572498145,0.27281126433402
2024-10-19,5.0,1638.93,0.0,0,0,Lazada,0.0,1,10151.0,13770.0,1876.7,3227.4,5192.85,8311.582857142856,9566.503571428571,0.6671645812929403,-0.8385449709388237,0.0,-4.506452628607624e-14,1.0,-9.012905257215248e-14,1.0,9.218009658500333e-14,1.0,-0.660152120671241,0.7511319308705119,-0.9917226741361046,0.12839835514652673,-0.8296770135526619,-0.5582437220268008,-0.25467112024118155,-0.9670277247913328,0.4934681416772359,0.8697638720650653,0.8584015232918899,0.5129783862992309,0.9997451236925735,0.022576263041543317,0.8806828564301507,-0.4737063503796742,0.5322271388474524,-0.8466016020976186,0.0451410177739676,-0.998980624694158,-0.45370308603134013,-0.891152910406311,-0.8343701235229465,-0.5512045872199387,-0.9977068927101174,-0.06768276175454448,-0.90116869685617,0.43346854534850904
2024-10-20,10.0,3392.2,0.0,0,0,Lazada,0.0,1,1638.93,2441.76,18419.0,10382.0,14669.0,6578.572857142856,9549.52,0.9375132114195976,1.0697650296229857,0.0,0.7818314824679795,0.6234898018587965,0.9749279121818595,-0.22252093395615719,0.43388373911757117,-0.9009688679024128,-0.49254806795387324,0.8702852410301503,-0.8573146280763427,0.5147928015098133,-0.9996684675143154,0.02574791365490139,-0.8826787983255284,-0.46997674302735576,0.5083564379375117,0.8611467540480454,0.8755389928586298,0.48314746401496944,0.9995786855478959,-0.029025013321973853,0.8460288880917349,-0.5331370560318076,0.4575313760742532,-0.8891934772070701,-0.05802556932877758,-0.9983150972033185,-0.5574684374327864,-0.8301981337405231,-0.9020987014301822,-0.43152975897147455,-0.9962102997023301,0.08697723131368174,-0.8136678304456018,0.5813300798152006
2024-10-21,6.0,2962.15,0.0,0,0,Lazada,0.0,0,13146.0,3037.38,25160.0,16781.0,16275.0,6728.635714285714,9199.603571428572,0.7267989243352273,-0.7746729043054922,0.0,0.9749279121817989,-0.2225209339564228,-0.43388373911775846,-0.9009688679023227,-0.781831482468389,0.6234898018582833,-0.30411483232752556,0.9526353808033801,-0.5794210982045768,0.815028337516802,-0.7998392447398021,0.600214280548258,-0.9444892287836718,0.3285423819108044,0.5230943033491333,0.8522748088519835,0.891640194796888,0.45274469960736985,0.9967506498213934,-0.08054900421873674,0.8073707443023477,-0.5900444739548649,0.3794528437245345,-0.925211078289362,-0.16057454459498402,-0.9870237158387398,-0.6531601223269282,-0.7572198192083144,-0.9527692922168528,-0.3036950375106536,-0.9708824104813804,0.2395565591209401,-0.7021479494046827,0.712031078778728
2024-10-22,6.0,2232.4,0.0,0,0,Lazada,0.0,0,12828.0,12513.0,16684.0,8721.0,14379.0,8090.182857142856,8050.377142857143,0.6639726255880257,-0.8259744309323355,0.0,0.43388373911769484,-0.9009688679023533,-0.781831482468219,0.6234898018584962,0.9749279121818744,-0.22252093395609224,-0.10282099713736631,0.9946998756145884,-0.20455206612621246,0.9788556850953554,-0.304114832327589,0.9526353808033599,-0.40045390565128824,0.9163169044869952,0.5376773767406127,0.843150661828201,0.9066860720977971,0.42180607708266654,0.9912685467787268,-0.13185851571738255,0.764891390434127,-0.6441592666722631,0.2985688173637245,-0.9543881083175895,-0.2614143985111394,-0.9652266636656176,-0.739392263595923,-0.6732748922501841,-0.98542375429195,-0.17011767832050437,-0.9223291176290535,0.3864052261209878,-0.5699010576127698,0.8217133225960539
2024-10-23,14.0,4686.7,0.0,0,0,Lazada,0.0,0,10702.0,3392.2,2441.76,15510.0,16446.0,8350.67857142857,7464.625714285714,1.2519805689903174,-0.5620725098112502,0.0,-0.4338837391175942,-0.9009688679024017,0.7818314824680798,0.6234898018586709,-0.9749279121817491,-0.22252093395664058,0.10282099713735657,0.9946998756145894,0.20455206612619328,0.9788556850953595,0.3041148323273986,0.9526353808034206,0.4004539056512524,0.9163169044870109,0.5521013427459203,0.8337770129585919,0.9206588168102423,0.3903682146763036,0.9831469737221521,-0.18281692498500784,0.7187918772884248,-0.6952253139408706,0.21547731504672232,-0.9765088461966208,-0.3594718130884003,-0.933155943878052,-0.8149159841660792,-0.579579104825761,-0.9994446170919857,-0.03332352571163563,-0.8517119107469235,0.5240103253675681,-0.42083100859564115,0.9071390534005112
2024-10-24,2.0,760.0,0.0,0,0,Lazada,0.0,0,4686.7,13146.0,13046.0,8922.0,1029.7,8535.607142857141,7624.978571428571,0.7215234098812962,-0.8378389911878295,0.0,-0.9749279121818246,-0.22252093395631,0.43388373911755,-0.900968867902423,0.7818314824680382,0.6234898018587229,0.30411483232751624,0.9526353808033831,0.5794210982045608,0.8150283375168134,0.799839244739682,0.6002142805484179,0.9444892287836589,0.3285423819108414,0.566361933081453,0.824156636056666,0.9335418911179217,0.3584683215124796,0.9724075561219973,-0.2332885440754534,0.6692903895412547,-0.7430009249440511,0.13079267585676627,-0.9914097417023029,-0.453703086031341,-0.8911529104063105,-0.8786374941609871,-0.4774894280028631,-0.9945667569706331,0.10410074893543106,-0.7607200913564046,0.6490800741100465,-0.2593382659754193,0.9657865518844537
2024-10-25,8.0,2896.5,0.0,0,0,Lazada,0.0,0,10915.0,12828.0,3221.94,46425.0,11948.0,7902.299999999998,7310.094285714285,2.160272774066503,-0.7346312414109024,0.0,-0.7818314824680491,0.6234898018587093,-0.9749279121818097,-0.22252093395637498,-0.43388373911747413,-0.9009688679024596,0.4925480679538647,0.870285241030155,0.8573146280763326,0.5147928015098302,0.9996684675143102,0.02574791365510123,0.8826787983255467,-0.4699767430273212,0.5804549278090966,0.8142923779467277,0.9453200469131309,0.32614415356427295,0.9590788900341145,-0.2831389812281786,0.6166212130956438,-0.7872599821916879,0.04514101777396662,-0.9989806246941582,-0.5431052396834231,-0.8396646346181382,-0.9296339319682597,-0.36848439930780386,-0.9708824104813869,0.23955655912091345,-0.6515303615068034,0.7586225596664088,-0.09019000427033454,0.9959245770286609
2024-10-26,5.0,1582.7,0.0,0,0,Lazada,0.0,1,10713.0,10702.0,1638.93,21425.0,16295.0,6324.171428571428,6690.062857142858,1.7993825158209689,-0.8522636049659292,0.0,-6.662573771870872e-14,1.0,-1.3325147543741745e-13,1.0,-1.9987721315612617e-13,1.0,0.6601521206712335,0.7511319308705183,0.9917226741361022,0.12839835514654616,0.8296770135526466,-0.5582437220268236,0.2546711202412194,-0.9670277247913228,0.5943761565849826,0.8041871576214483,0.9559793438440761,0.2934339689665285,0.9431964659565848,-0.33223549871590935,0.5610336262283699,-0.8277930117131007,-0.04084439154328633,-0.9991655196610113,-0.6267266965083383,-0.779239146785982,-0.9671667297977248,-0.2541427094613869,-0.9288394302558087,0.3704825404820915,-0.5267547528105647,0.8500173118186952,0.08162061540317102,0.9966634713589174
2024-10-27,7.0,2322.75,0.0,0,0,Lazada,0.0,1,11823.0,760.0,13146.0,1876.7,741.0,6040.885714285714,7288.2464285714295,2.808885050590091,-0.8035397107333164,0.0,0.7818314824679661,0.6234898018588134,0.9749279121818691,-0.22252093395611516,0.43388373911783434,-0.9009688679022861,0.7998392447396879,0.6002142805484101,0.9601498736716311,-0.27948563485150896,0.3527520865491885,-0.9357168190404583,-0.5366961939914239,-0.843775559823298,0.6081214998935394,0.7938439653781038,0.9655071658143348,0.2603764827344639,0.9248025743285082,-0.38044736628785325,0.5027907197793147,-0.8644081744776588,-0.12652781683868575,-0.9919630595773393,-0.7036774074790152,-0.7105196029692721,-0.9906923101615576,-0.1361203386226914,-0.869232816457491,0.49440298420759743,-0.38937814154519657,0.9210779895789547,0.25102184062588784,0.967981423132072
2024-10-28,9.0,3122.86,0.0,0,0,Lazada,0.0,0,2322.75,10915.0,2962.15,18419.0,2186.35,6264.135714285714,6515.157142857143,0.9492599910086217,0.34446668819287485,0.0,0.9749279121818543,-0.2225209339561801,-0.43388373911730993,-0.9009688679025386,-0.7818314824680039,0.623489801858766,0.9057022630804743,0.4239143907098547,0.7678804460365916,-0.6405931786981853,-0.2546711202411929,-0.9670277247913298,-0.9837979515735211,-0.17928075881070973,0.6216868902665464,0.7832658619336802,0.9738922359149915,0.2270108209414221,0.903946192922402,-0.4276462092677728,0.4421681519670787,-0.8969321743510031,-0.21127575558216713,-0.9774264960104081,-0.7731383255706,-0.6342374393978085,-0.9998699583618589,-0.016126573270681493,-0.7931896839451934,0.6089746507720367,-0.24268684458260137,0.970104682736116,0.41301304294125807,0.9107251102063688
2024-10-29,14.0,4734.85,0.0,0,0,Lazada,0.0,0,24307.0,3596.0,2232.4,25160.0,4441.41,8209.615714285714,7346.5650000000005,1.873759526868501,-0.805206319167318,0.0,0.43388373911750944,-0.9009688679024426,-0.7818314824679624,0.6234898018588181,0.9749279121818382,-0.22252093395625086,0.9732643737003844,0.2296877421317871,0.4470937929850984,-0.8944870822288034,-0.7678804460365439,-0.6405931786982425,-0.7998392447396986,0.600214280548396,0.6350683134867433,0.7724559775191746,0.9811246297717118,0.19337647441020714,0.8806828564301502,-0.47370635037967507,0.37945284372454674,-0.925211078289357,-0.2944616217868012,-0.9556633054034704,-0.8343701235229476,-0.551204587219937,-0.9945667569706359,0.10410074893540376,-0.7021479494047015,0.7120310787787094,-0.09019000427036186,0.9959245770286583,0.562812333582482,0.8265847065893737
2024-10-30,6.0,2149.67,0.0,0,0,Lazada,0.0,0,7685.0,1582.7,10702.0,16684.0,3444.0,7939.737142857142,7131.954285714286,1.698890159655383,-0.7202771633051399,0.0,-0.43388373911736994,-0.9009688679025097,0.7818314824677693,0.6234898018590601,-0.9749279121818866,-0.2225209339560386,0.9996684675143119,0.025747913655034618,0.05147875477043856,-0.9986740898848258,-0.9970175264485248,-0.07717546212667081,-0.10282099713754372,0.9946998756145701,0.64826180977571,0.7614175109533017,0.9871957872910075,0.15951325197264243,0.8550745085896907,-0.5185051443911614,0.31494162072896326,-0.9491110448902246,-0.37547037868760613,-0.9268343944460551,-0.8867210630829977,-0.4623048304798019,-0.9748595108374172,0.22282040779477905,-0.5978291414589743,0.8016235510652278,0.06446435710736276,0.9979200101524843,0.6959977221267168,0.7180439894563713
2024-10-31,8.0,2423.44,0.0,0,1,Lazada,0.0,0,21353.0,2322.75,760.0,13770.0,21861.0,9382.161428571428,7711.523571428572,2.0388959325995732,-0.8865058773942771,0.0,-0.9749279121818198,-0.22252093395633105,0.4338837391175889,-0.9009688679024043,0.7818314824678562,0.6234898018589513,0.983797951573514,-0.17928075881074831,-0.3527520865491188,-0.9357168190404845,-0.857314628076371,0.5147928015097664,0.6601521206712704,0.7511319308704859,0.6612634749656371,0.7501537286959055,0.9920985227917685,0.1254612333527404,0.8271893372462488,-0.5619233046832207,0.24893980855377423,-0.9685189578512184,-0.45370308603134185,-0.8911529104063101,-0.9296339319682706,-0.36848439930777654,-0.9410336347451268,0.3383130181922877,-0.4822058478963665,0.8760579434344204,0.2175766051482714,0.9760432474496984,0.8086376511543095,0.5883070194512736
2024-11-01,15.0,4600.3099999999995,0.0,1,0,Lazada,0.0,0,13608.0,4734.85,3596.0,3037.38,9607.0,8909.565714285714,8559.590714285714,1.5558732770536652,-0.6619407701352147,0.0,-0.7818314824680626,0.6234898018586924,-0.9749279121818002,-0.222520933956417,-0.433883739117211,-0.9009688679025862,0.9263239682514893,-0.37672789363519893,-0.697944154766365,-0.7161521883143724,-0.40045390565138167,0.9163169044869544,0.9996684675143146,0.025747913654928792,0.6740694616546156,0.7386679638813752,0.9958270335100593,0.09126072172931339,0.7971015927871955,-0.6038452208771019,0.1817597875913783,-0.9833429613388897,-0.5285813283559141,-0.8488826652214647,-0.9626519747161476,-0.27074189844776814,-0.8935790198239911,0.44890593149388797,-0.3574644155648671,0.9339267592294741,0.36548399581329205,0.9308176238148639,0.897407053602141,0.4412035586269946
2024-11-02,6.0,1668.71,0.0,0,0,Lazada,0.0,1,4600.3099999999995,7685.0,10713.0,3221.94,11275.0,8890.345714285713,8631.327142857142,1.3758257224013615,-0.637261401948999,0.0,-8.81869491513412e-14,1.0,-1.763738983026824e-13,1.0,-3.718717201079153e-14,1.0,0.8296770135526411,-0.5582437220268317,-0.926323968251465,-0.3767278936352588,0.20455206612613955,0.9788556850953707,0.6979441547664575,-0.7161521883142822,0.6866759803451531,0.7269636153323101,0.9983769064671416,0.05695219603404592,0.7648913904341265,-0.6441592666722639,0.11371951458596195,-0.9935128947337992,-0.5995514915196447,-0.8003361849976355,-0.9854237542919503,-0.17011767832050245,-0.8331829385891729,0.5529974600700355,-0.22596360824804312,0.9741357440046664,0.5046482954181496,0.8633250245021026,0.9596855068649492,0.28107601803313886
2024-11-03,4.0,1376.0,0.0,0,0,Lazada,0.0,1,12784.0,21353.0,11823.0,10151.0,14869.0,9550.065714285713,8785.399285714286,1.0266495482259894,-0.8923654568210263,0.0,0.7818314824679526,0.6234898018588303,0.9749279121818787,-0.2225209339560731,0.43388373911768774,-0.9009688679023568,0.6979441547663299,-0.7161521883144066,-0.9996684675143122,0.02574791365502679,0.7338853664321222,0.6792733388973762,-0.05147875477042293,-0.9986740898848265,0.6990793005655548,0.7150441465537458,0.9997451236925733,0.02257626304154944,0.730644496918498,-0.6827580970759081,0.04514101777397984,-0.9989806246941575,-0.6660888558609618,-0.7458723993404199,-0.9977068927101156,-0.0676827617545699,-0.7607200913564033,0.649080074110048,-0.09019000427036089,0.9959245770286584,0.6317404220940644,0.7751800043166834,0.9936345861898614,0.11265127219566971
2024-11-04,4.0,1434.5,0.0,0,0,Lazada,0.0,0,14137.0,13608.0,24307.0,13146.0,1413.0,8417.145714285713,9427.570000000002,1.5280090847574095,-0.8985286835962368,0.0,0.9749279121818084,-0.22252093395638076,-0.43388373911768074,-0.9009688679023601,-0.781831482468186,0.6234898018585376,0.5366961939915825,-0.8437755598231971,-0.9057022630804535,0.4239143907098991,0.991722674136095,0.12839835514660058,-0.7678804460366544,-0.64059317869811,0.7112757519738172,0.7029130847082596,0.9999300657962056,-0.011826390691838178,0.6944521021088755,-0.7195389342325847,-0.023651127245242765,-0.999720272966408,-0.7277014757264182,-0.6858939875998281,-0.9993706508539968,0.035472555753127674,-0.6772399381909397,0.7357622347736612,0.04728902277115469,0.9988812483600586,0.7437200839287241,0.668491164310383,0.998252133936545,-0.05909887554881351
2024-11-05,9.0,4262.1900000000005,0.0,0,0,Lazada,0.0,0,16728.0,1668.71,7685.0,12828.0,2947.4,8410.601428571428,8650.473571428573,3.1301807884961907,-0.7452062410329985,0.0,0.4338837391177337,-0.9009688679023345,-0.7818314824682728,0.6234898018584288,0.9749279121819031,-0.22252093395596612,0.35275208654912615,-0.9357168190404818,-0.6601521206712821,0.7511319308704756,0.8826787983255947,-0.46997674302723125,-0.9917226741361187,0.1283983551464179,0.7232617254437366,0.6905740195722316,0.998931513884858,-0.04621504698370196,0.65641057619794,-0.7544038410927455,-0.09233133369537848,-0.9957283388645884,-0.783933816682906,-0.6208444016506648,-0.9903973200352565,0.13825031091097695,-0.5839514998576895,0.8117885474764687,0.18387385105130244,0.9829498496360654,0.8379085086871774,0.5458107099257309,0.9734018427044414,-0.22910445787805614
2024-11-06,4.0,1329.65,0.0,0,0,Lazada,0.0,0,21424.0,1376.0,21353.0,13192.0,21519.0,10015.384285714286,9782.725,2.7473158383325065,-0.93793642643764,0.0,-0.43388373911755534,-0.9009688679024205,0.781831482468026,0.6234898018587384,-0.9749279121818215,-0.22252093395632336,0.15389057670403672,-0.988087896091081,-0.3041148323274695,0.9526353808033979,0.44709379298514745,-0.8944870822287788,-0.579421098204481,0.8150283375168702,0.7350336741329423,0.678030602473537,0.9967506498213927,-0.08054900421874481,0.616621213095643,-0.7872599821916885,-0.16057454459499998,-0.9870237158387373,-0.8343701235229481,-0.5512045872199363,-0.9708824104813865,0.23955655912091534,-0.48220584789634074,0.8760579434344347,0.3169817673505398,0.9484316312562168,0.9120525252759568,0.4100733972568205,0.9198172790502277,-0.3923470060553994
2024-11-07,9.0,3031.5,0.0,0,0,Lazada,0.0,0,1329.65,10746.0,2423.44,10702.0,2771.5,10008.762857142856,8352.485714285714,1.9573630190221514,1.2799232880833302,0.0,-0.9749279121817644,-0.22252093395657374,0.43388373911803746,-0.9009688679021883,0.7818314824679575,0.6234898018588241,-0.05147875477031721,-0.998674089884832,0.10282099713730199,0.994699875614595,-0.15389057670397474,-0.9880878960910907,0.20455206612608584,0.9788556850953819,0.7465881145324101,0.6652865452111149,0.9933900548258946,-0.11478762552211845,0.5751899607119857,-0.8180198708443116,-0.228057771221503,-0.9736476020539878,-0.8786374941610016,-0.4774894280028364,-0.9410336347451265,0.33831301819228865,-0.3734765374130573,0.9276396261490522,0.4440958041591867,0.8959793059709612,0.9643784639967373,0.2645263279511012,0.8390802290175643,-0.5440076922910483
2024-11-08,18.0,6234.4,0.0,0,0,Lazada,0.0,0,10513.0,16728.0,4600.3099999999995,10915.0,2344.4,10101.477142857142,8389.775714285714,0.9181571605840233,-0.40698183201750215,0.0,-0.7818314824680761,0.6234898018586755,-0.9749279121817905,-0.22252093395645905,-0.43388373911776734,-0.9009688679023183,-0.25467112024120236,-0.9670277247913273,0.49254806795381695,0.8702852410301821,-0.6979441547663257,-0.7161521883144107,0.8573146280762761,0.5147928015099242,0.7579216274973473,0.6523456189565255,0.9888537064205883,-0.14889038685645528,0.5322271388474388,-0.8466016020976272,-0.29446162178680213,-0.9556633054034702,-0.9164086366943406,-0.4002439388573174,-0.901168696856156,0.4334685453485382,-0.2593382659754165,0.9657865518844545,0.5628123335824836,0.8265847065893726,0.9936345861898648,0.1126512721956405,0.7335740047068146,-0.67960957881596
2024-11-09,14.0,4280.64,0.0,0,0,Lazada,0.0,1,16409.0,21424.0,12784.0,3596.0,8687.48,10337.649999999998,9559.374285714284,0.5769519158067276,-0.7391285270278505,0.0,1.1762551485925838e-13,1.0,2.3525102971851677e-13,1.0,-3.29244481751921e-13,1.0,-0.44709379298514224,-0.8944870822287814,0.7998392447397574,0.6002142805483176,-0.9837979515735028,-0.17928075881081001,0.9601498736715663,-0.27948563485173106,0.769030859258919,0.6392116531380577,0.9831469737221493,-0.18281692498502278,0.48784714544231444,-0.8729290708206396,-0.3594718130884287,-0.9331559438780411,-0.9474042892438848,-0.3200392362231382,-0.851711910746922,0.5240103253675706,-0.1414440676879523,0.9899462489023765,0.6708865180801669,0.7415600311898356,0.9991210282680505,-0.04191862202641508,0.6064130902482758,-0.7951497745554208
2024-11-10,15.0,5670.32,0.0,0,0,Lazada,0.0,1,14750.0,3031.5,10746.0,1582.7,21425.0,9805.791428571427,9907.277142857143,0.7895502077168546,-0.6155715254237288,0.0,0.7818314824679392,0.6234898018588472,0.9749279121818882,-0.22252093395603106,0.4338837391175412,-0.9009688679024273,-0.6206094818274047,-0.7841198065767248,0.9732643737003719,0.2296877421318405,-0.9057022630804767,0.42391439070984943,0.4470937929851966,-0.8944870822287543,0.7799125224167148,0.6258885343075054,0.9762766110869341,-0.21652708524480554,0.4421681519670651,-0.8969321743510099,-0.42278065798266085,-0.9062320427107774,-0.9713952846837465,-0.23746831555848266,-0.793189683945175,0.6089746507720608,-0.021501372740824202,0.9997688187627478,0.7662747586044666,0.6425130304714967,0.9807065438204182,-0.19548574093219726,0.46135120399060403,-0.8872175982116338
2024-11-11,36.0,10413.09,0.0,1,0,Lazada,0.0,0,51261.0,10513.0,1434.5,2322.75,1876.7,15588.33714285714,12196.442857142858,1.3656347455445912,-0.796861356586879,0.0,0.9749279121818133,-0.22252093395635975,-0.4338837391176419,-0.9009688679023787,-0.7818314824680845,0.6234898018586649,-0.7678804460365866,-0.6405931786981913,0.9837979515735239,-0.17928075881069433,-0.49254806795391926,0.8702852410301242,-0.35275208654901613,-0.9357168190405233,0.7905633969115483,0.6123802049900647,0.9682507501166717,-0.24998096907265258,0.39531178876491124,-0.9185469991587182,-0.48408852163897675,-0.8750190302029951,-0.9882042449941418,-0.15314166701312226,-0.7262249146041486,0.6874571793269724,0.09875272084576428,0.9951120038093996,0.847173337473878,0.53131660643478,0.9388316432829629,-0.34437645908309644,0.30267049085569353,-0.953095259648884
2024-11-12,12.0,3524.55,0.0,0,0,Lazada,0.0,0,17786.0,16409.0,4262.1900000000005,24307.0,3018.03,17224.292857142857,12913.342142857144,1.1772317593013635,-0.8018357134825144,0.0,0.43388373911754824,-0.9009688679024239,-0.7818314824680161,0.6234898018587507,0.9749279121818669,-0.22252093395612474,-0.8826787983255652,-0.4699767430272866,0.8296770135525766,-0.5582437220269276,0.10282099713724739,0.9946998756146007,-0.9263239682515522,-0.3767278936350446,0.8009803309782914,0.5986906625177203,0.9590788900341122,-0.28313898122818637,0.34740282118429017,-0.9377159910299045,-0.5431052396834366,-0.8396646346181295,-0.9977068927101176,-0.06768276175454056,-0.6515303615068228,0.7586225596663922,0.21757660514827332,0.976043247449698,0.9120525252759689,0.4100733972567937,0.8744980560685738,-0.48502901968056056,0.1350551158403237,-0.9908380875225562
2024-11-13,15.0,4896.62,0.0,0,0,Lazada,0.0,0,3524.55,4280.64,21424.0,4734.85,25160.0,15383.657142857142,12860.653571428571,1.3384343221386052,0.3892894128328439,0.0,-0.4338837391175359,-0.9009688679024298,0.781831482467999,0.623489801858772,-0.9749279121817566,-0.2225209339566081,-0.9601498736715971,-0.27948563485162564,0.5366961939916289,-0.8437755598231675,0.6601521206711938,0.7511319308705532,-0.9057022630805001,0.4239143907097997,0.8111602420785614,0.5848239578463331,0.9487718864399479,-0.3159618766579008,0.2985688173637226,-0.9543881083175901,-0.5995514915196455,-0.8003361849976349,-0.9998329697701052,0.018276557681686328,-0.5699010576127665,0.8217133225960561,0.33324938558228673,0.942838717389686,0.9596855068649498,0.281076018033137,0.7892447672427791,-0.6140787387460107,-0.03654700988811014,-0.9993319348786159
2024-11-14,9.0,2785.75,0.0,0,0,Lazada,0.0,0,16715.0,51261.0,13422.0,21353.0,3872.92,15981.465714285712,13082.115714285714,0.06410305154192937,-0.8333383188752618,0.0,-0.9749279121818102,-0.22252093395637307,0.4338837391176666,-0.9009688679023669,0.7818314824677755,0.6234898018590525,-0.9970175264485255,-0.07717546212666106,0.15389057670409093,-0.9880878960910726,0.9732643737003592,0.2296877421318939,-0.3041148323275741,0.9526353808033646,0.8211001178128892,0.5707841943569035,0.9373419384643772,-0.3484108069446811,0.2489398085537733,-0.9685189578512187,-0.6531601223269304,-0.7572198192083124,-0.9945667569706328,0.10410074893543399,-0.4822058478963648,0.8760579434344214,0.44409580415921307,0.8959793059709481,0.9891715794849549,0.1467637092037386,0.6851112019949069,-0.7284384949335762,-0.20707028853385726,-0.9783260681421635
2024-11-15,14.0,3684.4300000000003,0.0,0,1,Lazada,0.0,0,19023.0,17786.0,6234.4,10413.0,2441.76,10286.41714285714,12930.240714285714,0.7942721196637484,-0.8063170898386164,0.0,-0.7818314824679478,0.6234898018588364,-0.9749279121818822,-0.22252093395605776,-0.43388373911750416,-0.9009688679024451,-0.9917226741361032,0.12839835514653838,-0.25467112024120425,-0.9670277247913268,0.9263239682515093,-0.3767278936351499,0.49254806795382033,0.8702852410301801,0.8307970168121255,0.5565755266413291,0.9248025743285079,-0.38044736628785414,0.19864794288016704,-0.9800709131432673,-0.7036774074790166,-0.7105196029692706,-0.9819471901866474,0.18915526872003352,-0.38937814154519385,0.9210779895789558,0.5485105018003563,0.8361436655352484,0.9999531843608731,0.009676212407220082,0.5645884386042977,-0.8253725795023488,-0.3714809692572743,-0.9284405686309039
2024-11-16,9.0,2986.09,0.0,0,0,Lazada,0.0,1,3684.4300000000003,3524.55,16409.0,13608.0,13046.0,8271.90714285714,12748.100000000002,0.8817432019449922,-0.1895381375138081,0.0,-1.3130937201660615e-13,1.0,-2.626187440332123e-13,1.0,-1.665544406065864e-13,1.0,-0.9444892287836647,0.32854238191082474,-0.6206094818274063,-0.7841198065767235,0.5366961939916752,-0.8437755598231381,0.9732643737003728,0.22968774213183668,0.8402480696078464,0.5422021592729854,0.911168635332664,-0.41203363695942435,0.14782713347052986,-0.9890132145779884,-0.750864253398946,-0.6604565640279786,-0.9620675724981437,0.2728112643340247,-0.2924059769510762,0.9562942772197723,0.6449812683237414,0.7641983796838999,0.9918264497026027,-0.12759425406471323,0.43055961698188505,-0.9025621398133274,-0.5249257416559691,-0.8511480281049418
2024-11-17,10.0,4051.3,0.0,0,0,Lazada,0.0,1,13334.0,7274.0,14750.0,1668.71,3221.94,9400.324285714285,12435.989285714286,1.1523717022042936,-0.6961676916154191,0.0,0.7818314824680676,0.6234898018586862,0.9749279121817966,-0.22252093395643238,0.4338837391173946,-0.9009688679024979,-0.8573146280763366,0.5147928015098234,-0.8826787983255394,-0.469976743027335,-0.05147875477032113,-0.9986740898848319,0.8296770135526378,-0.5582437220268366,0.8494504794814807,0.5276683455625159,0.8964562582905574,-0.44313223418263475,0.09661270188120648,-0.9953220513156599,-0.7944973291665995,-0.6072676460566131,-0.935074884351561,0.35445022309897734,-0.1923215052391015,0.9813319716704263,0.7321109433803434,0.6811854127788877,0.964945045762534,-0.2624520121057201,0.28623096833217576,-0.9581606508136435,-0.6628750027453224,-0.7487300786901704
2024-11-18,13.0,4562.06,0.0,0,0,Lazada,0.0,0,10501.0,19023.0,10413.09,10746.0,1638.93,8623.402857142855,8839.916428571429,0.347174254419797,-0.5655594705266165,0.0,0.9749279121818687,-0.22252093395611705,-0.43388373911719336,-0.9009688679025948,-0.7818314824682667,0.6234898018584365,-0.7338853664322421,0.6792733388972467,-0.9970175264485169,-0.07717546212677244,-0.6206094818273632,-0.7841198065767576,0.15389057670431172,-0.9880878960910382,0.8584015232918905,0.51297838629923,0.8806828564301498,-0.4737063503796759,0.04514101777397886,-0.9989806246941576,-0.8343701235229487,-0.5512045872199354,-0.9011686968561555,0.43346854534853907,-0.09019000427035893,0.9959245770286587,0.8086376511543113,0.5883070194512712,0.9198172790502269,-0.3923470060554012,0.1350551158403509,-0.9908380875225525,-0.7812565682797527,-0.624210040386843
2024-11-19,6.0,2146.1,0.0,0,0,Lazada,0.0,0,4562.06,3684.4300000000003,17786.0,14137.0,3392.2,6557.554285714284,8421.985714285714,0.3867086171190149,-0.5295765509440911,0.0,0.43388373911756767,-0.9009688679024145,-0.781831482468043,0.6234898018587169,0.9749279121817295,-0.22252093395672667,-0.5794210982045672,0.8150283375168088,-0.944489228783664,0.32854238191082663,-0.9601498736715982,-0.27948563485162187,-0.6206094818274093,-0.7841198065767211,0.8670985522812075,0.49813662847840656,0.8638670987837361,-0.5037197987363319,-0.006450864198108873,-0.9999791929590823,-0.8702939222685651,-0.4925327287220585,-0.8605996962501247,0.5092820071573245,0.012901459949427097,0.9999167727021951,0.873453075773424,0.48690833266842465,0.8572964806503188,-0.5148230222752063,-0.01935151881830677,-0.9998127418269006,-0.8765758813304946,-0.4812636743716137
2024-11-20,6.0,1786.1,0.0,0,0,Lazada,0.0,0,10459.0,13334.0,4896.62,16728.0,2962.15,7405.351428571427,7800.167857142857,0.35362719817366955,-0.8292284157185199,0.0,-0.4338837391175165,-0.9009688679024391,0.7818314824679722,0.6234898018588058,-0.9749279121816916,-0.22252093395689282,-0.40045390565126854,0.9163169044870039,-0.7338853664322021,0.6792733388972898,-0.9444892287836821,0.3285423819107748,-0.997017526448526,-0.07717546212665517,0.8755389928586302,0.4831474640149686,0.8460288880917338,-0.5331370560318093,-0.058025569328780516,-0.9983150972033183,-0.9020987014301839,-0.431529758971471,-0.8136678304455989,0.5813300798152046,0.11585560376947882,0.9932660666081418,0.9256185127518923,0.3784578825324886,0.7785648703932885,-0.6275641342440483,-0.17329522734857222,-0.9848699224660111,-0.9460191696320087,-0.3241106766040957
2024-11-21,11.0,3928.93,0.0,0,0,Lazada,0.0,0,12405.0,6784.0,16715.0,21424.0,2232.4,6949.037142857141,7944.487857142857,1.108436450078927,-0.6832785167271263,0.0,-0.9749279121818054,-0.2225209339563941,0.43388373911770545,-0.9009688679023482,0.7818314824681605,0.6234898018585697,-0.2045520661262566,0.9788556850953462,-0.4004539056513709,0.9163169044869591,-0.579421098204564,0.8150283375168111,-0.7338853664323539,0.6792733388971259,0.8837203473619966,0.46801532844383653,0.8271893372462522,-0.5619233046832157,-0.10944576864891176,-0.9939927684469585,-0.929633931968266,-0.3684843993077879,-0.7607200913564205,0.6490800741100279,0.21757660514827426,0.9760432474496977,0.9643784639967454,0.2645263279510719,0.6851112019949269,-0.7284384949335574,-0.323093375552336,-0.9463670908660112,-0.9875365065492252,-0.15739011478664144
2024-11-22,37.0,12579.61,0.0,0,0,Lazada,0.0,0,13646.0,4562.06,19023.0,3031.5,10702.0,6990.455714285713,7806.929285714286,1.4531101907360144,-0.0781467096585079,0.0,-0.781831482468103,0.6234898018586418,-0.9749279121817714,-0.22252093395654313,-0.43388373911765077,-0.9009688679023745,1.964386723728472e-15,1.0,3.928773447456944e-15,1.0,-5.09502586896226e-14,1.0,7.857546894913888e-15,1.0,0.8916401947968868,0.4527446996073721,0.8073707443023507,-0.5900444739548607,-0.1605745445949869,-0.9870237158387394,-0.9527692922168497,-0.3036950375106634,-0.7021479494046994,0.7120310787787114,0.3169817673505147,0.9484316312562251,0.9891715794849508,0.14676370920376575,0.5787026118776087,-0.8155386483827934,-0.46516249913188473,-0.8852253099642934,-0.9999023237537765,0.013976514293551243
2024-11-23,6.0,1993.8899999999999,0.0,0,0,Lazada,0.0,1,16390.0,1786.1,13334.0,6234.4,10915.0,13755.805714285712,10580.578571428572,1.152301838663777,-0.8783471629042099,0.0,7.450309199399343e-14,1.0,1.4900618398798687e-13,1.0,-3.8643994612517546e-15,1.0,0.20455206612620477,0.978855685095357,0.4004539056512739,0.9163169044870015,0.579421098204481,0.8150283375168702,0.7338853664322101,0.6792733388972811,0.8992961915530254,0.43734009633033216,0.786596566086602,-0.6174672802835516,-0.21127575558216904,-0.9774264960104078,-0.9713952846837501,-0.23746831555846792,-0.6383844591746777,0.76971766400691,0.4130130429412616,0.9107251102063671,0.9996387871459103,0.026875550849305797,0.4613512039905771,-0.8872175982116478,-0.5961040271552006,-0.802907210584979,-0.9827515893084949,0.1849305645685087
2024-11-24,3.0,1086.62,0.0,0,0,Lazada,0.0,1,13618.0,3928.93,6784.0,4280.64,3596.0,13958.775714285714,10453.906428571428,1.1019642473672093,-0.9202070788662065,0.0,0.7818314824679123,0.6234898018588808,0.9749279121819074,-0.222520933955947,0.4338837391176577,-0.9009688679023712,0.40045390565122,0.9163169044870251,0.7338853664321302,0.6792733388973675,0.9444892287836486,0.32854238191087104,0.9970175264485424,-0.07717546212644415,0.9066860720977974,0.42180607708266565,0.7648913904341258,-0.6441592666722646,-0.26141439851115594,-0.965226663665613,-0.9854237542919506,-0.1701176783205005,-0.5699010576127657,0.8217133225960567,0.5046482954181521,0.8633250245021011,0.9956284932063316,-0.09340183893098454,0.335276002484036,-0.9421199510456855,-0.7127855825108375,-0.7013820024527905,-0.9365905832039849,0.3504255690637022
2024-11-25,7.0,2597.23,0.0,0,0,Lazada,0.0,0,1086.62,13646.0,10501.0,14750.0,10713.0,13552.731428571426,10046.950714285715,0.9472472959338155,1.390191603320388,0.0,0.9749279121818228,-0.2225209339563177,-0.4338837391175642,-0.9009688679024161,-0.7818314824681653,0.6234898018585637,0.5794210982045704,0.8150283375168066,0.9444892287836667,0.3285423819108192,0.9601498736716266,-0.279485634851524,0.620609481827397,-0.7841198065767309,0.9138076496466611,0.40614723863057994,0.7422809070869837,-0.6700888411055095,-0.3108569682435,-0.9504567035349162,-0.9947883056093265,-0.10196189005175055,-0.4972040784469552,0.8676336233547626,0.5909121786151503,0.8067358905889193,0.9771987776823925,-0.21232651482101328,0.20286099168261074,-0.9792075459541495,-0.812415914486891,-0.5830783668499704,-0.8627819522593947,0.5055762087514281
2024-11-26,4.0,1452.0,0.0,0,0,Lazada,0.0,0,17506.0,16390.0,10459.0,10413.09,2322.75,9858.391428571427,11383.455714285714,1.385882729736508,-0.9170570090254769,0.0,0.4338837391175871,-0.9009688679024052,-0.78183148246807,0.6234898018586832,0.9749279121818957,-0.2225209339559986,0.7338853664322061,0.6792733388972856,0.997017526448525,-0.07717546212666693,0.6206094818274431,-0.7841198065766943,-0.15389057670410258,-0.9880878960910708,0.9206588168102428,0.3903682146763027,0.7187918772884233,-0.6952253139408721,-0.3594718130884163,-0.9331559438780459,-0.9994446170919858,-0.03332352571163171,-0.42083100859566247,0.9071390534005013,0.6708865180801472,0.7415600311898534,0.9446165532223676,-0.3281761224987187,0.0666100367900334,-0.9977790852682924,-0.892611670939861,-0.45082635781634295,-0.7635044855580949,0.6458025244087149
2024-11-27,15.0,5247.74,0.0,0,0,Lazada,0.0,0,10735.0,13618.0,12405.0,3524.55,24307.0,8973.121428571427,11379.305714285714,1.5188222413985544,-0.5111560316721007,0.0,-0.43388373911749706,-0.9009688679024486,0.7818314824679453,0.6234898018588395,-0.9749279121817278,-0.22252093395673422,0.8573146280763094,0.5147928015098688,0.8826787983255892,-0.4699767430272416,0.051478754770422894,-0.9986740898848265,-0.8296770135525197,-0.5582437220270122,0.9272375462179528,0.37447367448688534,0.69445210210888,-0.7195389342325804,-0.4071294853542416,-0.9133704517637903,-0.9993706508539972,0.035472555753115434,-0.3413465142450583,0.9399375283564053,0.7437200839287261,0.6684911643103808,0.8983536994820231,-0.43927284303376063,-0.07090046226089135,-0.9974833955766842,-0.9514544127333321,-0.30778970172874554,-0.6416887978251492,0.7669651144254964
2024-11-28,38.0,12369.7,0.0,0,0,Lazada,0.0,0,5247.74,1086.62,3928.93,4896.62,4734.85,7777.369999999997,10868.072857142857,1.8441586854419314,1.3571480294374343,0.0,-0.9749279121818006,-0.22252093395641512,0.43388373911774425,-0.9009688679023294,0.7818314824682618,0.6234898018584425,0.944489228783666,0.328542381910821,0.6206094818274001,-0.7841198065767284,-0.5366961939915892,-0.8437755598231929,-0.9732643737003692,0.22968774213185197,0.9335418911179207,0.358468321512482,0.6692903895412585,-0.7430009249440477,-0.4537030860313436,-0.8911529104063092,-0.9945667569706341,0.10410074893542082,-0.2593382659754146,0.9657865518844551,0.8086376511543119,0.5883070194512704,0.8390802290175782,-0.5440076922910269,-0.20707028853383136,-0.9783260681421689,-0.9875365065492298,-0.1573901147866124,-0.5009308193361787,0.8654873276017302
2024-11-29,31.0,10481.97,0.0,1,1,Lazada,0.0,0,24685.0,15817.0,12579.61,16715.0,2149.67,12544.634285714284,12259.485,0.9784572573572345,-0.5753708729997975,0.0,-0.7818314824681164,0.623489801858625,-0.9749279121817618,-0.22252093395658518,-0.4338837391169779,-0.9009688679026986,0.9917226741360964,0.12839835514659087,0.2546711202413066,-0.9670277247912998,-0.9263239682514709,-0.37672789363524434,-0.4925480679540046,0.8702852410300759,0.9395699859530608,0.3423568919945456,0.6433365204044976,-0.76558351700767,-0.4990686026885282,-0.8665624788845406,-0.985055671821504,0.17223624302766677,-0.17541259380427537,0.9844950085880864,0.8649482509584299,0.5018610596210399,0.7676545836727796,-0.6408638234181825,-0.33932457617526024,-0.940669353175429,-0.9999947982262413,-0.003225448877120542,-0.3453856460875972,0.9384608438697126
2024-11-30,21.0,7280.43,0.0,0,1,Lazada,0.0,1,17648.0,1452.0,16390.0,19023.0,2423.44,11802.772857142856,10830.582142857145,1.1079518065566123,-0.5874643019038984,0.0,-1.744317948818711e-13,1.0,-3.488635897637422e-13,1.0,1.5882564168408287e-13,1.0,0.9970175264485296,-0.0771754621266083,-0.15389057670398637,-0.9880878960910889,-0.9732643737003827,0.22968774213179474,0.30411483232737246,0.952635380803429,0.9453200469131312,0.326144153564272,0.6166212130956422,-0.7872599821916891,-0.5431052396834375,-0.8396646346181289,-0.970882410481386,0.23955655912091725,-0.09019000427035796,0.9959245770286588,0.9120525252759697,0.4100733972567919,0.6851112019949263,-0.7284384949335581,-0.46516249913188557,-0.8852253099642929,-0.9885312610933468,0.15101637606960874,-0.17964488371033835,0.9837315262594256
2024-12-01,32.0,9879.92,0.0,0,0,Lazada,0.0,1,13867.0,12369.7,1086.62,13334.0,4600.3099999999995,16757.014285714282,12267.192142857142,0.4185934128996471,-0.28752289608422876,0.0,0.7818314824680407,0.6234898018587199,0.9749279121818158,-0.22252093395634828,0.43388373911751116,-0.9009688679024418,0.960149873671596,-0.2794856348516294,-0.5366961939916355,-0.8437755598231633,-0.6601521206712704,0.751131930870486,0.9057022630805067,0.4239143907097855,0.9507903724625828,0.30983490383180384,0.5891760872322986,-0.8080046647350737,-0.585695739807353,-0.8105309990194807,-0.952114053668112,0.3057430764672777,-0.004300592702982432,0.9999907524084426,0.9494491062150153,0.31392100074303475,0.5926455377376124,-0.8054633862564432,-0.5822045598324386,-0.8130423423846488,-0.9534201253498701,0.3016455943285729,-0.008601105865715318,0.9999630098048061
2024-12-02,12.0,4243.88,0.0,1,0,Lazada,0.0,0,9879.92,24685.0,2597.23,4051.3,1668.71,16401.331428571426,12895.285000000002,0.1948711030915433,-0.5704540117733747,0.0,0.9749279121818782,-0.222520933956075,-0.43388373911711564,-0.9009688679026322,-0.7818314824680638,0.6234898018586909,0.8826787983255634,-0.46997674302729003,-0.8296770135525809,-0.5582437220269212,-0.10282099713734875,0.9946998756145903,0.9263239682515462,-0.37672789363505915,0.9559793438440753,0.293433968966531,0.5610336262283742,-0.8277930117130978,-0.6267266965083296,-0.779239146785989,-0.9288394302558126,0.37048254048208196,0.08162061540317589,0.9966634713589171,0.9767399525103044,0.21442729576751243,0.49159674642335016,-0.8708229664552815,-0.688237583642206,-0.725485374395885,-0.895501317943511,0.44505886078296975,0.16269657176436075,0.9866761502824137
2024-12-03,8.0,2228.2799999999997,0.0,0,0,Lazada,0.0,0,12453.0,17648.0,17506.0,10501.0,1376.0,13762.74714285714,12772.617142857142,0.3384419878081774,-0.8210648036617683,0.0,0.4338837391176065,-0.9009688679023958,-0.7818314824680969,0.6234898018586494,0.9749279121818595,-0.2225209339561572,0.7678804460366205,-0.6405931786981507,-0.9837979515735049,-0.17928075881079844,0.4925480679538306,0.8702852410301744,0.3527520865492142,-0.9357168190404487,0.9608854255574969,0.2769462022689389,0.532227138847444,-0.8466016020976239,-0.6660888558609739,-0.7458723993404092,-0.9011686968561613,0.4334685453485272,0.16693835946505667,0.9859673342150416,0.9936345861898651,0.11265127219563757,0.38342829071162743,-0.923570650184359,-0.7812565682797361,-0.6242100403868637,-0.8161603698771328,0.5778254499777781,0.32919153851998856,0.9442631682782311
2024-12-04,15.0,5042.6,0.0,0,0,Lazada,0.0,0,8019.0,30967.0,10735.0,2146.1,14137.0,11665.439999999999,12150.422857142856,0.27581028859042717,-0.3711684748721785,0.0,-0.4338837391176825,-0.9009688679023592,0.781831482468202,0.6234898018585177,-0.974927912181764,-0.2225209339565756,0.6206094818274016,-0.7841198065767272,-0.9732643737003701,0.22968774213184817,0.9057022630804336,0.4239143907099417,-0.4470937929852106,-0.8944870822287473,0.9655071658143369,0.26037648273445607,0.5027907197793007,-0.8644081744776669,-0.7036774074790072,-0.71051960296928,-0.869232816457475,0.4944029842076256,0.25102184062589256,0.9679814231320707,0.9999531843608729,0.009676212407246544,0.269706745460114,-0.9629425068265048,-0.8595025968555497,-0.5111313784131887,-0.7172952716008724,0.696769325773624,0.4859689570525667,0.873976071057578
2024-12-05,57.0,17664.51,0.0,0,0,Lazada,0.0,0,18657.0,9879.92,12369.7,1786.1,16728.0,8646.239999999998,12701.627142857144,0.7738680054529092,-0.053196655410837845,0.0,-0.9749279121817959,-0.22252093395643613,0.4338837391177831,-0.9009688679023108,0.7818314824677962,0.6234898018590265,0.44709379298513874,-0.8944870822287831,-0.7998392447397527,0.6002142805483238,0.9837979515735211,-0.17928075881070976,-0.9601498736715708,-0.27948563485171596,0.969843196967293,0.24372971360968762,0.4727592092862844,-0.8811916534074793,-0.7393922635959257,-0.6732748922501812,-0.833182938589187,0.5529974600700143,0.33324938558228856,0.9428387173896855,0.995628493206329,-0.09340183893101381,0.1520791094393307,-0.9883683242962312,-0.9214960976269823,-0.3883876183122259,-0.601271069373477,0.7990451183346754,0.6284008465466114,0.7778896940180543
2024-12-06,14.0,4302.51,0.0,0,0,Lazada,0.0,0,26449.0,2228.2799999999997,17648.0,13646.0,1329.65,19188.769999999997,16475.75857142857,0.8131442730439453,-0.8373280653332829,0.0,-0.7818314824679881,0.6234898018587859,-0.9749279121818534,-0.2225209339561839,-0.43388373911712447,-0.900968867902628,0.25467112024125355,-0.9670277247913138,-0.49254806795390904,0.8702852410301299,0.6979441547663986,-0.7161521883143396,-0.8573146280763851,0.5147928015097428,0.9738922359149926,0.2270108209414177,0.4421681519670706,-0.8969321743510072,-0.7731383255706019,-0.6342374393978063,-0.7931896839451824,0.6089746507720512,0.41301304294128843,0.910725110206355,0.9807065438204121,-0.195485740932228,0.03224895228928787,-0.9994798672690928,-0.9660648215530222,-0.2582997494341167,-0.47086328873608446,0.8822061909330714,0.7522826980987338,0.6588404527207549
2024-12-07,15.0,4519.09,0.0,0,0,Lazada,0.0,1,4302.51,8019.0,7280.43,12579.61,3031.5,19485.088571428572,15522.509285714286,0.44908687636864847,0.05033805848214179,0.0,3.138066912872848e-14,1.0,6.276133825745696e-14,1.0,3.2151568282941753e-13,1.0,0.05147875477031329,-0.9986740898848322,-0.10282099713729417,0.9946998756145959,0.15389057670407544,-0.9880878960910751,-0.20455206612607046,0.9788556850953851,0.9776530844816645,0.2102247521189817,0.41105375468703165,-0.9116111071930254,-0.8048257371083424,-0.5935111901961188,-0.7494423368521903,0.6620696215153873,0.48972307812388893,0.8718780343332795,0.9553461622632816,-0.2954889342239731,-0.08804825782461628,-0.9961162102355577,-0.992366008614674,-0.12332763253294375,-0.3291915385199802,0.944263168278234,0.8539575894445988,0.5203426135057266
2024-12-08,15.0,5169.26,0.0,0,0,Lazada,0.0,1,20209.0,18657.0,13867.0,16390.0,10513.0,21151.73,14556.842142857144,0.5060867964782787,-0.7442100054431193,0.0,0.7818314824680273,0.6234898018587368,0.9749279121818255,-0.22252093395630626,0.433883739118184,-0.9009688679021177,-0.15389057670404058,-0.9880878960910805,0.304114832327477,0.9526353808033956,-0.4470937929850563,-0.8944870822288243,0.5794210982044937,0.8150283375168611,0.981124629771712,0.19337647441020617,0.3794528437245449,-0.9252110782893578,-0.8343701235229491,-0.5512045872199346,-0.7021479494046987,0.7120310787787122,0.5628123335824861,0.8265847065893709,0.9198172790502261,-0.392347006055403,-0.20707028853383233,-0.9783260681421687,-0.9999023237537765,0.013976514293553201,-0.17964488371030943,0.9837315262594309,0.9304241352383168,0.36648455433487287
2024-12-09,13.0,4384.04,0.0,0,0,Lazada,0.0,0,20515.0,56261.0,4243.88,13618.0,16409.0,19632.122857142855,14695.223571428573,0.5133118451192539,-0.7863007555447233,0.0,0.9749279121818325,-0.22252093395627565,-0.4338837391174865,-0.9009688679024536,-0.7818314824679624,0.6234898018588181,-0.35275208654907664,-0.9357168190405005,0.6601521206712027,0.7511319308705455,-0.8826787983255469,-0.4699767430273212,0.9917226741360916,0.12839835514662779,0.9843058444990332,0.17647097349152085,0.3474028211842759,-0.9377159910299099,-0.8616928164028533,-0.5074302810827498,-0.6515303615067997,0.758622559666412,0.6317404220940674,0.775180004316681,0.8744980560685723,-0.48502901968056317,-0.3230933755523379,-0.9463670908660106,-0.9885312610933423,0.15101637606963783,-0.025800772391548668,0.9996671046623469,0.9794250862518021,0.201808078184819
2024-12-10,22.0,6853.25,0.0,0,0,Lazada,0.0,0,19674.0,4302.51,2228.2799999999997,2597.23,14750.0,11253.271428571428,15221.020714285714,1.1137686364683277,-0.6516595506760191,0.0,0.43388373911762596,-0.9009688679023864,-0.7818314824681237,0.6234898018586158,0.9749279121818233,-0.22252093395631584,-0.5366961939915859,-0.843775559823195,0.9057022630804569,0.423914390709892,-0.9917226741361082,0.12839835514649953,0.7678804460366443,-0.640593178698122,0.9871957872910083,0.15951325197263796,0.31494162072895465,-0.9491110448902275,-0.8867210630829925,-0.4623048304798119,-0.5978291414589597,0.8016235510652385,0.6959977221267408,0.7180439894563481,0.8198708615029229,-0.5725484874300647,-0.43443718749485605,-0.9007021317403214,-0.9584678386132283,0.28520063524488637,0.12866054379811437,0.9916886933254677,0.9995139620968315,0.031174341588776206
2024-12-11,32.0,9267.19,0.0,0,0,Lazada,0.0,0,11168.0,5169.26,18657.0,1452.0,10413.09,12284.507142857141,16718.11857142857,0.8743680951362643,-0.1702014684813753,0.0,-0.43388373911745826,-0.9009688679024672,0.7818314824678916,0.6234898018589069,-0.9749279121818002,-0.222520933956417,-0.6979441547663326,-0.716152188314404,0.9996684675143123,0.025747913655018936,-0.7338853664321915,0.6792733388973013,0.05147875477040723,-0.9986740898848274,0.9897936029670716,0.1425083279161714,0.2821076626819204,-0.9593827529490739,-0.9093882203647905,-0.4159483918249464,-0.541298452103619,0.8408305333122876,0.755109145738988,0.6555990985513448,0.7565171356105692,-0.6539738706764817,-0.5394891616674059,-0.841992544173284,-0.9102805323268036,0.4139919715004521,0.2800440484743419,0.9599871514317785,0.9900977505087131,-0.14037964395732833
2024-12-12,64.0,19028.33,0.0,1,0,Lazada,0.0,0,9267.19,20515.0,17664.51,10735.0,17786.0,12869.925714285711,16047.417857142858,0.6007463513110823,1.0533009466731555,0.0,-0.9749279121818416,-0.22252093395623548,0.4338837391174123,-0.9009688679024893,0.7818314824678977,0.6234898018588992,-0.8296770135526116,-0.5582437220268757,0.9263239682515049,-0.3767278936351608,-0.2045520661262393,0.9788556850953498,-0.697944154766306,-0.71615218831443,0.992098522791769,0.1254612333527359,0.24893980855376546,-0.9685189578512207,-0.9296339319682664,-0.368484399307787,-0.4822058478963506,0.8760579434344292,0.8086376511543124,0.5883070194512696,0.6851112019949256,-0.7284384949335587,-0.6367278583821927,-0.7710886034432272,-0.8448805268402643,0.5349550405091231,0.42472835251600716,0.9053208417843026,0.9514544127333381,-0.3077897017287269
2024-12-13,38.0,12293.869999999999,0.0,0,0,Lazada,0.0,0,45407.0,19674.0,26449.0,12369.7,4896.62,18517.967142857142,15369.547857142858,0.30870229307881786,-0.7292516572334662,0.0,-0.7818314824681433,0.6234898018585913,-0.9749279121817426,-0.22252093395666928,-0.43388373911727107,-0.9009688679025574,-0.9263239682514908,-0.3767278936351953,0.6979441547663593,-0.7161521883143779,0.4004539056512883,0.9163169044869952,-0.9996684675143143,0.025747913654944502,0.9941098647022416,0.10837701279187772,0.21547731504673334,-0.9765088461966184,-0.9474042892438853,-0.3200392362231363,-0.4208310085956616,0.9071390534005016,0.8561874740402977,0.5166652778119452,0.6064130902482727,-0.7951497745554231,-0.7247449955623055,-0.6890171923888356,-0.7635044855580937,0.6458025244087163,0.5592523247663472,0.8289974892865696,0.884724678268276,-0.4661139814070111
2024-12-14,11.0,2892.13,0.0,0,0,Lazada,0.0,1,27510.0,18228.0,4519.09,10481.97,16715.0,20414.62714285714,16016.145,0.21366376377582644,-0.8948698655034533,0.0,9.819457696096006e-15,1.0,1.963891539219201e-14,1.0,-4.252889777981761e-13,1.0,-0.9837979515735148,-0.17928075881074446,0.3527520865491115,-0.9357168190404873,0.8573146280763185,0.5147928015098537,-0.6601521206712586,0.7511319308704963,0.9958270335100594,0.0912607217293124,0.1817597875913764,-0.98334296133889,-0.9626519747161484,-0.2707418984477653,-0.3574644155648634,0.9339267592294754,0.8974070536021558,0.44120355862696475,0.5212604463582804,-0.8533976488497999,-0.8022658445149554,-0.5969669293392268,-0.6676911663367027,0.7444383832097413,0.6803978890506076,0.7328428976086737,0.7918783711724209,-0.610678839709805
2024-12-15,16.0,5477.0,0.0,0,1,Lazada,0.0,1,25095.0,19028.33,20515.0,30967.0,3684.4300000000003,19698.332857142854,16284.129285714287,0.6582885475268443,-0.7817493524606496,0.0,0.7818314824680137,0.6234898018587537,0.974927912181835,-0.2225209339562642,0.4338837391180374,-0.9009688679021883,-0.9996684675143133,0.02574791365498172,-0.05147875477033287,-0.9986740898848312,0.9970175264485326,-0.07717546212656921,0.10282099713733318,0.9946998756145918,0.9972495210773451,0.07411742515094356,0.1478271334705289,-0.9890132145779885,-0.9753363880767827,-0.2207236509605068,-0.2924059769510743,0.9562942772197729,0.9319916318560569,0.36247978998874414,0.4305596169818824,-0.9025621398133288,-0.8681676914867158,-0.49627095367211105,-0.5592523247663383,0.8289974892865756,0.7852670068439856,0.6191572723971575,0.675656261972901,-0.7372168036994319
2024-12-16,15.0,4967.07,0.0,0,0,Lazada,0.0,0,28487.0,12293.869999999999,19674.0,9879.92,13334.0,15345.28571428571,16931.62642857143,1.046650741535759,-0.8256373082458666,0.0,0.9749279121818373,-0.22252093395625464,-0.43388373911744765,-0.9009688679024723,-0.7818314824678609,0.6234898018589453,-0.9732643737003835,0.22968774213179094,-0.44709379298510543,-0.8944870822287998,0.7678804460366092,-0.6405931786981642,0.799839244739708,0.6002142805483834,0.9983769064671418,0.0569521960340414,0.11371951458595295,-0.9935128947338002,-0.9854237542919508,-0.17011767832049954,-0.22596360824802547,0.9741357440046705,0.9596855068649507,0.28107601803313415,0.33527600248403416,-0.942119951045686,-0.9214960976269936,-0.3883876183121988,-0.44023845527734035,0.8978808954950658,0.8713510040136409,0.4906601958631044,0.5394891616674207,-0.8419925441732745
2024-12-17,17.0,6184.3,0.0,0,0,Lazada,0.0,0,4967.07,27510.0,6853.25,4243.88,4051.3,14298.599999999997,15881.13142857143,0.9048449397249144,0.2450599649290226,0.0,0.4338837391176454,-0.9009688679023771,-0.7818314824681506,0.623489801858582,0.9749279121819895,-0.22252093395558775,-0.9057022630804726,0.42391439070985826,-0.7678804460365967,-0.6405931786981792,0.25467112024129146,-0.9670277247913038,0.9837979515735182,-0.1792807588107252,0.9992088560679753,0.03977011384605648,0.07947729992362249,-0.9968366760893435,-0.9928872135356948,-0.11905873003406249,-0.15845177496083931,0.9873667175937011,0.9802839232770879,0.1975941035670865,0.23642378142123768,-0.9716500376053524,-0.9614787218710185,-0.27487936879524594,-0.31290001787995947,0.9497860700235191,0.936590583203978,0.3504255690637205,0.38739664612232555,-0.921913140471039
2024-12-18,15.0,4211.1,0.0,0,0,Lazada,0.0,0,15643.0,5662.0,11168.0,2228.2799999999997,10501.0,13073.624285714284,15648.70642857143,1.0099611218630682,-0.7307997187240298,0.0,-0.43388373911764366,-0.900968867902378,0.7818314824681483,0.623489801858585,-0.9749279121818364,-0.22252093395625838,-0.7998392447397197,0.6002142805483678,-0.9601498736716014,-0.27948563485161054,-0.3527520865490932,-0.9357168190404943,0.5366961939916024,-0.8437755598231844,0.9997451236925734,0.02257626304154491,0.04514101777397078,-0.9989806246941579,-0.9977068927101168,-0.06768276175455279,-0.09019000427034284,0.9959245770286601,0.9936345861898652,0.1126512721956366,0.135055115840348,-0.9908380875225529,-0.9875365065492301,-0.15739011478661047,-0.17964488371030848,0.983731526259431,0.9794250862518022,0.20180807818481802,0.22386840046374648,-0.9746193817454092
2024-12-19,17.0,5465.0,0.0,0,0,Lazada,0.0,0,21870.0,28487.0,45407.0,18657.0,10459.0,14410.924285714284,16086.676428571429,0.4603794099732324,-0.7501143118427069,0.0,-0.9749279121817862,-0.22252093395647818,0.4338837391178608,-0.9009688679022734,0.781831482467999,0.623489801858772,-0.6601521206712306,0.7511319308705209,-0.9917226741361012,0.12839835514655396,-0.8296770135525897,-0.5582437220269082,-0.2546711202412346,-0.9670277247913188,0.9999855506507186,0.005375731557585752,0.010751307763525666,-0.9999422030204416,-0.9998699583618591,-0.016126573270663365,-0.021501372740821263,0.9997688187627479,0.9996387871459103,0.026875550849303837,0.0322489522893153,-0.9994798672690919,-0.9992920637248697,-0.037621421776575584,-0.042992804053736844,0.9990753819405206,0.9988298281778683,0.04836294389478498,0.05373168610975265,-0.998555409533093
2024-12-20,7.0,2206.0,0.0,0,0,Lazada,0.0,0,12483.0,6184.3,27510.0,56261.0,12405.0,12195.771428571428,13247.185714285715,0.6091607937787235,-0.8232796603380598,0.0,-0.7818314824680149,0.6234898018587521,-0.9749279121818342,-0.22252093395626796,-0.4338837391174176,-0.9009688679024868,-0.49254806795386125,0.870285241030157,-0.8573146280763286,0.5147928015098369,-0.9996684675143128,0.025747913654999365,-0.8826787983255542,-0.4699767430273073,0.9999300657962057,-0.011826390691832053,-0.023651127245230517,-0.9997202729664083,-0.9993706508539967,0.03547255575313061,0.047289022771130215,0.9988812483600599,0.9982521339365448,-0.0590988755488184,-0.07090046226092166,-0.9974833955766821,-0.9965751408026857,0.0826921322382428,0.09447223619870769,0.9955274966507031,0.9943406096530532,-0.10623912647793414,-0.11799115725971651,-0.9930146458177306
2024-12-21,10.0,3465.9,0.0,0,0,Lazada,0.0,1,2206.0,15643.0,2892.13,26449.0,3928.93,11627.442857142856,11439.757142857143,0.47225428239506556,0.5711242067089755,0.0,-2.391154291797685e-13,1.0,-4.78230858359537e-13,1.0,-2.6259893665284145e-13,1.0,-0.30411483232756664,0.952635380803367,-0.579421098204647,0.8150283375167521,-0.7998392447397432,0.6002142805483364,-0.9444892287837284,0.3285423819106415,0.9995786855478959,-0.02902501332197226,-0.0580255693287744,-0.9983150972033187,-0.9962102997023295,0.08697723131368759,0.11585560376946664,0.9932660666081432,0.9894848788166601,-0.14463635294482324,-0.1732952273485751,-0.9848699224660106,-0.9794250862518057,0.20180807818480173,0.2301508797012194,0.9731549581504247,0.9660648215530268,-0.25829974943409967,-0.2862309683321842,-0.958160650813641
2024-12-22,10.0,3075.79,0.0,0,0,Lazada,0.0,1,10213.0,19514.0,25095.0,4519.09,12579.61,10745.271428571426,11805.812142857143,0.23578709160192307,-0.6988357975129736,0.0,0.7818314824680003,0.6234898018587706,0.9749279121818447,-0.22252093395622216,0.43388373911789085,-0.9009688679022589,-0.10282099713735267,0.9946998756145898,-0.2045520661261856,0.978855685095361,-0.30411483232749564,0.9526353808033896,-0.40045390565123795,0.9163169044870172,0.9989315138848578,-0.04621504698370649,-0.0923313336953875,-0.9957283388645876,-0.990397320035256,0.13825031091097986,0.18387385105132026,0.982949849636062,0.9734018427044338,-0.22910445787808856,-0.2738454748405508,-0.9617737030660348,-0.948090279732374,0.31800129162786245,0.36147754848579783,0.9323808137991138,0.9146788759587139,-0.40418133786074734,-0.44602140294066345,-0.8950222947607743
2024-12-23,10.0,3523.7999999999997,0.0,0,0,Lazada,0.0,0,20257.0,12483.0,4967.07,20515.0,1993.8899999999999,9492.241428571428,10307.154285714287,0.6196263977402585,-0.8260453176679666,0.0,0.974927912181842,-0.22252093395623362,-0.4338837391174088,-0.900968867902491,-0.7818314824683266,0.6234898018583614,0.10282099713737022,0.9946998756145881,0.20455206612622015,0.9788556850953538,0.3041148323274919,0.9526353808033908,0.4004539056513027,0.9163169044869889,0.9979887423155984,-0.06339140486950963,-0.12652781683868164,-0.9919630595773398,-0.981947190186647,0.18915526872003544,0.2510218406258798,0.967981423132074,0.950121935926236,-0.31187867331990116,-0.3714809692572779,-0.9284405686309024,-0.903024534879232,0.42958897728659995,0.48596895705254356,0.8739760710575908,0.8414120250581678,-0.5403941192199571,-0.5926455377376212,-0.8054633862564368
2024-12-24,2.0,611.9,0.0,1,0,Lazada,0.0,0,3523.7999999999997,2206.0,6184.3,4384.04,13618.0,8212.355714285712,10204.063571428573,0.6191874587336363,-0.8263522333844145,0.0,0.4338837391176648,-0.9009688679023677,-0.7818314824681775,0.6234898018585484,0.9749279121817509,-0.22252093395663305,0.30411483232747516,0.9526353808033962,0.5794210982044905,0.8150283375168633,0.7998392447397409,0.6002142805483395,0.9444892287836023,0.3285423819110043,0.9967506498213932,-0.0805490042187387,-0.16057454459498788,-0.9870237158387393,-0.9708824104813824,0.239556559120932,0.31698176735051653,0.9484316312562245,0.9198172790502257,-0.3923470060554039,-0.4651624991319125,-0.8852253099642788,-0.8448805268402789,0.5349550405090999,0.6012710693734629,0.799045118334686,0.7480169550331417,-0.6636796177245063,-0.7217751111067682,-0.6921276536787218
2024-12-25,9.0,3143.1,0.0,1,0,Lazada,0.0,0,11920.0,3075.79,19514.0,18228.0,15817.0,8768.212857142855,9756.742142857143,1.8947189645408589,-0.7363171140939597,0.0,-0.4338837391174194,-0.900968867902486,0.7818314824678377,0.6234898018589743,-0.9749279121818726,-0.2225209339560998,0.4925480679538766,0.8702852410301483,0.8573146280763468,0.5147928015098067,0.9996684675143127,0.025747913655003257,0.882678798325521,-0.46997674302736964,0.9952176027737296,-0.09768276782171412,-0.19443122004765828,-0.9809161537413782,-0.9572324433233116,0.28931997761869666,0.381441449072785,0.9243930013415582,0.8827119303086002,-0.46991451147082597,-0.5538929381563816,-0.8325879011014337,-0.7745003397565765,0.632573492739735,0.7052036118889297,0.709004841858508,0.6367278583822056,-0.7710886034432165,-0.8295982910008712,-0.55836070381827
2024-12-26,7.0,2204.0,0.0,0,0,Lazada,0.0,0,15369.0,20257.0,5465.0,9267.19,1452.0,8866.971428571427,8123.034999999999,1.732640691787448,-0.8565944433600104,0.0,-0.9749279121818321,-0.22252093395627753,0.43388373911748995,-0.9009688679024519,0.7818314824675335,0.6234898018593559,0.6601521206712438,0.7511319308705092,0.9917226741361056,0.12839835514651893,0.8296770135526553,-0.5582437220268106,0.25467112024116634,-0.9670277247913368,0.9933900548258937,-0.11478762552212649,-0.22805777122151877,-0.9736476020539842,-0.9410336347451207,0.3383130181923048,0.4440958041592157,0.8959793059709468,0.8390802290175616,-0.5440076922910524,-0.6367278583821935,-0.7710886034432265,-0.692903271082618,0.7210305520038717,0.7958013007903671,0.605557833456359,0.5102069876723284,-0.8600516436414319,-0.9129321980697829,-0.40811126145632737
2024-12-27,25.0,8311.1,0.0,0,0,Lazada,0.0,0,22159.0,611.9,2206.0,45407.0,5247.74,8950.142857142855,8581.249285714284,3.1728488140588627,-0.6249334356243512,0.0,-0.7818314824681701,0.6234898018585575,-0.9749279121817235,-0.22252093395675335,-0.4338837391175642,-0.9009688679024161,0.7998392447396963,0.6002142805483991,0.9601498736716233,-0.27948563485153527,0.3527520865490968,-0.9357168190404929,-0.5366961939914702,-0.8437755598232686,0.991268546778726,-0.131858515717388,-0.26141439851115,-0.9652266636656147,-0.9223291176290567,0.38640522612098016,0.5046482954181415,0.8633250245021074,0.7892447672427593,-0.6140787387460362,-0.7127855825108395,-0.7013820024527884,-0.6012710693734982,0.7990451183346595,0.8713510040136274,0.4906601958631283,0.3714809692573189,-0.928440568630886,-0.9693168624606853,-0.24581460524015464
2024-12-28,15.0,5272.7,0.0,0,0,Lazada,0.0,1,14325.0,11920.0,10213.0,27510.0,24685.0,11061.599999999997,9792.977857142858,1.5453688022635512,-0.6319232111692845,0.0,-3.3302965169168946e-14,1.0,-6.660593033833789e-14,1.0,-9.990889550750684e-14,1.0,0.9057022630804801,0.42391439070984227,0.767880446036574,-0.6405931786982063,-0.2546711202411777,-0.9670277247913338,-0.9837979515735309,-0.17928075881065572,0.9888537064205887,-0.14889038685645276,-0.2944616217867972,-0.9556633054034717,-0.9011686968561609,0.433468545348528,0.5628123335824751,0.8265847065893783,0.7335740047067919,-0.6796095788159844,-0.7812565682797373,-0.6242100403868621,-0.5009308193361761,0.8654873276017316,0.9304241352383071,0.3664845543348975,0.2238684004637455,-0.9746193817454094,-0.9970878407382755,-0.07626164076312071
2024-12-29,14.0,5073.07,0.0,0,0,Lazada,0.0,1,5272.7,3143.1,3075.79,2892.13,10481.97,10111.98571428571,9440.099285714285,1.645148238862399,-0.037861057902023654,0.0,0.7818314824681286,0.6234898018586096,0.9749279121817531,-0.22252093395662348,0.43388373911774425,-0.9009688679023294,0.9732643737003877,0.22968774213177376,0.44709379298507385,-0.8944870822288156,-0.7678804460366067,-0.6405931786981672,-0.7998392447396656,0.6002142805484398,0.9861462483415946,-0.16587819893463418,-0.32716032712210036,-0.9449688462364039,-0.8776087166898384,0.4793776594606958,0.6183126337097913,0.7859322407147206,0.6724795445732301,-0.7401157086095261,-0.8414120250581593,-0.5403941192199703,-0.3933357220160629,0.9193949150316758,0.9719036673475131,0.23537897398972285,0.07090046226093728,-0.997483395576681,-0.9954253493144553,0.09554252426116204
2024-12-30,8.0,2657.0,0.0,1,0,Lazada,0.0,0,10935.0,22159.0,3523.7999999999997,5477.0,30967.0,10984.552857142855,8636.262142857142,-0.026441905514531343,-0.757018747142204,0.0,0.9749279121818468,-0.22252093395621259,-0.43388373911736994,-0.9009688679025097,-0.7818314824682251,0.6234898018584886,0.9996684675143123,0.0257479136550209,0.05147875477041115,-0.9986740898848272,-0.9970175264485236,-0.07717546212668645,-0.10282099713748913,0.9946998756145757,0.9831469737221504,-0.18281692498501675,-0.35947181308841725,-0.9331559438780456,-0.8517119107469204,0.5240103253675731,0.6708865180801487,0.741560031189852,0.606413090248272,-0.7951497745554237,-0.8926116709398623,-0.45082635781634034,-0.2800440484743579,0.9599871514317738,0.9950052545447325,0.09982255971658872,-0.08376355348523196,-0.9964856582548124,-0.9643784639967425,0.26452632795108233
2024-12-31,10.0,3594.0,0.0,0,1,Lazada,0.0,0,6887.0,14325.0,7244.0,4967.07,9879.92,7995.109999999999,9022.569285714286,0.11858791122070976,-0.47814723391897773,0.0,0.4338837391174794,-0.900968867902457,-0.7818314824679209,0.6234898018588702,0.9749279121819171,-0.22252093395590497,0.9837979515735218,-0.17928075881070588,-0.3527520865490381,-0.935716819040515,-0.8573146280763205,0.5147928015098503,0.6601521206711408,0.7511319308705998,0.9798567700958661,-0.19970155256606523,-0.391357836561029,-0.9202385798054061,-0.8235472349556043,0.5672476988027175,0.7202851594252753,0.6936780875245417,0.5358631057005667,-0.8443048809221365,-0.9343105477678151,-0.35646009640604287,-0.16269657176440622,0.9866761502824062,0.9992920637248692,-0.037621421776588324,-0.23642378142122245,-0.9716500376053562,-0.9048636712981666,0.42570146389788643
2025-01-01,2.0,741.0,0.0,1,0,Lazada,0.0,0,9283.0,5073.07,3143.1,15643.0,12453.0,7035.009999999997,8573.497857142856,0.30894842166477327,-0.920176667025746,0.0,-0.43388373911739997,-0.9009688679024953,0.7818314824678109,0.623489801859008,-0.9749279121817064,-0.22252093395682784,0.9263239682515055,-0.376727893635159,-0.6979441547663032,-0.7161521883144326,-0.40045390565129185,0.9163169044869937,0.9996684675143102,0.025747913655101224,0.9762766110869331,-0.21652708524480996,-0.42278065798266906,-0.9062320427107736,-0.7931896839451904,0.6089746507720406,0.7662747586044782,0.6425130304714828,0.4613512039905745,-0.8872175982116491,-0.9660648215530153,-0.25829974943414225,-0.042992804053707465,0.9990753819405218,0.9846830346495345,-0.17435401134870288,-0.3834282907116383,-0.9235706501843546,-0.8186378142731402,0.5743101331528947
2025-01-02,12.0,4372.9,0.0,0,0,Lazada,0.0,0,741.0,10816.0,15369.0,4211.1,2228.2799999999997,6416.142857142855,8401.919285714286,0.8474208779968812,4.9013495276653165,0.0,-0.9749279121818272,-0.22252093395629854,0.4338837391175288,-0.9009688679024332,0.781831482468202,0.6234898018585177,0.8296770135526335,-0.5582437220268431,-0.9263239682514753,-0.37672789363523346,0.2045520661262355,0.9788556850953506,0.6979441547664182,-0.7161521883143205,0.9724075561219968,-0.23328854407545532,-0.45370308603134446,-0.8911529104063087,-0.7607200913564099,0.6490800741100402,0.808637651154313,0.5883070194512688,0.3834282907116519,-0.9235706501843489,-0.9875365065492302,-0.1573901147866095,0.07733361695683795,0.9970052716452271,0.9514544127333375,-0.30778970172872877,-0.5212604463582428,-0.8533976488498228,-0.7082462315032678,0.7059654917638819
2025-01-03,15.0,5175.59,0.0,0,0,Lazada,0.0,0,20095.0,6887.0,8311.1,5465.0,18657.0,9198.414285714283,8698.483571428571,1.116934708111936,-0.7424438915153023,0.0,-0.7818314824680419,0.6234898018587185,-0.9749279121818151,-0.22252093395635203,-0.43388373911771083,-0.9009688679023456,0.6979441547663607,-0.7161521883143765,-0.9996684675143144,0.025747913654940575,0.7338853664321888,0.6792733388973042,-0.05147875477025066,-0.9986740898848354,0.9682507501166715,-0.24998096907265352,-0.4840885216389784,-0.8750190302029941,-0.7262249146041564,0.6874571793269643,0.8471733374738801,0.5313166064347766,0.30267049085568887,-0.9530952596488854,-0.9984970627014775,-0.054805253183628305,0.19654003584495214,0.9804958002511102,0.9002345254572914,-0.43540532745326543,-0.6466230339778879,-0.7628097088587895,-0.5769476201403168,0.8167811479303527
2025-01-04,18.0,5978.53,0.0,0,0,Lazada,0.0,1,5175.59,3594.0,14325.0,12483.0,17664.51,8953.927142857141,8474.51857142857,1.2074042844555777,0.15513980048651455,0.0,-5.486417660180142e-14,1.0,-1.0972835320360284e-13,1.0,6.278114563782779e-14,1.0,0.5366961939916189,-0.8437755598231739,-0.9057022630804901,0.423914390709821,0.9917226741361077,0.12839835514650338,-0.7678804460365439,-0.6405931786982425,0.963807423136732,-0.2665994206792892,-0.5139010013093025,-0.8578494977869348,-0.6897960046655831,0.7240037789593359,0.8816994317707761,0.47181152170659246,0.2196748892188968,-0.9755731356729056,-0.9988298281778677,0.048362943894797714,0.31290001787997157,0.9497860700235151,0.8319919011832156,-0.5547877759698192,-0.756517135610559,-0.6539738706764936,-0.42861784100775463,0.9034858860933308
2025-01-05,10.0,3242.8,0.0,0,0,Lazada,0.0,1,13839.0,4372.9,10816.0,10213.0,4302.51,13092.145714285713,9754.144285714285,0.648312176462148,-0.765676710744996,0.0,0.7818314824679734,0.6234898018588042,0.9749279121818638,-0.2225209339561381,0.4338837391175977,-0.9009688679024,0.35275208654911333,-0.9357168190404866,-0.6601521206712615,0.7511319308704937,0.8826787983255486,-0.46997674302731773,-0.9917226741361117,0.12839835514647233,0.959078890034113,-0.2831389812281839,-0.5431052396834323,-0.8396646346181322,-0.6515303615068098,0.7586225596664035,0.9120525252759647,0.4100733972568031,0.13505511584034702,-0.990838087522553,-0.9885312610933463,0.15101637606961166,0.42472835251603464,0.9053208417842897,0.7480169550331222,-0.6636796177245283,-0.8483138696949971,-0.5294937001354213,-0.26763550537877256,0.9635202313707009
2025-01-06,21.0,6343.47,0.0,0,0,Lazada,0.0,0,20020.0,20095.0,2657.0,14745.0,20209.0,13016.988571428568,9862.130000000001,0.7933819567536837,-0.6831433566433567,0.0,0.9749279121818011,-0.22252093395641326,-0.4338837391177408,-0.9009688679023311,-0.7818314824681237,0.6234898018586158,0.15389057670407932,-0.9880878960910744,-0.30411483232755165,0.9526353808033717,0.4470937929851615,-0.8944870822287718,-0.5794210982046215,0.8150283375167703,0.9540665500578382,-0.2995947563972616,-0.5716666713027077,-0.820485963878531,-0.6115298757991161,0.7912213413483724,0.9380889596420668,0.3463944338433641,0.04943680911327578,-0.998777253397722,-0.9677109772087604,0.2520624220102353,0.5304054598463336,0.8477440935596068,0.6498975881398483,-0.7600217924046705,-0.9198172790502199,-0.39234700605541745,-0.09875272084581012,0.995112003809395
2025-01-07,29.0,9783.93,0.0,0,0,Lazada,0.0,0,24643.0,5978.53,3594.0,3523.7999999999997,20515.0,13833.542857142853,11393.735,1.2032552619814803,-0.6029732581260399,0.0,0.43388373911770367,-0.9009688679023491,-0.7818314824682313,0.6234898018584809,0.9749279121818809,-0.22252093395606357,-0.05147875477033091,-0.9986740898848313,0.10282099713732928,0.9946998756145923,-0.15389057670407158,-0.9880878960910756,0.20455206612613958,0.9788556850953707,0.9487718864399476,-0.31596187665790176,-0.599551491519647,-0.8003361849976337,-0.5699010576127641,0.8217133225960578,0.9596855068649509,0.2810760180331332,-0.03654700988811503,-0.9993319348786158,-0.9365905832039835,0.35042556906370587,0.6284008465465916,0.7778896940180704,0.5394891616674191,-0.8419925441732755,-0.9693168624606855,-0.24581460524015367,0.0730451882110358,0.997328632136476
2025-01-08,25.0,8455.2,0.0,0,0,Lazada,0.0,0,15952.0,13839.0,741.0,7244.0,19674.0,13403.45714285714,12312.23,0.8810192628658405,-0.4699598796389167,0.0,-0.4338837391175854,-0.900968867902406,0.7818314824680676,0.6234898018586862,-0.9749279121817426,-0.22252093395666925,-0.25467112024121563,-0.9670277247913238,0.4925480679538408,0.8702852410301686,-0.6979441547663144,-0.7161521883144217,0.8573146280763044,0.5147928015098772,0.9431964659565865,-0.33223549871590446,-0.6267266965083302,-0.7792391467859885,-0.5267547528105597,0.8500173118186983,0.9767399525103049,0.21442729576751052,-0.1222606176654452,-0.9924980309139478,-0.8955013179435097,0.44505886078297235,0.7172952716008806,0.6967693257736156,0.41887941336974266,-0.9080418696596652,-0.9956284932063301,-0.09340183893100112,0.2426868445825548,0.9701046827361277
2025-01-09,6.0,1902.8,0.0,0,0,Lazada,0.0,0,19711.0,20020.0,19416.0,3143.1,18228.0,14986.942857142854,13958.822857142859,0.31241393304494236,-0.9034650702653341,0.0,-0.9749279121818224,-0.22252093395631958,0.43388373911756767,-0.9009688679024145,0.7818314824677364,0.6234898018591015,-0.44709379298510366,-0.8944870822288007,0.7998392447397056,0.6002142805483865,-0.9837979515735203,-0.1792807588107136,0.9601498736716145,-0.2794856348515654,0.9373419384643769,-0.34841080694468196,-0.6531601223269319,-0.7572198192083112,-0.48220584789634974,0.8760579434344297,0.9891715794849555,0.14676370920373472,-0.20707028853383425,-0.9783260681421684,-0.8448805268402632,0.5349550405091248,0.7958013007903678,0.6055578334563583,0.29034898008825794,-0.9569208273215232,-0.998122745686608,0.06124528180216793,0.40516452242074075,0.9142437912130292
2025-01-10,11.0,3898.4,0.0,0,0,Lazada,0.0,0,18473.0,24643.0,5175.59,2204.0,9267.19,14131.561428571427,12592.022857142858,1.1292307822877032,-0.7889676825637417,0.0,-0.7818314824680553,0.6234898018587016,-0.9749279121818054,-0.22252093395639408,-0.433883739117038,-0.9009688679026696,-0.6206094818274155,-0.7841198065767162,0.9732643737003782,0.2296877421318138,-0.9057022630804834,0.4239143907098352,0.44709379298514745,-0.8944870822287788,0.9312100364121951,-0.36448301481029033,-0.6788204829862341,-0.7343042638296033,-0.43637296410459187,0.8997658785476211,0.996921550063325,0.07840550375667157,-0.29034898008824483,-0.9569208273215272,-0.7852670068439953,0.6191572723971451,0.8627819522593714,0.5055762087514678,0.15632827267719374,-0.9877051539613251,-0.9767399525103078,0.2144272957674971,0.5556819724760097,0.831394939523432
2025-01-11,7.0,2367.5699999999997,0.0,0,0,Lazada,0.0,1,3898.4,9783.93,5978.53,22159.0,19028.33,11168.047142857142,12500.795,1.1592724458815058,-0.3926816129694234,0.0,-7.64253880344339e-14,1.0,-1.528507760688678e-13,1.0,2.2547118678316243e-13,1.0,-0.7678804460365953,-0.6405931786981808,0.983797951573519,-0.1792807588107213,-0.492548067953834,0.8702852410301725,-0.3527520865490675,-0.935716819040504,0.9248025743285089,-0.38044736628785175,-0.703677407479013,-0.7105196029692743,-0.3893781415452042,0.9210779895789514,0.999953184360873,0.009676212407230374,-0.37148096925727886,-0.928440568630902,-0.7172952716008901,0.6967693257736058,0.9172671631198595,0.39827245882943635,0.019351518818324403,-0.9998127418269003,-0.9319916318560623,0.3624797899887304,0.6897960046655731,0.7240037789593453
2025-01-12,14.0,4840.55,0.0,0,0,Lazada,0.0,1,15365.0,19711.0,3242.8,5272.7,27510.0,10040.252857142854,11337.297857142858,1.335656682848478,-0.6849625772860397,0.0,0.78183148246796,0.6234898018588211,0.9749279121818735,-0.22252093395609604,0.4338837391174511,-0.9009688679024707,-0.8826787983255182,-0.4699767430273748,0.8296770135526882,-0.5582437220267618,0.10282099713734488,0.9946998756145906,-0.9263239682514015,-0.376727893635415,0.9181214482844375,-0.3962991372689158,-0.7277014757264202,-0.685893987599826,-0.3413465142450431,0.9399375283564109,0.9982521339365447,-0.05909887554881938,-0.4498664046667579,-0.8930958615692969,-0.6416887978251243,0.7669651144255172,0.9584678386132237,0.28520063524490136,-0.11799115725971845,-0.9930146458177304,-0.8649482509584377,0.5018610596210263,0.8035476485338804,0.5952404359044096
2025-01-13,13.0,4501.4,0.0,0,0,Lazada,0.0,0,15973.0,18473.0,6343.47,10816.0,5662.0,9925.931428571426,11162.351428571428,0.4466259951620328,-0.7181869404620297,0.0,0.9749279121818565,-0.22252093395617056,-0.4338837391172922,-0.9009688679025472,-0.7818314824680223,0.623489801858743,-0.9601498736716009,-0.27948563485161243,0.5366961939916057,-0.8437755598231823,0.6601521206712674,0.7511319308704886,-0.9057022630804767,0.42391439070984943,0.9111686353326637,-0.41203363695942524,-0.7508642533989474,-0.6604565640279771,-0.29240597695107334,0.9562942772197731,0.9918264497026021,-0.1275942540647171,-0.5249257416559491,-0.8511480281049542,-0.5592523247663367,0.8289974892865767,0.9857872803589407,0.16799832702298925,-0.2531027120229204,-0.9674394126593369,-0.7772136184407481,0.6292368324488318,0.8935790198239832,0.44890593149390373
2025-01-14,18.0,6341.07,0.0,0,0,Lazada,0.0,0,4501.4,3898.4,24643.0,10935.0,25095.0,7929.988571428569,11030.775,0.6177197223926856,0.4086884080508286,0.0,0.43388373911751826,-0.9009688679024384,-0.7818314824679746,0.6234898018588028,0.9749279121818446,-0.2225209339562222,-0.9970175264485266,-0.07717546212664737,0.1538905767040638,-0.9880878960910768,0.9732643737003818,0.22968774213179854,-0.3041148323275218,0.9526353808033813,0.9039461929224011,-0.4276462092677746,-0.7731383255706026,-0.6342374393978055,-0.24268684458259565,0.9701046827361174,0.9807065438204117,-0.19548574093222995,-0.5961040271552037,-0.8029072105849767,-0.4708632887360568,0.8822061909330862,0.9988298281778684,0.048362943894783024,-0.38342829071163925,-0.9235706501843541,-0.6708865180801589,0.7415600311898428,0.9572324433233117,0.2893199776186962
2025-01-15,13.0,4606.8,0.0,0,1,Lazada,0.0,0,36102.0,15365.0,8455.2,3594.0,4967.07,13355.28857142857,11204.21357142857,0.5072577435747665,-0.8723948811700183,0.0,-0.4338837391173611,-0.900968867902514,0.7818314824677571,0.6234898018590754,-0.9749279121817788,-0.22252093395651062,-0.9917226741361087,0.12839835514649564,-0.2546711202411209,-0.9670277247913488,0.9263239682514723,-0.37672789363524073,0.49254806795367023,0.870285241030265,0.8964562582905585,-0.4431322341826324,-0.7944973291665964,-0.6072676460566172,-0.1923215052390986,0.9813319716704269,0.9649450457625367,-0.2624520121057102,-0.6628750027453261,-0.7487300786901672,-0.3774624838618179,0.9260248772451347,0.9974065903329598,-0.07197286683451955,-0.5065035376636288,-0.8622378826833282,-0.5485105018003702,0.8361436655352392,0.9926289059345056,0.12119346147076786
2025-01-16,1.0,379.7,0.0,0,0,Lazada,0.0,0,12534.0,15973.0,1902.8,741.0,15643.0,12917.46714285714,10416.685,0.38385562396484074,-0.9697063985958194,0.0,-0.9749279121818176,-0.2225209339563406,0.4338837391176065,-0.9009688679023958,0.7818314824678378,0.6234898018589743,-0.9444892287836603,0.32854238191083773,-0.6206094818274277,-0.7841198065767065,0.5366961939915925,-0.8437755598231907,0.9732643737003854,0.22968774213178328,0.8887010478292919,-0.45848712914008677,-0.814915984166078,-0.5795791048257628,-0.14144406768794845,0.989946248902377,0.9446165532223619,-0.3281761224987349,-0.7247449955623069,-0.6890171923888342,-0.28004404847435693,0.9599871514317742,0.9815381791978466,-0.19126631375382325,-0.6200011953692692,-0.7846008652433907,-0.4130130429413018,0.9107251102063489,0.9987235240803976,-0.05051061718521656
2025-01-17,7.0,2247.6,0.0,0,0,Lazada,0.0,0,9154.0,6341.07,3898.4,19416.0,19514.0,11354.509999999997,9642.249285714284,3.621503803408398,-0.754467992134586,0.0,-0.7818314824680688,0.6234898018586847,-0.9749279121817959,-0.22252093395643613,-0.43388373911718453,-0.900968867902599,-0.8573146280763296,0.5147928015098352,-0.8826787983255523,-0.4699767430273108,-0.051478754770305474,-0.9986740898848326,0.8296770135526071,-0.5582437220268821,0.8806828564301475,-0.4737063503796799,-0.8343701235229537,-0.5512045872199278,-0.09019000427035602,0.9959245770286589,0.9198172790502198,-0.3923470060554179,-0.7812565682797558,-0.6242100403868392,-0.17964488371033452,0.9837315262594263,0.9514544127333372,-0.30778970172872966,-0.7217751111067892,-0.6921276536786998,-0.2676355053787716,0.9635202313707012,0.9753363880767794,-0.22072365096052116
2025-01-18,8.0,2879.6000000000004,0.0,0,0,Lazada,0.0,1,18703.0,36102.0,8564.0,5175.59,5465.0,11961.014285714282,10691.151428571427,4.101140454706518,-0.8460353953911137,0.0,-9.798659946706637e-14,1.0,-1.9597319893413275e-13,1.0,-5.213334738444312e-13,1.0,-0.7338853664322328,0.6792733388972567,-0.997017526448519,-0.07717546212674509,-0.62060948182744,-0.7841198065766968,0.1538905767042575,-0.9880878960910466,0.8724040568049626,-0.48878539428899026,-0.8528367217694566,-0.5221776766595126,-0.03869579017652806,0.999251037438848,0.8906645958869801,-0.4546609479969469,-0.8319919011831922,-0.5547877759698543,-0.07733361695682328,0.9970052716452282,0.9075909860952625,-0.4198554536487875,-0.809900819026584,-0.5865668447330351,-0.11585560376949439,0.99326606660814,0.9231578729647081,-0.3844210472688455
2025-01-19,9.0,2134.5,0.0,0,0,Lazada,0.0,1,18005.0,12534.0,4840.55,22768.0,2206.0,9128.98571428571,10473.694285714286,4.604396054349266,-0.8814495973340739,0.0,0.7818314824679465,0.623489801858838,0.974927912181883,-0.222520933956054,0.43388373911812395,-0.9009688679021467,-0.579421098204556,0.8150283375168168,-0.944489228783655,0.3285423819108525,-0.9601498736715938,-0.2794856348516369,-0.6206094818274523,-0.784119806576687,0.8638670987837356,-0.5037197987363328,-0.8702939222685661,-0.4925327287220568,0.012901459949415826,0.9999167727021953,0.8572964806503168,-0.5148230222752096,-0.8765758813305107,-0.4812636743715845,0.025800772391533,0.9996671046623472,0.8505831615778865,-0.5258405511561153,-0.8827119303085937,-0.46991451147083807,0.03869579017650113,0.9992510374388491,0.8437282590292632,-0.5367705514607229
2025-01-20,4.0,704.92,0.0,0,0,Lazada,0.0,0,11938.0,9154.0,4501.4,3242.8,10213.0,9294.52857142857,9992.190714285713,1.9634141963410403,-0.9409515831797621,0.0,0.9749279121818106,-0.2225209339563712,-0.4338837391176631,-0.9009688679023685,-0.7818314824679208,0.6234898018588702,-0.40045390565125594,0.9163169044870093,-0.7338853664321835,0.67927333889731,-0.9444892287836499,0.3285423819108673,-0.9970175264485303,-0.07717546212660045,0.8550745085896934,-0.5185051443911569,-0.8867210630829929,-0.462304830479811,0.06446435710735443,0.9979200101524849,0.8198708615029218,-0.5725484874300664,-0.914678875958708,-0.4041813378607608,0.12866054379808908,0.9916886933254709,0.7812565682797636,-0.6242100403868293,-0.9388316432829665,-0.3443764590830863,0.1923215052390861,0.9813319716704293,0.739392263595935,-0.673274892250171
2025-01-21,12.0,4213.5,0.0,0,0,Lazada,0.0,0,704.92,2247.6,6341.07,20020.0,3075.79,8087.51714285714,9721.013571428572,2.78223448334737,4.97727401690972,0.0,0.43388373911774253,-0.9009688679023303,-0.781831482468285,0.6234898018584135,0.9749279121818084,-0.2225209339563808,-0.20455206612624316,0.978855685095349,-0.40045390565134575,0.9163169044869701,-0.5794210982046695,0.8150283375167362,-0.7338853664323166,0.6792733388971661,0.8460288880917352,-0.533137056031807,-0.9020987014301817,-0.43152975897147566,0.11585560376946762,0.9932660666081431,0.7785648703932949,-0.6275641342440402,-0.9460191696320103,-0.3241106766040911,0.2301508797012213,0.9731549581504242,0.7006152447379203,-0.7135392622980351,-0.9771987776823832,-0.21232651482105638,0.3413465142450178,0.93993752835642,0.6132298262997425,-0.7899045386224766
2025-01-22,4.0,1231.6,0.0,0,0,Lazada,0.0,0,9500.0,2879.6000000000004,36102.0,24643.0,20257.0,7053.645714285712,9507.33,1.9120937160652163,-0.8703578947368421,0.0,-0.4338837391175465,-0.9009688679024247,0.7818314824680137,0.6234898018587537,-0.9749279121818151,-0.22252093395635203,1.5685382719271533e-14,1.0,3.1370765438543066e-14,1.0,4.7056148157814606e-14,1.0,6.274153087708613e-14,1.0,0.8367329140344929,-0.54761120384023,-0.9164086366943446,-0.4002439388573082,0.16693835946505858,0.9859673342150412,0.7335740047068009,-0.6796095788159746,-0.9703650471118338,-0.24164369502151026,0.3291915385199922,0.9442631682782298,0.6098270977059497,-0.7925344856241513,-0.9970878407382735,-0.07626164076314709,0.48220584789632615,0.8760579434344427,0.4689651910076508,-0.8832166493127027
2025-01-23,15.0,4896.05,0.0,0,0,Lazada,0.0,0,11829.0,2134.5,12534.0,15952.0,611.9,5935.931428571427,7532.458571428571,2.4331403949078654,-0.5860977259278045,0.0,-0.9749279121817622,-0.2225209339565833,0.4338837391180551,-0.9009688679021798,0.7818314824679392,0.6234898018588471,0.20455206612616258,0.9788556850953658,0.4004539056511949,0.9163169044870361,0.5794210982044682,0.8150283375168793,0.733885366432093,0.6792733388974078,0.8271893372462517,-0.5619233046832165,-0.9296339319682667,-0.3684843993077861,0.21757660514827712,0.9760432474496972,0.6851112019949241,-0.72843849493356,-0.9875365065492304,-0.15739011478660853,0.4247283525160098,0.9053208417843014,0.5102069876723266,-0.8600516436414329,-0.9981227456866096,0.06124528180214054,0.6115298757991172,0.7912213413483715,0.3108569682434995,-0.9504567035349164
2025-01-24,5.0,1680.58,0.0,0,0,Lazada,0.0,0,10986.0,4213.5,2247.6,1902.8,3143.1,7573.735714285713,7830.626428571428,1.2474531863238705,-0.8470253049335518,0.0,-0.7818314824680822,0.6234898018586679,-0.9749279121817862,-0.22252093395647815,-0.43388373911733114,-0.9009688679025284,0.4004539056512326,0.9163169044870195,0.7338853664321489,0.6792733388973474,0.9444892287836435,0.3285423819108858,0.9970175264485381,-0.07717546212649887,0.8174009818249205,-0.5760691233798736,-0.9417589340994598,-0.33628873017668803,0.26763550537877306,0.9635202313707008,0.6334058321617172,-0.7738197799123014,-0.9974065903329588,-0.07197286683453225,0.5157444481311396,0.8567424725212975,0.40319768608710227,-0.9151129033807831,-0.9802839232770962,0.1975941035670452,0.7262249146041573,0.6874571793269632,0.1435724234118378,-0.9896398128792374
2025-01-25,6.0,2023.8,0.0,0,0,Lazada,0.0,1,1680.58,9500.0,18703.0,18473.0,15369.0,7211.8899999999985,7790.125,1.097391681185639,0.20422711206845268,0.0,1.0782586454353321e-13,1.0,2.1565172908706642e-13,1.0,-3.5864343269909657e-13,1.0,0.5794210982045815,0.8150283375167986,0.9444892287836757,0.32854238191079327,0.9601498736716311,-0.27948563485150896,0.620609481827354,-0.7841198065767649,0.8073707443023501,-0.5900444739548615,-0.9527692922168502,-0.3036950375106615,0.31698176735053096,0.9484316312562197,0.5787026118776056,-0.8155386483827958,-0.9999023237537765,0.01397651429355614,0.6012710693734872,0.7990451183346677,0.2903489800882842,-0.9569208273215152,-0.9439086918125122,0.33020657401207476,0.823547234955581,0.5672476988027514,-0.027950298240209313,-0.9996093140964041
2025-01-26,7.0,1728.08,0.0,0,0,Lazada,0.0,1,9966.0,4896.05,2134.5,8564.0,8311.1,7292.918571428569,6614.425000000001,0.5864712041289418,-0.8266024483243026,0.0,0.7818314824679331,0.6234898018588548,0.9749279121818927,-0.22252093395601197,0.43388373911715794,-0.9009688679026119,0.7338853664321768,0.6792733388973172,0.9970175264485317,-0.07717546212658094,0.6206094818274553,-0.7841198065766847,-0.15389057670393214,-0.9880878960910974,0.7971015927871965,-0.6038452208771006,-0.9626519747161467,-0.2707418984477712,0.36548399581331076,0.9308176238148566,0.5212604463582908,-0.8533976488497935,-0.9950052545447368,0.0998225597165468,0.6803978890506097,0.7328428976086717,0.17329522734858863,-0.9848699224660082,-0.8896848787211186,0.4565750941247108,0.9011686968561615,0.43346854534852675,-0.19864794288013965,-0.9800709131432729
2025-01-27,14.0,4847.4,0.0,0,0,Lazada,0.0,0,1728.08,10360.0,11938.0,15365.0,14325.0,6840.351428571426,6585.3949999999995,0.6849122049980744,1.805078468589417,0.0,0.9749279121818154,-0.2225209339563502,-0.43388373911762423,-0.9009688679023873,-0.7818314824683864,0.6234898018582863,0.8573146280763165,0.5147928015098571,0.8826787983255763,-0.46997674302726583,0.051478754770438555,-0.9986740898848258,-0.8296770135525503,-0.5582437220269667,0.7865965660866036,-0.6174672802835496,-0.9713952846837489,-0.23746831555847292,0.4130130429412773,0.91072511020636,0.4613512039905862,-0.887217598211643,-0.9827515893084887,0.18493056456854146,0.7522826980987176,0.6588404527207733,0.05373168610972134,-0.9985554095330946,-0.8186378142731554,0.574310133152873,0.9572324433233119,0.28931997761869527,-0.36348161248290045,-0.931601372576721
2025-01-28,5.0,1808.5,0.0,0,0,Lazada,0.0,0,9934.0,2023.8,9500.0,4501.4,10816.0,7985.182857142855,7598.536428571429,0.9319949126236652,-0.8179484598349104,0.0,0.43388373911755707,-0.9009688679024196,-0.7818314824680284,0.6234898018587354,0.9749279121819746,-0.22252093395565273,0.9444892287836705,0.3285423819108081,0.6206094818273785,-0.7841198065767454,-0.53669619399148,-0.8437755598232622,-0.9732643737003566,0.2296877421319054,0.7758587728069815,-0.630906621187672,-0.9789888737409327,-0.20391367068311053,0.4594423522174386,0.8882075911569924,0.3992584296048757,-0.9168384298170799,-0.9632319258228752,0.2686712807047957,0.8161603698771074,0.5778254499778142,-0.06661003679001776,-0.9977790852682935,-0.7321109433803347,0.681185412778897,0.9903973200352543,0.1382503109109925,-0.5175855102531572,-0.8556314858488898
2025-01-29,18.0,5648.75,0.0,0,0,Lazada,0.0,0,1808.5,11138.0,1231.6,6341.07,10935.0,7954.425714285712,7049.143571428571,0.5919858543364739,2.123444843793199,0.0,-0.4338837391175271,-0.900968867902434,0.7818314824679868,0.6234898018587873,-0.9749279121818513,-0.2225209339561934,0.991722674136098,0.12839835514657727,0.2546711202412801,-0.9670277247913068,-0.926323968251465,-0.3767278936352588,-0.4925480679539568,0.870285241030103,0.7648913904341251,-0.6441592666722654,-0.985423754291951,-0.1701176783204986,0.5046482954181546,0.8633250245020996,0.3352760024840323,-0.9421199510456867,-0.9365905832039831,0.35042556906370675,0.8713510040136423,0.49066019586310183,-0.18598706431514792,-0.9825521929686143,-0.6317404220941001,0.7751800043166543,0.9998699583618591,-0.01612657327066484,-0.6564105761979296,-0.7544038410927546
2025-01-30,22.0,7474.9,0.0,0,0,Lazada,0.0,0,17211.0,4847.4,10360.0,4606.8,3594.0,9220.949999999999,8030.6507142857145,0.6024199987414895,-0.5656905467433618,0.0,-0.9749279121818081,-0.22252093395638264,0.43388373911768424,-0.9009688679023584,0.7818314824680407,0.6234898018587199,0.9970175264485286,-0.07717546212662198,-0.1538905767040135,-0.9880878960910847,-0.9732643737004124,0.22968774213166884,0.30411483232742476,0.9526353808034123,0.7536976643929134,-0.6572212950663325,-0.9906923101615611,-0.13612033862266545,0.5485105018003595,0.8361436655352462,0.2697067454601248,-0.9629425068265018,-0.9030245348792311,0.42958897728660167,0.9172671631198599,0.39827245882943546,-0.3026704908556767,-0.9530952596488893,-0.5194241791627796,0.8545165429066149,0.985423754291953,-0.170117678320487,-0.7758587728069561,-0.6309066211877032
2025-01-31,1.0,361.0,0.0,0,1,Lazada,0.0,0,10822.0,9934.0,1680.58,379.7,741.0,8819.592857142856,7812.857857142857,0.24756037150181495,-0.9666420255036038,0.0,-0.7818314824679539,0.6234898018588287,-0.9749279121818778,-0.22252093395607686,-0.4338837391174777,-0.9009688679024579,0.9601498736715921,-0.2794856348516426,-0.5366961939916587,-0.8437755598231487,-0.6601521206712821,0.7511319308704756,0.9057022630805299,0.42391439070973574,0.7422809070869807,-0.6700888411055128,-0.9947883056093274,-0.10196189005174153,0.5909121786151527,0.8067358905889175,0.20286099168259297,-0.9792075459541532,-0.8627819522593778,0.5055762087514568,0.9534201253498654,0.30164559432858784,-0.4149704215053453,-0.9098349022079094,-0.3972860276706755,0.9176948361071099,0.9474042892438894,-0.32003923622312425,-0.8724040568049534,-0.4887853942890067
2025-02-01,17.0,5511.0599999999995,0.0,0,0,Lazada,0.0,1,12935.0,5648.75,11138.0,2247.6,19416.0,9041.521428571426,8497.97357142857,4.954929875645875,-0.5739420177812138,0.0,-1.4110902233233133e-13,1.0,-2.8221804466466265e-13,1.0,-1.9595339155376192e-13,1.0,0.882678798325557,-0.46997674302730214,-0.8296770135525963,-0.5582437220268984,-0.10282099713747744,0.994699875614577,0.9263239682515255,-0.37672789363511,0.7306444969184918,-0.6827580970759146,-0.9977068927101168,-0.0676827617545518,0.631740422094069,0.7751800043166797,0.13505511584034605,-0.9908380875225532,-0.8161603698771306,0.5778254499777813,0.9794250862518029,0.20180807818481517,-0.5212604463582929,-0.8533976488497922,-0.2676355053787707,0.9635202313707014,0.8867210630829918,-0.4623048304798132,-0.9431964659565708,-0.3322354987159491
2025-02-02,27.0,8206.73,0.0,1,0,Lazada,0.0,1,5511.0599999999995,8838.0,9966.0,18703.0,20095.0,9021.851428571426,8096.049285714286,4.944150485503814,0.48913820571723043,0.0,0.7818314824680614,0.6234898018586938,0.9749279121818011,-0.22252093395641326,0.4338837391178308,-0.9009688679022878,0.7678804460366117,-0.6405931786981612,-0.9837979515735098,-0.17928075881077143,0.49254806795381695,0.8702852410301821,0.35275208654916285,-0.935716819040468,0.7187918772884226,-0.6952253139408727,-0.999444617091986,-0.033323525711629755,0.67088651808016,0.7415600311898418,0.0666100367900295,-0.9977790852682927,-0.7635044855580918,0.6458025244087187,0.9950052545447357,0.09982255971655848,-0.6200011953692922,-0.7846008652433725,-0.1329242031560859,0.9911262059976619,0.8048257371083499,-0.5935111901961085,-0.9861462483415915,-0.16587819893465278
2025-02-03,17.0,5688.16,0.0,0,0,Lazada,0.0,0,7820.0,10822.0,16259.0,2134.5,22768.0,8887.969999999998,9242.138571428572,4.856720511617134,-0.272613810741688,0.0,0.9749279121818708,-0.2225209339561075,-0.4338837391171757,-0.9009688679026033,-0.781831482468285,0.6234898018584135,0.6206094818274355,-0.7841198065767004,-0.9732643737003899,0.2296877421317642,0.9057022630804269,0.4239143907099559,-0.4470937929850563,-0.8944870822288243,0.7067265555776171,-0.7074868024503335,-0.9999994220246925,0.0010751512827944902,0.7082462315032481,0.7059654917639017,-0.002150301322767194,-0.9999976880994382,-0.7052036118889595,0.7090048418584782,0.9999947982262414,-0.0032254488771048667,-0.7097626326391755,-0.7044409168334183,0.004300592702968715,0.9999907524084426,0.7036774074790263,-0.710519602969261,-0.9999855506507188,0.005375731557531364
2025-02-04,13.0,4402.7300000000005,0.0,0,0,Lazada,0.0,0,21522.0,12935.0,1808.5,704.92,3242.8,11177.564285714283,9314.792857142858,0.3029826188415535,-0.7954311866926865,0.0,0.4338837391175765,-0.9009688679024103,-0.7818314824680552,0.6234898018587016,0.974927912181736,-0.22252093395669803,0.4470937929851264,-0.8944870822287894,-0.7998392447397362,0.6002142805483458,0.9837979515735239,-0.17928075881069433,-0.9601498736715861,-0.2794856348516632,0.6944521021088768,-0.7195389342325835,-0.9993706508539969,0.03547255575312449,0.7437200839287376,0.668491164310368,-0.07090046226090943,-0.997483395576683,-0.6416887978251236,0.7669651144255178,0.9943406096530529,-0.10623912647793705,-0.7892447672427341,-0.6140787387460688,0.1414440676879368,0.9899462489023787,0.5856957398073519,-0.8105309990194816,-0.9843058444990378,0.17647097349149532
2025-02-05,38.0,11045.460000000001,0.0,0,0,Lazada,0.0,0,36465.0,8206.73,8838.0,9500.0,6343.47,14380.66,11701.255714285715,1.2558498736287511,-0.6970941999177294,0.0,-0.43388373911750766,-0.9009688679024435,0.78183148246796,0.6234898018588211,-0.9749279121816851,-0.2225209339569215,0.2546711202412403,-0.9670277247913173,-0.49254806795388517,0.8702852410301435,0.6979441547664098,-0.7161521883143287,-0.8573146280763568,0.5147928015097899,0.6819721490904623,-0.7313781428679259,-0.9975590477788612,0.06982797572987248,0.7772136184407311,0.6292368324488528,-0.13931505795483404,-0.9902481076109367,-0.5734296417196528,0.8192548113970833,0.9781028708075138,-0.20812201737946892,-0.8572964806502962,-0.514823022275244,0.27591294500296476,0.9611826292540825,0.45370308603135495,-0.8911529104063033,-0.9395699859530625,0.3423568919945413
2025-02-06,25.0,8299.83,0.0,0,0,Lazada,0.0,0,11045.460000000001,16560.0,17211.0,1231.6,24643.0,14786.192857142856,11858.93142857143,1.0749310865628525,-0.24857543280225547,0.0,-0.9749279121818032,-0.22252093395640365,0.4338837391177231,-0.9009688679023397,0.7818314824681422,0.6234898018585927,0.05147875477035635,-0.99867408988483,-0.10282099713737995,0.9946998756145871,0.15389057670409093,-0.9880878960910726,-0.2045520661262393,0.9788556850953498,0.6692903895412577,-0.7430009249440483,-0.994566756970634,0.10410074893542277,0.8086376511543135,0.5883070194512681,-0.20707028853383522,-0.9783260681421682,-0.5009308193361744,0.8654873276017326,0.951454412733337,-0.3077897017287306,-0.9129321980697609,-0.4081112614563766,0.4051645224207426,0.9142437912130285,0.3108569682435256,-0.9504567035349079,-0.867098552281224,0.49813662847837786
2025-02-07,26.0,8498.3,0.0,0,0,Lazada,0.0,0,34345.0,21522.0,361.0,10360.0,8455.2,18193.002857142856,13173.783571428572,1.0276971390954663,-0.752560780317368,0.0,-0.7818314824681091,0.6234898018586341,-0.974927912181767,-0.22252093395656225,-0.4338837391176243,-0.9009688679023873,-0.15389057670405415,-0.9880878960910784,0.30411483232750314,0.9526353808033873,-0.4470937929850423,-0.8944870822288313,0.5794210982045385,0.8150283375168293,0.6564105761979384,-0.7544038410927468,-0.9903973200352559,0.13825031091098083,0.8379085086871806,0.545810709925726,-0.27384547484055266,-0.9617737030660343,-0.4247283525160204,0.9053208417842964,0.9146788759587128,-0.40418133786075006,-0.9553461622632776,-0.2954889342239862,0.5267547528105496,0.8500173118187045,0.16057454459499948,-0.9870237158387374,-0.769030859258922,0.6392116531380542
2025-02-08,21.0,6171.55,0.0,0,0,Lazada,0.0,1,19124.0,36465.0,5511.0599999999995,1680.58,1902.8,18435.512857142858,14197.090714285716,0.18285638672916676,-0.6772877013177159,0.0,6.470344167826826e-14,1.0,1.2940688335653652e-13,1.0,-3.326335040842729e-14,1.0,-0.3527520865490895,-0.9357168190404956,0.6601521206712233,0.7511319308705273,-0.882678798325486,-0.46997674302743536,0.9917226741360986,0.12839835514657336,0.6433365204044914,-0.7655835170076752,-0.9850556718215012,0.1722362430276827,0.8649482509584313,0.5018610596210373,-0.33932457617529066,-0.940669353175418,-0.3453856460875926,0.9384608438697143,0.8681676914867227,-0.49627095367209917,-0.9839241031140675,-0.17858711966762247,0.638384459174667,0.7697176640069188,0.006450864198121608,-0.9999791929590822,-0.6482618097756973,0.7614175109533124
2025-02-09,1.0,332.5,0.0,0,0,Lazada,0.0,1,19977.0,8299.83,16560.0,11138.0,3898.4,15383.811428571427,15085.002142857144,0.4970369542117968,-0.9833558592381239,0.0,0.7818314824679062,0.6234898018588886,0.9749279121819119,-0.22252093395592787,0.4338837391176842,-0.9009688679023584,-0.5366961939915975,-0.8437755598231875,0.9057022630804684,0.42391439070986714,-0.9917226741361101,0.12839835514648398,0.7678804460366092,-0.6405931786981642,0.6300720909843701,-0.7765366444428644,-0.9785481345802038,0.20601832032516718,0.8896848787211002,0.45657509412474656,-0.4031976860870785,-0.9151129033807937,-0.2634893223187238,0.9646623124306348,0.8124159144869001,-0.5830783668499576,-0.998252133936544,-0.059098875548831115,0.7379428103031285,0.6748632518680514,-0.14782713347050322,-0.9890132145779924,-0.5083564379375219,0.8611467540480394
2025-02-10,7.0,3263.14,0.0,0,0,Lazada,0.0,0,332.5,11271.0,7820.0,9966.0,2367.5699999999997,14245.621428571425,13925.895,1.705033420775896,8.813954887218046,0.0,0.9749279121818251,-0.22252093395630815,-0.4338837391175466,-0.9009688679024247,-0.7818314824681836,0.6234898018585407,-0.6979441547663425,-0.7161521883143943,0.999668467514313,0.025747913654991503,-0.7338853664322793,0.6792733388972064,0.05147875477035242,-0.9986740898848302,0.6166212130956387,-0.7872599821916919,-0.9708824104813838,0.23955655912092605,0.9120525252759593,0.41007339725681513,-0.4651624991319016,-0.8852253099642845,-0.1796448837103056,0.9837315262594316,0.7480169550331398,-0.6636796177245086,-0.9981227456866079,0.061245281802169885,0.8235472349555977,0.5672476988027272,-0.29856881736371044,-0.9543881083175939,-0.35344467127407403,0.9354554315134216
2025-02-11,11.0,2740.99,0.0,0,0,Lazada,0.0,0,24260.0,19124.0,4402.7300000000005,16259.0,4840.55,12201.312857142853,14266.893571428573,1.7488867878930328,-0.8870160758450124,0.0,0.4338837391175959,-0.9009688679024009,-0.7818314824680822,0.6234898018586679,0.9749279121819022,-0.22252093395596995,-0.8296770135526192,-0.5582437220268642,0.9263239682514945,-0.3767278936351862,-0.20455206612625465,0.9788556850953466,-0.6979441547663453,-0.7161521883143916,0.6029878670694707,-0.7977503570459936,-0.9620675724981448,0.2728112643340207,0.9319916318560628,0.36247978998872904,-0.524925741655962,-0.8511480281049462,-0.09447223619872135,0.9955274966507017,0.6756562619728771,-0.7372168036994537,-0.9835378122597297,0.18070244009239225,0.8935790198239969,0.4489059314938766,-0.44216815196705367,-0.8969321743510156,-0.18809941761181373,0.982149993175226
2025-02-12,13.0,3213.84,0.0,0,0,Lazada,0.0,0,24221.0,19977.0,11045.460000000001,1808.5,4501.4,12439.37571428571,13273.62642857143,2.5216887744074374,-0.8673118368358036,0.0,-0.43388373911748823,-0.9009688679024528,0.7818314824679331,0.6234898018588548,-0.9749279121817213,-0.22252093395676287,-0.926323968251496,-0.3767278936351826,0.6979441547663396,-0.7161521883143971,0.40045390565116973,0.9163169044870471,-0.9996684675143128,0.025747913654999368,0.5891760872322979,-0.8080046647350743,-0.9521140536681114,0.30574307646727955,0.9494491062150119,0.31392100074304546,-0.5822045598324418,-0.8130423423846465,-0.00860110586571042,0.9999630098048061,0.5961040271552132,-0.8029072105849697,-0.9547085633518224,0.29754253319937174,0.9467139181463811,0.32207570102062544,-0.575189960711952,-0.8180198708443354,-0.01720157541825113,0.9998520419557737
2025-02-13,11.0,3252.59,0.0,0,0,Lazada,0.0,0,10429.0,3263.14,11271.0,8838.0,10364.0,11486.995714285713,12866.308571428572,1.6254470746645933,-0.6881206251797871,0.0,-0.9749279121817984,-0.22252093395642467,0.43388373911776196,-0.900968867902321,0.7818314824682435,0.6234898018584655,-0.9837979515735172,-0.17928075881073094,0.3527520865490858,-0.9357168190404971,0.8573146280763104,0.5147928015098672,-0.6601521206712173,0.7511319308705325,0.5751899607119783,-0.8180198708443168,-0.9410336347451204,0.3383130181923057,0.9643784639967464,0.2645263279510681,-0.6367278583821949,-0.7710886034432253,0.07733361695681157,0.9970052716452291,0.5102069876723014,-0.8600516436414479,-0.9120525252759637,0.4100733972568053,0.9819471901866448,0.18915526872004698,-0.6944521021088664,-0.7195389342325935,0.15420404756266803,0.9880390233767543
2025-02-14,13.0,3594.34,0.0,1,0,Lazada,0.0,0,20180.0,24260.0,8498.3,7474.9,4606.8,12613.91714285714,11281.779285714287,1.7173668373636155,-0.8218860257680872,0.0,-0.7818314824681225,0.6234898018586172,-0.9749279121817575,-0.2225209339566043,-0.43388373911695144,-0.9009688679027112,-0.9996684675143144,0.02574791365493861,-0.05147875477024674,-0.9986740898848356,0.9970175264485338,-0.07717546212655359,0.10282099713716161,0.9946998756146096,0.5610336262283704,-0.8277930117131004,-0.9288394302558092,0.37048254048209034,0.9767399525103051,0.21442729576750957,-0.6882375836422191,-0.7254853743958726,0.16269657176439364,0.9866761502824083,0.4188794133697408,-0.9080418696596659,-0.8561874740403044,0.5166652778119343,0.9986126020839721,0.05265805692463877,-0.7971015927871793,-0.6038452208771233,0.321057654185275,0.947059651072227
2025-02-15,5.0,1335.94,0.0,0,1,Lazada,0.0,1,17496.0,24221.0,6171.55,361.0,379.7,11769.53857142857,10815.210714285713,1.1451436587450259,-0.923643118427069,0.0,-1.8423144519759628e-13,1.0,-3.6846289039519255e-13,1.0,1.2942669073690735e-13,1.0,-0.9732643737003935,0.22968774213174895,-0.44709379298502827,-0.8944870822288384,0.7678804460366192,-0.6405931786981521,0.7998392447396044,0.6002142805485213,0.5467112728685954,-0.8373211953118112,-0.9155458729775482,0.40221356823680027,0.9865006565801175,0.16375730385847503,-0.7364899449095519,-0.6764484910524416,0.24685662543347134,0.9690520143313252,0.3230933755523509,-0.9463670908660061,-0.7879224882631197,0.6157744331240571,0.9963950238187245,-0.0848348779057495,-0.8806828564301576,-0.47370635037966125,0.4784338202546777,0.8781236129591977
2025-02-16,8.0,2507.43,0.0,0,0,Lazada,0.0,1,1335.94,3213.84,19977.0,12935.0,9154.0,8500.244285714283,10469.81,1.3943172289120376,0.8769031543332781,0.0,0.7818314824680346,0.6234898018587276,0.9749279121818203,-0.2225209339563292,0.43388373911753764,-0.900968867902429,-0.9057022630804668,0.4239143907098707,-0.7678804460366142,-0.6405931786981581,0.2546711202413066,-0.9670277247912998,0.9837979515735085,-0.17928075881077918,0.5322271388474401,-0.8466016020976264,-0.9011686968561573,0.43346854534853535,0.9936345861898654,0.11265127219563466,-0.7812565682797474,-0.6242100403868496,0.32919153851999317,0.9442631682782294,0.22386840046374265,-0.9746193817454101,-0.7082462315032456,0.7059654917639041,0.9753363880767852,-0.22072365096049534,-0.94319646595659,-0.33223549871589453,0.6216868902665471,0.7832658619336798
2025-02-17,14.0,4763.2,0.0,0,0,Lazada,0.0,0,9844.0,3252.59,3263.14,8206.73,18703.0,8315.757142857141,9901.376428571428,1.516159135502212,-0.5161316537992686,0.0,0.9749279121818805,-0.22252093395606545,-0.433883739117098,-0.9009688679026407,-0.7818314824680821,0.6234898018586679,-0.7998392447397457,0.6002142805483333,-0.9601498736715773,-0.27948563485169337,-0.35275208654907847,-0.9357168190404997,0.536696193991748,-0.8437755598230918,0.5175855102531915,-0.8556314858488691,-0.8857249183835667,0.4642104791518866,0.9981227456866081,0.06124528180216646,-0.8223255775192023,-0.5690172620911517,0.4090925658019616,0.9124928890712342,0.12226061766545687,-0.9924980309139464,-0.6183126337097782,0.7859322407147309,0.9358348973350032,-0.35243871088457923,-0.9831469737221445,-0.1828169249850483,0.7465881145323918,0.6652865452111354
2025-02-18,36.0,10660.2,0.0,0,0,Lazada,0.0,0,18908.0,17496.0,2740.99,5688.16,2134.5,8514.79571428571,9088.237857142858,0.7007631727516311,-0.43620689655172407,0.0,0.43388373911761535,-0.9009688679023915,-0.7818314824681091,0.6234898018586341,0.974927912181866,-0.22252093395612854,-0.6601521206712629,0.7511319308704923,-0.9917226741361121,0.1283983551464684,-0.8296770135525809,-0.5582437220269212,-0.2546711202410678,-0.9670277247913628,0.5027907197793059,-0.8644081744776639,-0.869232816457481,0.4944029842076149,0.9999531843608731,0.009676212407229394,-0.8595025968555372,-0.5111313784132098,0.4859689570525461,0.8739760710575895,0.019351518818322443,-0.9998127418269004,-0.5194241791627788,0.8545165429066154,0.8786374941610081,-0.47748942800282435,-0.9995786855478963,-0.029025013321958174,0.8494504794814773,0.5276683455625212
2025-02-19,20.0,6645.38,0.0,0,0,Lazada,0.0,0,21286.0,2507.43,3213.84,4402.7300000000005,704.92,10388.261428571426,9444.252857142856,0.7515785838400636,-0.6878051301324815,0.0,-0.4338837391176737,-0.9009688679023635,0.7818314824681898,0.623489801858533,-0.9749279121817575,-0.22252093395660427,-0.4925480679538493,0.8702852410301638,-0.8573146280763145,0.5147928015098604,-0.9996684675143162,0.025747913654870037,-0.8826787983255799,-0.4699767430272589,0.4878471454423127,-0.8729290708206406,-0.8517119107469199,0.524010325367574,0.9991210282680496,-0.04191862202643515,-0.8926116709398633,-0.4508263578163386,0.5592523247663269,0.8289974892865832,-0.08376355348526321,-0.9964856582548097,-0.41301304294130003,0.9107251102063497,0.8048257371083494,-0.5935111901961093,-0.9920985227917682,0.12546123335274284,0.9272375462179399,0.3744736744869175
2025-02-20,43.0,15026.8,0.0,0,0,Lazada,0.0,0,6645.38,9844.0,10429.0,36465.0,4213.5,10979.39714285714,9689.362857142856,0.5137654424194598,1.2612401397662736,0.0,-0.9749279121817936,-0.2225209339564457,0.43388373911780076,-0.9009688679023022,0.7818314824677779,0.6234898018590493,-0.30411483232755354,0.9526353808033712,-0.5794210982046247,0.815028337516768,-0.7998392447397527,0.6002142805483238,-0.9444892287837104,0.32854238191069335,0.4727592092862804,-0.8811916534074814,-0.833182938589182,0.5529974600700218,0.99562849320633,-0.09340183893100258,-0.9214960976269893,-0.3883876183122092,0.6284008465466152,0.7778896940180513,-0.18598706431514886,-0.9825521929686141,-0.3006203491140766,0.9537438889442651,0.7157953492826827,-0.6983101158835394,-0.9608854255574989,0.27694620226893196,0.9776530844816618,0.21022475211899477
2025-02-21,18.0,4908.27,0.0,0,0,Lazada,0.0,0,20932.0,4749.0,20180.0,8299.83,1231.6,14029.62571428571,11280.592142857144,0.5347050359472572,-0.7655135677431684,0.0,-0.7818314824679942,0.6234898018587782,-0.974927912181849,-0.22252093395620298,-0.433883739117098,-0.9009688679026407,-0.10282099713739556,0.9946998756145854,-0.20455206612627,0.9788556850953434,-0.3041148323276189,0.9526353808033503,-0.40045390565139605,0.9163169044869481,0.45753137607425287,-0.8891934772070703,-0.8136678304456013,0.5813300798152012,0.9894848788166619,-0.14463635294481111,-0.946019169632006,-0.3241106766041036,0.6929032710825883,0.7210305520039002,-0.2862309683321607,-0.9581606508136481,-0.18387385105134577,0.9829498496360572,0.6132298262997634,-0.7899045386224604,-0.906686072097793,0.4218060770826752,0.9992088560679736,0.03977011384609822
2025-02-22,10.0,3065.1,0.0,0,0,Lazada,0.0,1,12723.0,10660.2,17496.0,34345.0,4896.05,13168.80714285714,10841.801428571429,0.290105459432075,-0.759089837302523,0.0,2.1581018813003303e-14,1.0,4.3162037626006606e-14,1.0,2.9211673188224195e-13,1.0,0.10282099713738387,0.9946998756145866,0.204552066126247,0.9788556850953481,0.304114832327477,0.9526353808033956,0.40045390565135297,0.9163169044869669,0.4421681519670697,-0.8969321743510076,-0.7931896839451812,0.6089746507720527,0.9807065438204114,-0.1954857409322309,-0.9660648215530232,-0.25829974943411294,0.7522826980987183,0.6588404527207726,-0.38342829071164103,-0.9235706501843534,-0.06446435710737937,0.9979200101524832,0.4990686026885138,-0.866562478884549,-0.8307970168121236,0.556575526641332,0.9912685467787278,-0.13185851571737478
2025-02-23,12.0,4200.95,0.0,0,0,Lazada,0.0,1,12512.0,6645.38,2507.43,19124.0,10986.0,10830.364285714284,10609.312857142857,0.5913727703100141,-0.6642463235294118,0.0,0.7818314824680211,0.6234898018587445,0.9749279121818298,-0.22252093395628714,0.4338837391182105,-0.900968867902105,0.3041148323274882,0.952635380803392,0.5794210982045129,0.8150283375168474,0.7998392447396633,0.600214280548443,0.9444892287836203,0.3285423819109525,0.42667408318992756,-0.9044054548342988,-0.7717727365467877,0.6358984534680695,0.9693168624606886,-0.24581460524014134,-0.9815381791978444,-0.19126631375383477,0.8061001043286171,0.5917792002101734,-0.47654448379677306,-0.879150359701267,0.05587875690535644,0.9984375616565675,0.3754703786876452,-0.9268343944460392,-0.7350336741329472,0.6780306024735318,0.9540665500578529,-0.29959475639721495
2025-02-24,22.0,6828.32,0.0,0,0,Lazada,0.0,0,13480.0,20932.0,4763.2,19977.0,2023.8,10260.188571428569,10989.992857142859,0.600105901662746,-0.49344807121661727,0.0,0.9749279121818346,-0.2225209339562661,-0.43388373911746886,-0.9009688679024621,-0.7818314824679807,0.6234898018587951,0.4925480679538391,0.8702852410301696,0.8573146280763024,0.5147928015098806,0.9996684675143123,0.025747913655018932,0.882678798325602,-0.46997674302721737,0.411053754687034,-0.9116111071930243,-0.7494423368521936,0.6620696215153834,0.9553461622632808,-0.29548893422397593,-0.9923660086146727,-0.12332763253295397,0.8539575894446013,0.5203426135057225,-0.5645884386042848,-0.8253725795023577,0.17541259380426286,0.9844950085880886,0.2447723008972492,-0.9695805901076333,-0.621686890266541,0.7832658619336845,0.8887010478293013,-0.45848712914006856
2025-02-25,5.0,1865.6599999999999,0.0,0,0,Lazada,0.0,0,17368.0,12723.0,18908.0,3263.14,9966.0,10025.338571428569,12038.858571428571,0.5750061711775949,-0.8925806080147398,0.0,0.4338837391176348,-0.9009688679023822,-0.7818314824681359,0.6234898018586005,0.9749279121818298,-0.22252093395628716,0.6601521206712115,0.7511319308705378,0.9917226741360946,0.12839835514660447,0.8296770135526641,-0.5582437220267976,0.25467112024133315,-0.9670277247912928,0.39531178876491924,-0.9185469991587147,-0.7262249146041605,0.6874571793269597,0.9388316432829706,-0.34437645908307524,-0.9984970627014769,-0.05480525318364054,0.8955013179434919,0.4450588607830083,-0.6466230339778685,-0.7628097088588061,0.2924059769510631,0.9562942772197763,0.10944576864895168,-0.9939927684469542,-0.4934681416772391,0.8697638720650636,0.797101592787226,-0.6038452208770616
2025-02-26,12.0,3017.94,0.0,0,0,Lazada,0.0,0,12121.0,4200.95,6645.38,2740.99,16259.0,10566.989999999996,10698.677142857141,1.4270146394660266,-0.7510155927728736,0.0,-0.4338837391174494,-0.9009688679024714,0.7818314824678794,0.6234898018589222,-0.9749279121817936,-0.22252093395644565,0.7998392447397045,0.6002142805483881,0.9601498736716156,-0.27948563485156164,0.3527520865491115,-0.9357168190404873,-0.5366961939915165,-0.8437755598232392,0.3794528437245473,-0.9252110782893568,-0.7021479494047024,0.7120310787787085,0.9198172790502194,-0.3923470060554188,-0.9999023237537766,0.013976514293542911,0.9304241352383081,0.3664845543348948,-0.7217751111067905,-0.6921276536786983,0.40516452242074347,0.9142437912130281,-0.02795029824018286,-0.9996093140964047,-0.3534446712740997,0.9354554315134118,0.6819721490904824,-0.7313781428679071
2025-02-27,11.0,3363.89,0.0,0,0,Lazada,0.0,0,8129.0,6828.32,20932.0,3213.84,1808.5,9633.559999999998,9946.874285714284,1.3401607467793035,-0.586186492803543,0.0,-0.9749279121818394,-0.22252093395624503,0.43388373911742995,-0.9009688679024809,0.7818314824678794,0.6234898018589222,0.9057022630804619,0.42391439070988135,0.7678804460366293,-0.6405931786981401,-0.25467112024116256,-0.9670277247913378,-0.9837979515735,-0.17928075881082542,0.3634816124829048,-0.9316013725767194,-0.6772399381909465,0.7357622347736549,0.8983536994820152,-0.43927284303377695,-0.9965751408026855,0.08269213223824573,0.9584678386132243,0.2852006352448995,-0.789244767242752,-0.6140787387460456,0.5120551783114541,0.8589525565270907,-0.16481784665720806,-0.986324022531785,-0.20496611396949077,0.9787690698649226,0.5467112728685948,-0.8373211953118116
2025-02-28,13.0,3749.59,0.0,0,1,Lazada,0.0,0,3363.89,17368.0,4908.27,10429.0,5648.75,9138.641428571425,8692.009285714284,1.1360370762839926,0.11465892166509617,0.0,-0.7818314824681494,0.6234898018585836,-0.9749279121817382,-0.22252093395668837,-0.4338837391172446,-0.9009688679025701,0.9732643737003778,0.22968774213181573,0.44709379298515095,-0.894487082228777,-0.7678804460365967,-0.6405931786981792,-0.7998392447397691,0.600214280548302,0.3474028211842816,-0.9377159910299078,-0.651530361506809,0.7586225596664041,0.8744980560685709,-0.4850290196805657,-0.988531261093346,0.1510163760696136,0.9794250862518031,0.2018080781848142,-0.8483138696949987,-0.5294937001354187,0.6115298757990963,0.7912213413483877,-0.29856881736368424,-0.9543881083176021,-0.05158436686941454,0.9986686402879995,0.39531178876494455,-0.9185469991587039
2025-03-01,4.0,1463.0,0.0,0,0,Lazada,0.0,1,12631.0,12121.0,12512.0,3594.34,7474.9,10709.488571428568,10666.167857142858,0.9291610772942259,-0.8841738579684902,0.0,1.9807380370827447e-17,1.0,3.9614760741654893e-17,1.0,-4.5468792874535165e-13,1.0,0.9996684675143126,0.025747913655007185,0.05147875477038375,-0.9986740898848286,-0.9970175264485224,-0.07717546212670208,-0.10282099713743453,0.9946998756145814,0.33122122780168617,-0.9435531242349545,-0.6250496486104371,0.780584996507087,0.8483138696949963,-0.5294937001354225,-0.9758087555546681,0.2186258735439382,0.9931409302238691,0.11692344809347714,-0.8983536994820046,-0.4392728430337985,0.7021479494046904,0.7120310787787204,-0.4266740831899251,-0.9044054548342999,0.10303137904316186,0.9946781061893664,0.2322429240090763,-0.972657814571864
2025-03-02,6.0,1924.54,0.0,0,0,Lazada,0.0,1,1463.0,3017.94,4200.95,17496.0,10822.0,9186.91714285714,9876.953571428572,1.0815168835852829,0.315475051264525,0.0,0.7818314824680076,0.6234898018587613,0.9749279121818394,-0.22252093395624511,0.4338837391172445,-0.9009688679025701,0.9837979515735193,-0.1792807588107194,-0.3527520865490638,-0.9357168190405053,-0.8573146280763286,0.5147928015098369,0.660152120671182,0.7511319308705636,0.3149416207289503,-0.9491110448902289,-0.5978291414589524,0.801623551065244,0.8198708615029212,-0.5725484874300671,-0.958467838613223,0.28520063524490374,0.9995139620968316,0.031174341588771307,-0.9388316432829672,-0.34437645908308445,0.7825970017677774,0.6225286602431133,-0.5467112728686021,-0.8373211953118067,0.2551824131233733,0.966892928939152,0.062318379354305696,-0.9980563208530132
2025-03-03,31.0,9174.789999999999,0.0,1,0,Lazada,0.0,0,13570.0,3363.89,6828.32,2507.43,12935.0,9808.002857142856,9720.781428571428,1.7414841992108256,-0.32389167280766407,0.0,0.9749279121818394,-0.2225209339562451,-0.43388373911743,-0.9009688679024809,-0.7818314824678793,0.6234898018589223,0.9263239682515004,-0.37672789363517173,-0.6979441547663229,-0.7161521883144135,-0.40045390565130623,0.9163169044869873,0.9996684675143116,0.025747913655046358,0.29856881736372076,-0.9543881083175907,-0.5699010576127633,0.8217133225960583,0.7892447672427582,-0.6140787387460378,-0.9365905832039828,0.3504255690637077,0.9984970627014782,-0.05480525318361657,-0.9693168624606862,-0.24581460524015084,0.8517119107469296,0.5240103253675581,-0.6564105761979311,-0.7544038410927533,0.40122898544749147,0.9159777842484919,-0.10944576864890396,-0.9939927684469594
2025-03-04,17.0,5281.98,0.0,0,0,Lazada,0.0,0,54287.0,31954.0,1865.6599999999999,4763.2,8206.73,17857.761428571426,12525.457857142857,1.2240005801814884,-0.9027026728314329,0.0,0.4338837391176542,-0.9009688679023728,-0.7818314824681628,0.6234898018585667,0.974927912181996,-0.22252093395555908,0.8296770135526258,-0.5582437220268545,-0.9263239682514857,-0.37672789363520803,0.20455206612610885,0.978855685095377,0.6979441547663789,-0.7161521883143588,0.28210766268191945,-0.9593827529490742,-0.5412984521036174,0.8408305333122887,0.7565171356105672,-0.6539738706764839,-0.910280532326802,0.41399197150045564,0.9900977505087083,-0.1403796439573613,-0.9894848788166584,-0.14463635294483487,0.9084917035725172,0.4179028888867672,-0.753697664392914,-0.6572212950663319,0.5376773767405962,0.8431506618282114,-0.27797913939879365,-0.960587111124809
2025-03-05,13.0,3696.6,0.0,0,0,Lazada,0.0,0,10837.0,1924.54,3017.94,10660.2,5688.16,16762.044285714284,12974.480714285713,1.683360528377375,-0.6588908369474947,0.0,-0.43388373911763484,-0.9009688679023822,0.7818314824681359,0.6234898018586004,-0.9749279121818298,-0.22252093395628705,0.6979441547663509,-0.7161521883143861,-0.9996684675143136,0.025747913654968008,0.7338853664321782,0.6792733388973158,-0.051478754770305474,-0.9986740898848326,0.2655630278040547,-0.9640935007889758,-0.5120551783114625,0.8589525565270857,0.7217751111067874,-0.6921276536787015,-0.8796622089871269,0.4755989887288327,0.9743781260415413,-0.22491613435183855,-0.9991210282680498,-0.04191862202643074,0.9521140536681171,0.30574307646726184,-0.8367329140344972,-0.5476112038402233,0.6612634749656359,0.7501537286959067,-0.43830672301250395,-0.8988254650164514
2025-03-06,22.0,6978.97,0.0,0,0,Lazada,0.0,0,3696.6,13570.0,8129.0,21286.0,21522.0,17015.19571428571,13022.956428571428,0.9457758715900341,0.8879429746253316,0.0,-0.9749279121817841,-0.22252093395648773,0.4338837391178785,-0.9009688679022648,0.7818314824679808,0.623489801858795,0.5366961939916074,-0.8437755598231813,-0.9057022630804784,0.4239143907098459,0.991722674136091,0.12839835514663167,-0.767880446036579,-0.6405931786982003,0.24893980855376793,-0.9685189578512201,-0.4822058478963551,0.8760579434344268,0.685111201994913,-0.7284384949335705,-0.8448805268402697,0.5349550405091145,0.9514544127333366,-0.30778970172873155,-0.9981227456866077,0.06124528180217086,0.9819471901866397,0.18915526872007393,-0.9039461929223969,-0.4276462092677834,0.7690308592589089,0.6392116531380699,-0.5856957398073582,-0.8105309990194769
2025-03-07,7.0,2074.43,0.0,0,0,Lazada,0.0,0,6031.0,54287.0,3749.59,15026.8,36465.0,15624.507142857141,13131.319285714286,0.17649670614345744,-0.6560387995357321,0.0,-0.781831482468021,0.6234898018587445,-0.9749279121818298,-0.22252093395628705,-0.43388373911739114,-0.9009688679024995,0.3527520865491005,-0.9357168190404915,-0.660152120671241,0.7511319308705119,0.882678798325556,-0.4699767430273039,-0.9917226741361046,0.12839835514652675,0.23224292400907026,-0.9726578145718654,-0.45178578983288414,0.8921264484954344,0.6466230339778868,-0.7628097088587905,-0.8061001043286313,0.5917792002101541,0.9214960976269986,-0.3883876183121871,-0.9865006565801192,0.16375730385846538,0.9975590477788591,0.06982797572990351,-0.9540665500578385,-0.29959475639726074,0.8584015232918787,0.5129783862992497,-0.7157953492826492,-0.6983101158835737
2025-03-08,19.0,5784.9,0.0,0,0,Lazada,0.0,1,6456.0,10837.0,1463.0,12723.0,11271.0,7640.7142857142835,11531.807857142858,0.8710257413416135,-0.10394981412639415,0.0,-2.4891507949549373e-13,1.0,-4.978301589909875e-13,1.0,-2.91997887600017e-13,1.0,0.15389057670412193,-0.9880878960910677,-0.30411483232763387,0.9526353808033455,0.44709379298517554,-0.8944870822287648,-0.5794210982047621,0.8150283375166703,0.21547731504673237,-0.9765088461966186,-0.4208310085956598,0.9071390534005025,0.6064130902482817,-0.7951497745554162,-0.7635044855580911,0.6458025244087193,0.8847246782682605,-0.4661139814070406,-0.964378463996749,0.2645263279510587,0.9987235240803989,-0.050510617185191106,-0.9861462483415918,-0.16587819893465086,0.9272375462179508,0.37447367448689023,-0.8247650844733638,-0.5654755126737541
2025-03-09,7.0,2436.5,0.0,0,0,Lazada,0.0,1,5784.9,3696.6,1924.54,3065.1,34345.0,6918.985714285713,11840.515000000001,0.8824648229569906,-0.5788172656398555,0.0,0.7818314824679942,0.6234898018587782,0.974927912181849,-0.22252093395620307,0.43388373911791733,-0.9009688679022462,-0.051478754770344616,-0.9986740898848306,0.10282099713735658,0.9946998756145894,-0.1538905767040561,-0.988087896091078,0.20455206612619328,0.9788556850953595,0.19864794288017207,-0.9800709131432663,-0.38937814154520334,0.9210779895789518,0.5645884386042929,-0.8253725795023521,-0.7172952716008888,0.6967693257736072,0.8414120250581657,-0.5403941192199604,-0.9319916318560612,0.3624797899887332,0.9854237542919575,-0.17011767832046093,-0.9995786855478955,-0.029025013321985607,0.9738922359149882,0.22701082094143665,-0.9093882203647814,-0.41594839182496646
2025-03-10,8.0,2445.94,0.0,0,0,Lazada,0.0,0,8750.0,6031.0,9174.789999999999,4200.95,19124.0,6991.9757142857125,11532.797857142858,1.0422708657889674,-0.720464,0.0,0.9749279121818443,-0.22252093395622405,-0.43388373911739114,-0.9009688679024995,-0.7818314824683449,0.6234898018583385,-0.2546711202412289,-0.9670277247913203,0.4925480679538647,0.870285241030155,-0.6979441547663032,-0.7161521883144326,0.8573146280763326,0.5147928015098302,0.18175978759137543,-0.9833429613388902,-0.3574644155648616,0.9339267592294762,0.5212604463582778,-0.8533976488498014,-0.6676911663366998,0.744438383209744,0.7918783711724179,-0.6106788397098089,-0.8896848787211047,0.45657509412473785,0.957852355427667,-0.28726097055059563,-0.9941098647022419,0.10837701279187505,0.9972495210773429,0.07411742515097362,-0.967166729797731,-0.2541427094613632
2025-03-11,12.0,4036.4,0.0,0,0,Lazada,0.0,0,21049.0,17411.0,5281.98,6828.32,19977.0,9190.477142857142,8678.022857142856,1.0508910579729962,-0.8082379210413796,0.0,0.43388373911767364,-0.9009688679023635,-0.7818314824681897,0.623489801858533,0.9749279121817575,-0.22252093395660438,-0.4470937929850651,-0.89448708222882,0.7998392447396538,0.6002142805484556,-0.9837979515735176,-0.17928075881072902,0.9601498736716628,-0.2794856348513998,0.1648178466572002,-0.9863240225317863,-0.32512760299991367,0.9456701548465672,0.47654448379678166,-0.8791503597012623,-0.6149269413476433,0.788584083535061,0.7364899449095681,-0.676448491052424,-0.8379085086871859,0.5458107099257178,0.9164086366943457,-0.40024393885730575,-0.9698431969672989,0.24372971360966433,0.9967506498213939,-0.0805490042187299,-0.9963950238187205,-0.08483487790579736
2025-03-12,15.0,5121.73,0.0,0,0,Lazada,0.0,0,17549.0,5784.9,10837.0,1865.6599999999999,3263.14,8864.534285714284,8252.624285714284,1.5327037578486225,-0.7081469029574334,0.0,-0.43388373911741057,-0.9009688679024902,0.7818314824678255,0.6234898018589896,-0.974927912181866,-0.22252093395612843,-0.6206094818274263,-0.7841198065767078,0.9732643737003845,0.2296877421317871,-0.9057022630804901,0.423914390709821,0.4470937929850984,-0.8944870822288034,0.14782713347053145,-0.9890132145779882,-0.2924059769510792,0.9562942772197713,0.4305596169818797,-0.90256213981333,-0.5592523247663469,0.8289974892865699,0.6756562619728763,-0.7372168036994544,-0.7772136184407463,0.6292368324488341,0.8616928164028517,-0.5074302810827527,-0.9272375462179578,0.37447367448687296,0.9724075561220021,-0.23328854407543292,-0.9962102997023302,0.08697723131367978
2025-03-13,3.0,1197.0,0.0,0,0,Lazada,0.0,0,14623.0,8750.0,6978.97,12121.0,24260.0,10510.724285714285,8624.847857142859,1.3790677126363893,-0.9181426519865965,0.0,-0.9749279121818298,-0.22252093395628708,0.4338837391175076,-0.9009688679024435,0.7818314824680822,0.6234898018586679,-0.7678804460366042,-0.6405931786981702,0.983797951573514,-0.17928075881074831,-0.49254806795384765,0.8702852410301647,-0.3527520865491188,-0.9357168190404845,0.13079267585675886,-0.9914097417023038,-0.2593382659754049,0.9657865518844576,0.383428290711637,-0.9235706501843551,-0.5009308193361613,0.8654873276017403,0.6098270977059481,-0.7925344856241525,-0.708246231503245,0.7059654917639049,0.7944973291665981,-0.6072676460566151,-0.8670985522812088,0.49813662847840423,0.9248025743285216,-0.3804473662878206,-0.9666180104001068,0.2562218218070801
2025-03-14,7.0,1451.5,0.0,0,0,Lazada,0.0,0,20241.0,4036.4,17411.0,3363.89,3213.84,10846.304285714285,10018.390714285715,1.8825064676841357,-0.9282891161503878,0.0,-0.7818314824681762,0.6234898018585499,-0.974927912181719,-0.22252093395677244,-0.43388373911753775,-0.9009688679024289,-0.8826787983255246,-0.4699767430273627,0.8296770135526729,-0.5582437220267846,0.10282099713732928,0.9946998756145923,-0.9263239682514222,-0.37672789363536413,0.11371951458595198,-0.9935128947338003,-0.22596360824802356,0.974135744004671,0.335276002484018,-0.9421199510456918,-0.44023845527733685,0.8978808954950674,0.5394891616674166,-0.8419925441732772,-0.6317404220940765,0.7751800043166736,0.7157953492826622,-0.6983101158835604,-0.7905633969115609,0.6123802049900486,0.8550745085896868,-0.5185051443911676,-0.9084917035725131,0.41790288888677607
2025-03-15,6.0,2127.56,0.0,0,1,Lazada,0.0,1,1451.5,17549.0,6456.0,3749.59,10429.0,10477.032857142856,8878.426428571429,1.4708036664868758,0.46576644850155,0.0,-4.310261548489413e-14,1.0,-8.620523096978826e-14,1.0,-1.2930784645468236e-13,1.0,-0.9601498736716048,-0.2794856348515993,0.5366961939915825,-0.8437755598231971,0.6601521206711702,0.751131930870574,-0.9057022630804535,0.4239143907098991,0.09661270188120452,-0.9953220513156601,-0.19232150523909763,0.981331971670427,0.28623096833218376,-0.9581606508136412,-0.3774624838618161,0.9260248772451355,0.46516249913192287,-0.8852253099642734,-0.5485105018003678,0.8361436655352409,0.6267266965083269,-0.7792391467859913,-0.6990793005655643,0.7150441465537365,0.7648913904341217,-0.6441592666722695,-0.823547234955625,0.5672476988026877
2025-03-16,5.0,1757.4,0.0,0,0,Lazada,0.0,1,29509.0,14623.0,2436.5,12631.0,20180.0,11757.865714285712,10263.830714285714,3.0111594873524585,-0.9404452878782744,0.0,0.7818314824681225,0.6234898018586172,0.9749279121817575,-0.22252093395660436,0.43388373911777073,-0.9009688679023167,-0.9970175264485277,-0.07717546212663369,0.1538905767040367,-0.988087896091081,0.9732643737003782,0.2296877421318138,-0.3041148323274695,0.952635380803398,0.0794772999236215,-0.9968366760893435,-0.1584517749608374,0.9873667175937014,0.236423781421221,-0.9716500376053565,-0.3129000178799557,0.9497860700235203,0.38739664612229485,-0.9219131404710519,-0.45944235221746,0.8882075911569814,0.5285813283559249,-0.8488826652214579,-0.5943761565849848,0.8041871576214468,0.6564105761979666,-0.7544038410927224,-0.7142921172691151,0.6998476771463948
2025-03-17,8.0,2511.9,0.0,0,0,Lazada,0.0,0,15133.0,13156.0,2445.94,1924.54,17496.0,11910.779999999997,10671.252142857144,2.683207602269996,-0.8340117623736205,0.0,0.974927912181849,-0.22252093395620304,-0.4338837391173523,-0.9009688679025183,-0.7818314824682435,0.6234898018584656,-0.9917226741361069,0.12839835514650924,-0.2546711202411474,-0.9670277247913418,0.9263239682515211,-0.3767278936351209,0.492548067953718,0.8702852410302381,0.06231837935432783,-0.9980563208530119,-0.12439450483980545,0.9922328391893002,0.18598706431517245,-0.9825521929686096,-0.2468566254334946,0.9690520143313193,0.3067665664015285,-0.9517847833088195,-0.3654839958133331,0.9308176238148478,0.4227806579826715,-0.9062320427107725,-0.4784338202547198,0.8781236129591747,0.5322271388474326,-0.8466016020976311,-0.5839514998577388,0.8117885474764333
2025-03-18,20.0,8635.76,0.0,0,0,Lazada,0.0,0,11529.0,1451.5,4036.4,9174.789999999999,2507.43,9145.622857142855,9995.96357142857,3.2158577587264943,-0.25095324833029753,0.0,0.43388373911748823,-0.9009688679024528,-0.7818314824679331,0.6234898018588548,0.9749279121819237,-0.2225209339558763,-0.9444892287836557,0.32854238191085067,-0.6206094818274492,-0.7841198065766894,0.5366961939916057,-0.8437755598231823,0.973264373700398,0.22968774213172985,0.04514101777397335,-0.9989806246941578,-0.09019000427034796,0.9959245770286597,0.13505511584034507,-0.9908380875225533,-0.1796448837103186,0.9837315262594293,0.2238684004637417,-0.9746193817454103,-0.2676355053787688,0.963520231370702,0.31085696824349673,-0.9504567035349173,-0.3534446712740988,0.9354554315134123,0.3953117887649175,-0.9185469991587155,-0.43637296410461174,0.8997658785476116
2025-03-19,30.0,10529.27,0.0,0,0,Lazada,0.0,0,14231.0,29509.0,5121.73,5281.98,4763.2,11901.008571428569,10087.489285714286,1.366165226198721,-0.26011734944838727,0.0,-0.43388373911739114,-0.9009688679024995,0.7818314824677987,0.6234898018590234,-0.9749279121816998,-0.22252093395685651,-0.8573146280763518,0.5147928015097982,-0.8826787983255118,-0.4699767430273869,-0.05147875477028981,-0.9986740898848334,0.8296770135527035,-0.558243722026739,0.02795029824021396,-0.999609314096404,-0.05587875690538041,0.9984375616565662,0.08376355348527297,-0.996485658254809,-0.11158289958601605,0.9937551290534188,0.13931505795485782,-0.9902481076109333,-0.16693835946506824,0.9859673342150397,0.19443122004765395,-0.9809161537413791,-0.2217721575565121,0.9750985130399541,0.24893980855377992,-0.968518957851217,-0.27591294500301095,0.9611826292540692
2025-03-20,16.0,5669.8,0.0,0,0,Lazada,0.0,0,11540.0,2511.9,13156.0,3696.6,10660.2,9769.989999999996,10840.384999999998,0.47683753041261984,-0.508682842287695,0.0,-0.9749279121818251,-0.2225209339563081,0.43388373911754646,-0.9009688679024247,0.7818314824681837,0.6234898018585406,-0.7338853664322235,0.6792733388972668,-0.9970175264485212,-0.07717546212671772,-0.6206094818274277,-0.7841198065767065,0.15389057670420325,-0.9880878960910551,0.010751307763524686,-0.9999422030204416,-0.021501372740819303,0.9997688187627479,0.03224895228929816,-0.9994798672690924,-0.04299280405373292,0.9990753819405207,0.05373168610971938,-0.9985554095330947,-0.06446435710735003,0.9979200101524851,0.07518957641477744,-0.9971692572470164,-0.08590610426135438,0.9963032375991947,0.09661270188119915,-0.9953220513156606,-0.10730813165638907,0.9942258118156132
2025-03-21,18.0,7410.9400000000005,0.0,0,0,Lazada,0.0,0,15494.0,8635.76,1451.5,6031.0,6645.38,10787.547142857142,9966.585000000001,0.17287110806531333,-0.5216896863301923,0.0,-0.781831482468048,0.6234898018587108,-0.9749279121818106,-0.22252093395637115,-0.4338837391176843,-0.9009688679023583,-0.5794210982045448,0.8150283375168248,-0.944489228783646,0.3285423819108784,-0.9601498736715894,-0.27948563485165195,-0.6206094818274954,-0.7841198065766529,-0.006450864198103727,-0.9999791929590823,0.012901459949416804,0.9999167727021953,-0.01935151881831265,-0.9998127418269005,0.025800772391534957,0.9996671046623472,-0.03224895228930355,-0.9994798672690922,0.03869579017650406,0.999251037438849,-0.04514101777395389,-0.9989806246941587,0.05158436686939595,0.9986686402880004,-0.05802556932877367,-0.9983150972033187,0.0644643571073608,0.9979200101524844
2025-03-22,7.0,2515.87,0.0,0,0,Lazada,0.0,1,12913.0,10529.27,29509.0,17411.0,20932.0,10424.287142857142,11162.647857142858,0.10850804325525858,-0.8051676604971734,0.0,-6.46638269175266e-14,1.0,-1.293276538350532e-13,1.0,3.3382194690652255e-14,1.0,-0.40045390565129546,0.9163169044869921,-0.7338853664322421,0.6792733388972467,-0.944489228783655,0.32854238191085255,-0.9970175264485169,-0.07717546212677243,-0.023651127245227943,-0.9997202729664083,0.047289022771125074,0.9988812483600601,-0.07090046226091042,-0.9974833955766829,0.09447223619869745,0.9955274966507041,-0.1179911572597496,-0.9930146458177266,0.14144406768793874,0.9899462489023785,-0.164817846657181,-0.9863240225317895,0.18809941761176657,0.982149993175235,-0.21127575558216233,-0.9774264960104092,0.23433389447182787,0.9721561736170101
2025-03-23,9.0,1077.8400000000001,0.0,0,0,Lazada,0.0,1,17631.0,11540.0,15133.0,5784.9,12723.0,10453.515714285712,10368.395714285714,0.815522157411814,-0.9388667687595712,0.0,0.7818314824679673,0.6234898018588119,0.9749279121818683,-0.22252093395611897,0.4338837391176242,-0.9009688679023873,-0.20455206612622973,0.9788556850953518,-0.4004539056513206,0.9163169044869811,-0.5794210982045895,0.8150283375167929,-0.7338853664322793,0.6792733388972064,-0.0408443915432938,-0.999165519661011,0.08162061540318591,0.9966634713589162,-0.12226061766546124,-0.992498030913946,0.16269657176438057,0.9866761502824104,-0.2028609916825973,-0.9792075459541523,0.24268684458258616,0.9701046827361198,-0.2821076626819042,-0.9593827529490787,0.3210576541852499,0.9470596510722356,-0.3594718130884232,-0.9331559438780432,0.39728602767068355,0.9176948361071063
2025-03-24,11.0,3592.07,0.0,0,0,Lazada,0.0,0,1077.8400000000001,5669.8,2511.9,2436.5,3065.1,8958.921428571426,9364.455714285714,1.2214277138595466,2.3326560528464335,0.0,0.9749279121818032,-0.22252093395640368,-0.43388373911772316,-0.9009688679023397,-0.781831482468142,0.6234898018585928,2.9406378714814596e-14,1.0,5.881275742962919e-14,1.0,3.1375717283635774e-14,1.0,1.1762551485925838e-13,1.0,-0.05802556932878247,-0.9983150972033182,0.1158556037694827,0.9932660666081413,-0.17329522734857802,-0.98486992246601,0.23015087970125087,0.9731549581504173,-0.2862309683321889,-0.9581606508136397,0.34134651424504725,0.9399375283564093,-0.3953117887649013,-0.9185469991587224,0.44794493940790503,0.8940611451454807,-0.49906860268852227,-0.8665624788845441,0.5485105018003767,0.8361436655352349
2025-03-25,21.0,7066.66,0.0,0,0,Lazada,0.0,0,13712.0,7410.9400000000005,8635.76,2445.94,4200.95,8407.531428571427,9597.539285714285,1.3816600225176394,-0.48463681446907814,0.0,0.4338837391177125,-0.9009688679023448,-0.7818314824682435,0.6234898018584656,0.9749279121818873,-0.22252093395603492,0.20455206612617602,0.978855685095363,0.40045390565122,0.9163169044870251,0.579421098204548,0.8150283375168225,0.7338853664321303,0.6792733388973675,-0.07518957641475447,-0.9971692572470181,0.14995346813243726,0.9886930551971396,-0.2238684004637331,-0.9746193817454123,0.2965159050905326,0.9550279147901083,-0.36748468921840144,-0.9300295711374208,0.43637296410459586,0.8997658785476192,-0.5027907197792921,-0.8644081744776719,0.566361933081426,0.8241566360566845,-0.6267266965083131,-0.7792391467860023,0.6835432558267165,0.7299100063801098
2025-03-26,10.0,2853.25,0.0,0,0,Lazada,0.0,0,11443.0,17631.0,9413.0,17549.0,17368.0,10179.36714285714,9729.441428571428,0.575361775816132,-0.750655422529057,0.0,-0.43388373911757655,-0.9009688679024103,0.7818314824680553,0.6234898018587015,-0.974927912181736,-0.2225209339566979,0.40045390565124517,0.9163169044870141,0.7338853664321675,0.6792733388973272,0.9444892287836383,0.3285423819109006,0.9970175264485338,-0.07717546212655359,-0.09233133369539202,-0.9957283388645872,0.18387385105132917,0.9829498496360604,-0.2738454748405536,-0.961773703066034,0.3614775484858147,0.9323808137991072,-0.44602140294069326,-0.8950222947607595,0.5267547528105514,0.8500173118187034,-0.6029878670694608,-0.7977503570460011,0.6740694616546203,0.7386679638813709,-0.7393922635959211,-0.6732748922501862,0.7983981991447853,0.6021298162376314
2025-03-27,15.0,4255.36,0.0,0,0,Lazada,0.0,0,2853.25,1077.8400000000001,11540.0,5121.73,1865.6599999999999,8068.2599999999975,9260.887857142856,0.7796867489902441,0.49140804345921296,0.0,-0.9749279121818203,-0.22252093395632913,0.4338837391175853,-0.900968867902406,0.781831482467718,0.6234898018591245,0.5794210982045928,0.8150283375167907,0.9444892287836847,0.32854238191076734,0.9601498736716036,-0.27948563485160305,0.6206094818273109,-0.784119806576799,-0.10944576864891722,-0.9939927684469579,0.21757660514828503,0.9760432474496954,-0.32309337555234163,-0.9463670908660093,0.4247283525160244,0.9053208417842945,-0.5212604463582703,-0.853397648849806,0.6115298757990971,0.7912213413483871,-0.6944521021088679,-0.7195389342325922,0.7690308592589277,0.6392116531380474,-0.8343701235229454,-0.5512045872199404,0.8896848787210967,0.45657509412475356
2025-03-28,20.0,5913.7,0.0,0,0,Lazada,0.0,0,11613.0,13712.0,15494.0,1197.0,12121.0,9668.03857142857,9165.070714285714,0.2208733540711156,-0.49076896581417384,0.0,-0.7818314824680614,0.623489801858694,-0.9749279121818011,-0.2225209339564132,-0.43388373911701145,-0.9009688679026824,0.7338853664321862,0.6792733388973071,0.9970175264485296,-0.0771754621266083,0.6206094818274677,-0.7841198065766749,-0.15389057670398637,-0.9880878960910889,-0.1265278168386826,-0.9919630595773397,0.2510218406258817,0.9679814231320736,-0.37148096925728064,-0.9284405686309013,0.485968957052547,0.8739760710575889,-0.5926455377376251,-0.8054633862564339,0.689796004665576,0.7240037789593426,-0.7758587728069759,-0.6309066211876789,0.8494504794814784,0.5276683455625195,-0.9093882203647936,-0.4159483918249397,0.9547085633518253,0.2975425331993624
2025-03-29,18.0,6109.38,0.0,0,0,Lazada,0.0,1,14060.0,11443.0,2515.87,1451.5,3363.89,10212.901428571426,9558.482142857143,0.38323142093909307,-0.5654779516358464,0.0,-8.622503835015907e-14,1.0,-1.7245007670031815e-13,1.0,1.9607223583598687e-13,1.0,0.8573146280763236,0.5147928015098453,0.8826787983255634,-0.46997674302729003,0.05147875477034068,-0.9986740898848309,-0.8296770135525809,-0.5582437220269212,-0.1435724234118121,-0.9896398128792411,0.28416997247976983,0.9587739184713187,-0.4188794133697449,-0.9080418696596642,0.5449095160526314,0.8384948534816937,-0.6596488896351324,-0.7515739101400054,0.7607200913564128,0.6490800741100368,-0.8460288880917286,-0.5331370560318175,0.9138076496466636,0.4061472386305741,-0.9626519747161465,-0.2707418984477719,0.9915497906051787,0.12972668480627397
2025-03-30,7.0,2217.16,0.0,0,0,Lazada,0.0,1,6109.38,2853.25,17631.0,2127.56,3749.59,9450.955714285712,9815.16142857143,0.39945516740507936,-0.6370891972671532,0.0,0.7818314824679539,0.6234898018588287,0.9749279121818778,-0.22252093395607694,0.4338837391174776,-0.9009688679024579,0.9444892287836564,0.32854238191084884,0.6206094818274461,-0.7841198065766919,-0.5366961939915628,-0.8437755598232096,-0.9732643737003962,0.22968774213173754,-0.16057454459498885,-0.987023715838739,0.3169817673505184,0.9484316312562239,-0.4651624991319025,-0.8852253099642841,0.6012710693734661,0.7990451183346836,-0.7217751111067912,-0.6921276536786977,0.8235472349555988,0.5672476988027256,-0.9039461929223973,-0.4276462092677825,0.9608854255574859,0.27694620226897715,-0.9928872135356939,-0.1190587300340693,0.9991210282680494,-0.04191862202644152
2025-03-31,7.0,2179.83,0.0,0,1,Lazada,0.0,0,19437.0,5913.7,13712.0,15133.0,1463.0,12364.177142857141,11016.107857142857,1.0238337320594326,-0.8878515202963421,0.0,0.9749279121818586,-0.222520933956161,-0.43388373911727457,-0.9009688679025557,-0.7818314824680406,0.62348980185872,0.9917226741360998,0.12839835514656364,0.25467112024125355,-0.9670277247913138,-0.9263239682515019,-0.37672789363516807,-0.49254806795390904,0.8702852410301299,-0.17752914918703444,-0.9841155426010341,0.34941838995939667,0.9369668023778553,-0.5102069876723052,-0.8600516436414456,0.6547868630645488,0.755813577516366,-0.7785648703932799,-0.627564134244059,0.8776087166898338,0.47937765946070443,-0.9487718864399448,-0.31596187665791015,0.989793602967071,0.14250832791617565,-0.999370650853997,0.03547255575312376,0.9771987776823934,-0.21232651482100945
2025-04-01,16.0,4772.94,0.0,0,0,Lazada,0.0,0,32242.0,14060.0,16733.0,11529.0,13570.0,13386.481428571427,11990.619999999999,2.548121033186257,-0.8519651386390422,0.0,0.4338837391175271,-0.900968867902434,-0.7818314824679868,0.6234898018587874,0.9749279121818512,-0.22252093395619352,0.9970175264485275,-0.07717546212663566,-0.1538905767040406,-0.9880878960910805,-0.9732643737003899,0.22968774213176424,0.304114832327477,0.9526353808033956,-0.19443122004766272,-0.9809161537413773,0.38144144907279337,0.9243930013415547,-0.5538929381563723,-0.83258790110144,0.7052036118889425,0.7090048418584951,-0.8295982910008739,-0.558360703818266,0.9223291176290473,0.3864052261210023,-0.9798567700958651,-0.1997015525660704,0.9999855506507186,0.005375731557579379,-0.981947190186643,0.1891552687200566,0.9264301712993571,-0.3764666488631414
2025-04-02,18.0,4935.08,0.0,0,0,Lazada,0.0,0,34261.0,2217.16,2853.25,14231.0,54287.0,16081.41857142857,12766.187142857143,3.4802333346547023,-0.8559563351916173,0.0,-0.4338837391173523,-0.9009688679025183,0.7818314824677449,0.6234898018590908,-0.9749279121817723,-0.2225209339565393,0.9601498736716201,-0.2794856348515466,-0.5366961939914899,-0.8437755598232559,-0.6601521206712085,0.7511319308705403,0.9057022630803604,0.4239143907100979,-0.2112757555821779,-0.9774264960104058,0.41301304294127816,0.9107251102063596,-0.5961040271552054,-0.8029072105849755,0.752282698098719,0.6588404527207719,-0.8744980560685667,-0.48502901968057344,0.9572324433233128,0.28931997761869244,-0.9967506498213925,-0.08054900421874749,0.9912685467787276,-0.13185851571737672,-0.9410336347451278,0.338313018192285,0.848313869695008,-0.5294937001354039
2025-04-03,11.0,3951.9300000000003,0.0,0,0,Lazada,0.0,0,4935.08,17460.0,4255.36,10529.27,5281.98,16469.692857142854,12914.889285714284,2.4696396575114643,-0.1992166287071333,0.0,-0.9749279121818154,-0.22252093395635014,0.4338837391176242,-0.9009688679023873,0.7818314824678195,0.6234898018589973,0.8826787983255505,-0.46997674302731424,-0.8296770135526116,-0.5582437220268757,-0.10282099713749303,0.9946998756145753,0.9263239682515049,-0.37672789363516085,-0.2280577712215197,-0.9736476020539839,0.44409580415921746,0.895979305970946,-0.6367278583821957,-0.7710886034432246,0.7958013007903696,0.6055578334563559,-0.9129321980697732,-0.40811126145634885,0.9819471901866452,0.18915526872004504,-0.9992088560679744,0.03977011384607962,0.9638074231367321,-0.2665994206792885,-0.8776087166898418,0.4793776594606898,0.7451558219567449,-0.6668903965450154
2025-04-04,27.0,5887.79,0.0,1,0,Lazada,0.0,0,40395.0,32242.0,21352.0,5669.8,3696.6,20098.135714285712,15964.451428571429,1.2167227676398344,-0.8542445847258324,0.0,-0.7818314824680749,0.6234898018586771,-0.9749279121817914,-0.22252093395645522,-0.43388373911797745,-0.9009688679022172,0.7678804460366029,-0.6405931786981718,-0.9837979515735148,-0.17928075881074446,0.4925480679539022,0.8702852410301338,0.3527520865491115,-0.9357168190404873,-0.24477230089726035,-0.9695805901076305,0.47465294389193635,0.8801730414269221,-0.6756562619728699,-0.7372168036994603,0.8355534504952157,0.5494091657094365,-0.944616553222354,-0.3281761224987576,0.9962102997023287,0.08697723131369735,-0.9871957872910136,0.1595132519726047,0.918121448284435,-0.3962991372689217,-0.7931896839451773,0.6089746507720577,0.6200011953693069,-0.7846008652433609
2025-04-05,5.0,1508.6399999999999,0.0,0,0,Lazada,0.0,1,12009.0,34261.0,6109.38,7410.9400000000005,6031.0,17366.971428571425,14713.365,0.47944567893805046,-0.8743742193354984,0.0,-1.0778624978279155e-13,1.0,-2.155724995655831e-13,1.0,-5.507324247916067e-13,1.0,0.6206094818274692,-0.7841198065766737,-0.9732643737004097,0.22968774213168028,0.9057022630804684,0.42391439070986714,-0.44709379298490204,-0.8944870822289015,-0.2614143985111544,-0.9652266636656135,0.5046482954181494,0.8633250245021027,-0.7127855825108416,-0.7013820024527863,0.8713510040136363,0.4906601958631125,-0.9693168624606864,-0.24581460524014986,0.9998699583618595,-0.01612657327063936,-0.9608854255575062,0.27694620226890654,0.855074508589701,-0.5185051443911441,-0.6897960046656086,0.7240037789593116,0.4765444837967886,-0.8791503597012585
2025-04-06,5.0,1993.82,0.0,0,0,Lazada,0.0,1,1508.6399999999999,4935.08,2217.16,12913.0,2074.43,12688.062857142857,14384.740714285714,0.6476681428339607,0.32160091207975405,0.0,0.7818314824679404,0.6234898018588456,0.9749279121818875,-0.2225209339560349,0.4338837391181504,-0.9009688679021339,0.44709379298511415,-0.8944870822287955,-0.7998392447397197,0.6002142805483678,0.9837979515735267,-0.1792807588106789,-0.9601498736716014,-0.27948563485161054,-0.27797913939877916,-0.9605871111248131,0.53404635693607,0.8454551961182282,-0.7480169550331144,-0.6636796177245371,0.9030245348792207,0.4295889772866234,-0.9868505034357931,-0.16163565160112942,0.9928872135356993,-0.11905873003402455,-0.9206588168102545,0.39036821467627497,0.7758587728069863,-0.6309066211876659,-0.5699010576127698,0.8217133225960539,0.319020448311494,-0.9477478322629567
2025-04-07,13.0,4356.14,0.0,0,0,Lazada,0.0,0,27132.0,40395.0,2179.83,1077.8400000000001,5784.9,15653.035714285712,15145.930714285714,1.2088417660430193,-0.8394464101430046,0.0,0.9749279121818129,-0.22252093395636166,-0.43388373911764544,-0.9009688679023771,-0.7818314824679392,0.6234898018588472,0.254671120241227,-0.9670277247913208,-0.49254806795386125,0.870285241030157,0.6979441547664211,-0.7161521883143178,-0.8573146280763286,0.5147928015098369,-0.2944616217868015,-0.9556633054034703,0.5628123335824826,0.8265847065893733,-0.7812565682797481,-0.6242100403868488,0.9304241352383137,0.36648455433488064,-0.9970878407382737,-0.07626164076314416,0.9753363880767848,-0.22072365096049726,-0.8670985522812226,0.4981366284783804,0.6819721490904602,-0.7313781428679278,-0.43637296410458526,0.8997658785476244,0.15207910943936268,-0.9883683242962263
2025-04-08,16.0,5826.5,0.0,0,0,Lazada,0.0,0,14869.0,12009.0,4772.94,13712.0,8750.0,11787.657142857142,14060.452857142856,1.4402415335069363,-0.6081444616315825,0.0,0.43388373911775135,-0.9009688679023261,-0.7818314824682973,0.6234898018583982,0.974927912181815,-0.22252093395635214,0.05147875477039941,-0.9986740898848278,-0.10282099713746574,0.9946998756145782,0.15389057670421874,-0.9880878960910527,-0.20455206612640814,0.9788556850953145,-0.31085696824350184,-0.9504567035349156,0.5909121786151534,0.8067358905889169,-0.8124159144868861,-0.5830783668499772,0.953420125349866,0.30164559432858595,-0.9999531843608733,0.009676212407206368,0.9474042892438885,-0.320039236223127,-0.8009803309783072,0.598690662517699,0.5751899607119906,-0.8180198708443083,-0.2924059769511071,0.9562942772197628,-0.019351518818276396,-0.9998127418269013
2025-04-09,9.0,3043.7,0.0,0,0,Lazada,0.0,0,5826.5,1508.6399999999999,34261.0,7066.66,2445.94,10904.442857142854,14135.707142857142,1.496922005462859,-0.47761091564404023,0.0,-0.4338837391175377,-0.9009688679024289,0.7818314824680015,0.623489801858769,-0.9749279121818085,-0.22252093395638067,-0.1538905767040677,-0.9880878960910763,0.3041148323275293,0.952635380803379,-0.44709379298512997,-0.8944870822287876,0.5794210982045832,0.8150283375167975,-0.3271603271220946,-0.9449688462364059,0.6183126337097817,0.7859322407147281,-0.8414120250581609,-0.5403941192199678,0.9719036673475073,0.2353789739897467,-0.9954253493144548,0.09554252426116693,0.9093882203647887,-0.4159483918249504,-0.7232617254437574,0.6905740195722099,0.45753137607425665,-0.8891934772070683,-0.14144406768795523,0.989946248902376,-0.1902109011741137,-0.9817432521156086
2025-04-10,8.0,2801.4,0.0,0,0,Lazada,0.0,0,11361.0,27132.0,20129.0,2853.25,17549.0,11051.47714285714,12852.042142857143,0.3326448572127497,-0.7534195933456562,0.0,-0.9749279121818613,-0.2225209339561495,0.4338837391172533,-0.9009688679025659,0.7818314824679209,0.6234898018588702,-0.35275208654910234,-0.9357168190404908,0.6601521206712438,0.7511319308705092,-0.8826787983255321,-0.4699767430273488,0.9917226741361056,0.12839835514651893,-0.3433668739963884,-0.9392013574532079,0.644981268323745,0.7641983796838967,-0.8681676914867178,-0.49627095367210766,0.9857872803589411,0.16799832702298637,-0.9835378122597346,0.18070244009236625,0.8616928164028511,-0.5074302810827536,-0.6350683134867419,0.7724559775191757,0.3312212278016835,-0.9435531242349554,0.012901459949423178,0.9999167727021951,-0.35545536519688326,-0.9346932562893295
2025-04-11,4.0,1493.19,0.0,0,0,Lazada,0.0,0,20491.0,14869.0,5887.79,11613.0,14623.0,9880.657142857142,10192.642142857143,0.8774349915518254,-0.9271294714752818,0.0,-0.7818314824680883,0.6234898018586602,-0.9749279121817819,-0.22252093395649727,-0.4338837391173046,-0.9009688679025412,-0.5366961939915611,-0.8437755598232107,0.9057022630804319,0.42391439070994524,-0.9917226741361121,0.1283983551464684,0.7678804460367197,-0.6405931786980318,-0.35947181308842147,-0.9331559438780439,0.6708865180801553,0.7415600311898459,-0.8926116709398637,-0.45082635781633773,0.9950052545447344,0.09982255971657068,-0.9643784639967488,0.2645263279510596,0.8048257371083481,-0.5935111901961109,-0.5376773767406111,0.843150661828202,0.19864794288018672,-0.9800709131432633,0.1669383594650238,0.9859673342150471,-0.5102069876722862,-0.8600516436414569
2025-04-12,10.0,2938.29,0.0,0,0,Lazada,0.0,1,1493.19,5826.5,12009.0,5913.7,1197.0,7969.827142857141,9878.742142857143,1.1025690266103878,0.9677937837783537,0.0,9.802621422780803e-14,1.0,1.9605242845561607e-13,1.0,-3.880423836462721e-13,1.0,-0.6979441547663523,-0.7161521883143848,0.9996684675143137,0.02574791365496407,-0.73388536643229,0.6792733388971949,0.05147875477029761,-0.9986740898848331,-0.3754703786876197,-0.9268343944460496,0.6959977221267378,0.718043989456351,-0.9146788759587088,-0.404181337860759,0.9995139620968312,0.031174341588784533,-0.9380889596420653,0.34639443384336827,0.7393922635959324,-0.6732748922501739,-0.43249940213397464,0.901634220265488,0.062318379354332105,-0.9980563208530115,0.316981767350511,0.9484316312562263,-0.6498975881398551,-0.7600217924046647
2025-04-13,2.0,611.8,0.0,0,0,Lazada,0.0,1,15314.0,10772.0,1993.82,14060.0,20241.0,9310.125714285712,10216.93142857143,1.2726151184739503,-0.9600496277915633,0.0,0.781831482467927,0.6234898018588625,0.974927912181897,-0.22252093395599284,0.4338837391171844,-0.9009688679025991,-0.8296770135525952,-0.5582437220269,0.926323968251527,-0.37672789363510634,-0.20455206612615873,0.9788556850953667,-0.6979441547662217,-0.716152188314512,-0.3913578365610234,-0.9202385798054086,0.7202851594252667,0.6936780875245506,-0.9343105477678212,-0.3564600964060268,0.9992920637248701,-0.037621421776563836,-0.9048636712981524,0.4257014638979166,0.6660888558609706,-0.745872399340412,-0.32105765418526566,0.9470596510722302,-0.07518957641473249,-0.9971692572470198,0.45944235221744517,0.8882075911569891,-0.7704035789993334,-0.6375565272703416
2025-04-14,3.0,863.8499999999999,0.0,0,0,Lazada,0.0,0,9686.0,2801.4,27132.0,2217.16,2127.56,7619.382857142856,9335.429999999998,3.3611718972100477,-0.9108145777410696,0.0,0.9749279121818176,-0.22252093395634062,-0.4338837391176066,-0.9009688679023958,-0.7818314824684048,0.6234898018582633,-0.9263239682514798,-0.3767278936352225,0.6979441547664015,-0.7161521883143369,0.40045390565125955,0.9163169044870078,-0.9996684675143173,0.025747913654826936,-0.40712948535424986,-0.9133704517637866,0.7437200839287383,0.6684911643103673,-0.9514544127333383,-0.3077897017287264,0.9943406096530527,-0.10623912647793901,-0.8649482509584357,0.5018610596210298,0.5856957398073495,-0.8105309990194832,-0.20496611396948886,0.978769069864923,-0.2112757555821633,-0.977426496010409,0.5909121786151242,0.8067358905889384,-0.8681676914867139,-0.49627095367211443
2025-04-15,12.0,3424.98,0.0,0,1,Lazada,0.0,0,13687.0,2938.29,5826.5,2179.83,15133.0,7618.562857142854,7794.195000000001,3.943207506095033,-0.749764009644188,0.0,0.43388373911756595,-0.9009688679024154,-0.7818314824680406,0.62348980185872,0.9749279121817788,-0.22252093395651074,-0.9837979515735197,-0.17928075881071745,0.35275208654906015,-0.9357168190405067,0.8573146280763024,0.5147928015098806,-0.6601521206711761,0.7511319308705687,-0.4227806579826764,-0.9062320427107702,0.7662747586044887,0.6425130304714703,-0.9660648215530198,-0.2582997494341257,0.9846830346495289,-0.1743540113487347,-0.8186378142731374,0.5743101331528987,0.4990686026885367,-0.8665624788845357,-0.08590610426132508,0.9963032375991971,-0.343366873996381,-0.9392013574532105,0.7082462315032332,0.7059654917639167,-0.9403039842384069,-0.3403357419157996
2025-04-16,3.0,941.78,0.0,0,0,Lazada,0.0,0,3424.98,15314.0,3043.7,32242.0,2511.9,7688.089999999997,7622.657857142857,3.2379359252950715,-0.7250261315394543,0.0,-0.43388373911751826,-0.9009688679024384,0.7818314824679746,0.6234898018588027,-0.9749279121818447,-0.22252093395622208,-0.999668467514314,0.02574791365495233,-0.051478754770274145,-0.9986740898848342,0.997017526448535,-0.07717546212653795,0.10282099713721621,0.9946998756146039,-0.43830672301251594,-0.8988254650164456,0.7879224882631181,0.6157744331240592,-0.9781028708075088,-0.2081220173794924,0.9703650471118396,-0.24164369502148697,-0.7662747586044937,0.6425130304714644,0.4071294853542635,-0.9133704517637805,0.0343980606136167,0.9994082116062595,-0.46896519100760836,-0.8832166493127251,0.8086376511543095,0.5883070194512736,-0.9846830346495261,-0.17435401134875014
2025-04-17,8.0,2435.4700000000003,0.0,0,0,Lazada,0.0,0,7303.0,9686.0,11361.0,34261.0,8635.76,6590.801428571426,7224.735,2.1259405427017244,-0.6665110228673148,0.0,-0.9749279121818059,-0.2225209339563922,0.4338837391177019,-0.9009688679023499,0.7818314824680224,0.6234898018587429,-0.9732643737003903,0.22968774213176232,-0.4470937929850528,-0.8944870822288261,0.7678804460367021,-0.6405931786980529,0.7998392447396374,0.6002142805484775,-0.4537030860313422,-0.8911529104063098,0.80863765115431,0.5883070194512731,-0.9875365065492285,-0.15739011478662063,0.9514544127333407,-0.30778970172871895,-0.7082462315032442,0.7059654917639056,0.3108569682435228,-0.9504567035349087,0.154204047562699,0.9880390233767494,-0.5856957398073368,-0.8105309990194924,0.8896848787210841,0.456575094124778,-0.9999947982262414,-0.0032254488770940798
2025-04-18,23.0,4527.6900000000005,0.0,0,0,Lazada,0.0,0,6592.0,10229.0,20491.0,3951.9300000000003,10529.27,6373.31857142857,6857.954285714286,0.9063904065406706,-0.31315382281553394,0.0,-0.78183148246796,0.6234898018588211,-0.9749279121818735,-0.22252093395609596,-0.4338837391174512,-0.9009688679024707,-0.905702263080461,0.4239143907098831,-0.7678804460366317,-0.6405931786981371,0.25467112024121186,-0.9670277247913248,0.9837979515734986,-0.17928075881083316,-0.4689651910076341,-0.8832166493127115,0.8283957292921167,0.5601432992463464,-0.9943406096530518,-0.1062391264779468,0.9280406337745392,-0.3724789686188359,-0.644981268323751,0.7641983796838917,0.21127575558217862,-0.9774264960104057,0.2717767384711461,0.9623603298276515,-0.6913512362094222,-0.7225188358732966,0.9494491062150231,0.3139210007430115,-0.9857872803589438,0.1679983270229709
2025-04-19,10.0,3830.0,0.0,0,0,Lazada,0.0,1,6970.0,3424.98,2938.29,40395.0,11540.0,4599.274285714284,6108.918571428571,0.9779075127254424,-0.4505021520803444,0.0,-1.509086726480565e-13,1.0,-3.01817345296113e-13,1.0,-2.2535234250093747e-13,1.0,-0.7998392447397374,0.6002142805483442,-0.960149873671585,-0.279485634851667,-0.3527520865490638,-0.9357168190405053,0.5366961939917017,-0.8437755598231212,-0.4840885216389731,-0.8750190302029971,0.8471733374738736,0.531316606434787,-0.9984970627014778,-0.05480525318362537,0.9002345254573021,-0.4354053274532434,-0.5769476201403128,0.8167811479303555,0.10944576864892148,-0.9939927684469574,0.3854133594543103,0.9227440286201491,-0.7839338166829035,-0.6208444016506678,0.9865006565801164,0.1637573038584818,-0.9424798789477827,0.3342628872288587
2025-04-20,2.0,680.69,0.0,0,0,Lazada,0.0,1,11851.0,7303.0,611.8,12009.0,15494.0,6215.5942857142845,5925.255,0.28108671328561036,-0.9425626529406801,0.0,0.7818314824680553,0.6234898018587015,0.9749279121818054,-0.22252093395639416,0.43388373911785727,-0.900968867902275,-0.6601521206712527,0.7511319308705015,-0.9917226741361087,0.12839835514649564,-0.8296770135525722,-0.5582437220269342,-0.2546711202411209,-0.9670277247913488,-0.4990686026885299,-0.8665624788845396,0.8649482509584319,0.5018610596210366,-0.9999947982262414,-0.0032254488771146636,0.8681676914867217,-0.49627095367210083,-0.5046482954181623,0.8633250245020951,0.00645086419811867,-0.9999791929590822,0.49346814167722375,0.8697638720650723,-0.8616928164028432,-0.5074302810827671,0.9999531843608725,0.009676212407278883,-0.871351004013651,0.49066019586308646
2025-04-21,13.0,4846.3,0.0,0,0,Lazada,0.0,0,13911.0,6592.0,863.8499999999999,1993.82,12913.0,6908.911428571426,6231.961428571429,2.8160640516270274,-0.6516210193372152,0.0,0.9749279121818224,-0.2225209339563196,-0.4338837391175677,-0.9009688679024145,-0.7818314824683034,0.6234898018583905,-0.4925480679538374,0.8702852410301705,-0.8573146280763003,0.5147928015098839,-0.9996684675143166,0.025747913654854362,-0.8826787983256058,-0.46997674302721043,-0.5139010013093125,-0.8578494977869288,0.8816994317707871,0.4718115217065719,-0.9988298281778689,0.048362943894772255,0.8319919011831898,-0.554787775969858,-0.42861784100772454,0.9034858860933451,-0.09661270188118258,-0.9953220513156622,0.5943761565849713,0.8041871576214566,-0.9231578729647114,-0.38442104726883736,0.9894848788166567,-0.1446363529448465,-0.7745003397565611,0.6325734927397539
2025-04-22,13.0,4551.200000000001,0.0,0,0,Lazada,0.0,0,11679.0,6970.0,13687.0,27132.0,17631.0,7681.141428571426,6619.993571428572,2.8979652053530836,-0.6103091018066615,0.0,0.4338837391175854,-0.900968867902406,-0.7818314824680674,0.6234898018586863,0.9749279121817426,-0.22252093395666936,-0.3041148323275405,0.9526353808033753,-0.5794210982046023,0.8150283375167839,-0.7998392447396938,0.6002142805484023,-0.9444892287836925,0.32854238191074514,-0.5285813283559264,-0.848882665221457,0.8974070536021539,0.4412035586269685,-0.9950052545447352,0.09982255971656288,0.791878371172426,-0.6106788397097984,-0.34941838995941066,0.9369668023778501,-0.19864794288017135,-0.9800709131432664,0.6866759803451454,0.7269636153323172,-0.9671667297977242,-0.2541427094613888,0.9553461622632828,-0.2954889342239694,-0.6547868630645713,0.7558135775163465
2025-04-23,3.0,1061.0,0.0,0,0,Lazada,0.0,0,17812.0,680.69,7303.0,5826.5,13712.0,8744.598571428569,7480.096428571429,2.9495282284250206,-0.940433415674826,0.0,-0.43388373911749883,-0.9009688679024477,0.7818314824679478,0.6234898018588364,-0.9749279121816785,-0.22252093395695016,-0.10282099713738191,0.9946998756145868,-0.20455206612624316,0.978855685095349,-0.3041148323275255,0.9526353808033801,-0.40045390565134575,0.9163169044869701,-0.5431052396834332,-0.8396646346181317,0.9120525252759655,0.4100733972568013,-0.9885312610933438,0.15101637606962862,0.7480169550331196,-0.6636796177245312,-0.26763550537876785,0.9635202313707022,-0.29856881736371327,-0.954388108317593,0.7690308592589101,0.6392116531380685,-0.9928872135356974,-0.1190587300340401,0.8983536994820369,-0.4392728430337325,-0.5157444481311304,0.8567424725213031
2025-04-24,7.0,2500.55,0.0,0,0,Lazada,0.0,0,1061.0,13911.0,2435.4700000000003,3043.7,7066.66,8798.928571428569,7034.239285714286,0.36669540899263314,1.3567860508953817,0.0,-0.9749279121818011,-0.2225209339564132,0.43388373911774075,-0.9009688679023312,0.7818314824681237,0.6234898018586157,0.10282099713734097,0.9946998756145911,0.20455206612616258,0.9788556850953658,0.30411483232746206,0.9526353808034004,0.4004539056511949,0.9163169044870361,-0.5574684374327854,-0.8301981337405238,0.9256185127518888,0.3784578825324972,-0.9794250862518049,0.20180807818480556,0.7006152447379181,-0.7135392622980371,-0.18387385105134385,0.9829498496360576,-0.39531178876492834,-0.9185469991587109,0.8402480696078407,0.5422021592729941,-0.9998329697701057,0.018276557681653992,0.8198708615029089,-0.5725484874300848,-0.36147754848584257,0.9323808137990964
2025-04-25,9.0,2778.4,0.0,0,0,Lazada,0.0,0,14441.0,11679.0,4527.6900000000005,11361.0,11443.0,8539.535714285712,7599.530714285715,0.8251621857418187,-0.8076033515684509,0.0,-0.7818314824681152,0.6234898018586265,-0.9749279121817627,-0.22252093395658135,-0.4338837391175978,-0.9009688679024,0.30411483232750125,0.9526353808033878,0.5794210982045352,0.8150283375168316,0.7998392447396538,0.6002142805484555,0.9444892287836384,0.3285423819109006,-0.5716666713027055,-0.8204859638785325,0.9380889596420651,0.34639443384336893,-0.9677109772087561,0.2520624220102519,0.6498975881398562,-0.7600217924046637,-0.09875272084577696,0.9951120038093983,-0.48784714544229346,-0.8729290708206514,0.8992961915530209,0.43734009633034154,-0.9878726596350429,0.15526624985999568,0.721775111106802,-0.6921276536786863,-0.1965400358449425,0.980495800251112
2025-04-26,7.0,1950.5300000000002,0.0,0,0,Lazada,0.0,1,14056.0,7732.0,3830.0,20491.0,4255.36,8625.849999999997,7980.7242857142855,1.269335296812289,-0.8612315025611839,0.0,5.4903791362543077e-14,1.0,1.0980758272508615e-13,1.0,-6.266230135560282e-14,1.0,0.49254806795385103,0.8702852410301628,0.8573146280763165,0.5147928015098571,0.9996684675143148,0.02574791365492096,0.8826787983255763,-0.46997674302726583,-0.5856957398073518,-0.8105309990194816,0.9494491062150143,0.3139210007430378,-0.9534201253498683,0.3016455943285785,0.5961040271552002,-0.8029072105849793,-0.012901459949438851,0.9999167727021949,-0.5751899607119777,-0.8180198708443173,0.945320046913129,0.3261441535642785,-0.9572324433233091,0.28931997761870465,0.6064130902482758,-0.7951497745554208,-0.02580077239157904,0.9996671046623461
2025-04-27,8.0,3082.6,0.0,0,0,Lazada,0.0,1,13868.0,1061.0,680.69,2938.29,5913.7,7236.49714285714,7990.547857142857,1.979178772188477,-0.7777184886068648,0.0,0.7818314824679001,0.6234898018588961,0.9749279121819162,-0.22252093395590877,0.4338837391177107,-0.9009688679023456,0.6601521206712218,0.7511319308705287,0.991722674136098,0.12839835514657727,0.8296770135526094,-0.5582437220268789,0.2546711202412801,-0.9670277247913068,-0.5995514915196478,-0.8003361849976331,0.9596855068649515,0.2810760180331313,-0.9365905832039825,0.3504255690637086,0.5394891616674158,-0.8419925441732776,0.07304518821104068,0.9973286321364757,-0.6564105761979325,-0.7544038410927519,0.9776530844816623,0.2102247521189919,-0.9084917035725122,0.41790288888677785,0.47654448379676273,-0.8791503597012725,0.14570011528533724,0.9893288009584272
2025-04-28,18.0,12604.0,0.0,0,0,Lazada,0.0,0,12464.0,14441.0,4846.3,611.8,14060.0,8948.64714285714,8058.755714285714,1.5395583242434085,0.011232349165597011,0.0,0.9749279121818272,-0.2225209339562986,-0.43388373911752887,-0.9009688679024332,-0.7818314824682019,0.6234898018585178,0.7998392447397127,0.6002142805483771,0.960149873671608,-0.279485634851588,0.35275208654912615,-0.9357168190404819,-0.5366961939915628,-0.8437755598232096,-0.6132298262997501,-0.7899045386224707,0.968786046025684,0.24789836027275663,-0.9172671631198638,0.39827245882942647,0.48032094452978874,-0.8770928059481571,0.1584517749608156,0.9873667175937049,-0.7306444969184815,-0.6827580970759256,0.9958270335100587,0.09126072172931925,-0.842572089986603,0.5385835804920232,0.3352760024840378,-0.9421199510456848,0.31290001787991384,0.9497860700235341
2025-04-29,15.0,5266.6,0.0,0,0,Lazada,0.0,0,14407.0,1950.5300000000002,7732.0,10229.0,17460.0,11610.018571428567,10117.934285714287,1.1711391088646306,-0.6344415908933156,0.0,0.43388373911760475,-0.9009688679023966,-0.7818314824680944,0.6234898018586525,0.9749279121819088,-0.22252093395594127,0.9057022630804676,0.4239143907098689,0.7678804460366117,-0.6405931786981612,-0.2546711202411474,-0.9670277247913418,-0.9837979515735098,-0.17928075881077143,-0.626726696508331,-0.7792391467859878,0.9767399525103053,0.2144272957675086,-0.8955013179435021,0.44505886078298773,0.41887941336973905,-0.9080418696596668,0.2426868445825871,0.9701046827361196,-0.7971015927871982,-0.6038452208770984,0.999578685547896,-0.029025013321968957,-0.7607200913564046,0.6490800741100465,0.18598706431516523,-0.982552192968611,0.4708632887360413,0.8822061909330944
2025-04-30,7.0,2434.6000000000004,0.0,0,1,Lazada,0.0,0,5266.6,13868.0,17812.0,13687.0,19437.0,12083.742857142855,9941.834285714285,0.22148328410499568,-0.5377283256750085,0.0,-0.4338837391174794,-0.900968867902457,0.7818314824679209,0.6234898018588702,-0.9749279121817147,-0.22252093395679154,0.9732643737003809,0.22968774213180237,0.4470937929851264,-0.8944870822287894,-0.7678804460365137,-0.6405931786982786,-0.7998392447397362,0.6002142805483458,-0.6400381082043495,-0.7683431655492209,0.9835378122597292,0.18070244009239492,-0.8713510040136402,0.49066019586310566,0.35545536519693777,-0.9346932562893089,0.3251276029998861,0.9456701548465768,-0.8550745085896929,-0.5185051443911576,0.9888537064205892,-0.14889038685644948,-0.6644834655228624,0.7473029667054232,0.03224895228929081,-0.9994798672690927,0.6149269413475972,0.7885840835350969
2025-05-01,6.0,1352.4,0.0,1,0,Lazada,0.0,0,16039.0,12464.0,2500.55,941.78,32242.0,12301.314285714283,9913.305714285714,0.5652887764443902,-0.9156805287112663,0.0,-0.9749279121817963,-0.22252093395643424,0.4338837391177796,-0.9009688679023125,0.7818314824682252,0.6234898018584885,0.9996684675143129,0.025747913654993466,0.05147875477035634,-0.99867408988483,-0.9970175264485299,-0.07717546212660437,-0.10282099713737995,0.9946998756145871,-0.65316012232693,-0.7572198192083128,0.9891715794849547,0.14676370920373982,-0.8448805268402692,0.5349550405091152,0.2903489800882678,-0.9569208273215202,0.40516452242074524,0.9142437912130272,-0.9039461929223978,-0.42764620926778163,0.9638074231367318,-0.26659942067928943,-0.5556819724760497,0.8313949395234054,-0.12226061766544034,-0.9924980309139485,0.7408382980859155,0.6716834195431388
2025-05-02,6.0,2000.0,0.0,0,0,Lazada,0.0,0,15485.0,22894.0,2778.4,2435.4700000000003,34261.0,11125.514285714284,9905.86642857143,1.8155076619620034,-0.8708427510494027,0.0,-0.7818314824679868,0.6234898018587874,-0.9749279121818543,-0.22252093395618006,-0.43388373911692496,-0.900968867902724,0.9837979515735169,-0.17928075881073288,-0.3527520865490895,-0.9357168190404956,-0.8573146280763366,0.5147928015098234,0.6601521206712233,0.7511319308705273,-0.666088855860978,-0.7458723993404055,0.9936345861898663,0.11265127219562662,-0.8161603698771212,0.5778254499777945,0.22386840046372689,-0.9746193817454136,0.4822058478963296,0.8760579434344408,-0.9431964659565816,-0.33223549871591856,0.9248025743285101,-0.3804473662878487,-0.43637296410458437,0.8997658785476248,-0.273845474840547,-0.9617737030660358,0.8448805268402385,0.5349550405091638
2025-05-03,5.0,1578.93,0.0,0,0,Lazada,0.0,1,11960.0,2434.6000000000004,13868.0,6970.0,20129.0,8163.999999999998,10123.871428571429,2.4057563055455935,-0.8679824414715719,0.0,-1.9403109551332145e-13,1.0,-3.880621910266429e-13,1.0,1.0002773978973181e-13,1.0,0.9263239682514952,-0.37672789363518444,-0.6979441547663425,-0.7161521883143943,-0.4004539056513206,0.9163169044869811,0.999668467514313,0.025747913654991492,-0.6788204829862349,-0.7343042638296027,0.9969215500633252,0.07840550375666962,-0.7852670068439935,0.6191572723971475,0.15632827267718988,-0.9877051539613257,0.5556819724760373,0.8313949395234135,-0.9724075561219983,-0.23328854407544913,0.8724040568049486,-0.48878539428901524,-0.30881248126626387,0.9511229423235323,-0.41887941336975154,-0.908041869659661,0.9239823598019326,0.38243509093028083
2025-05-04,41.0,11504.31,0.0,0,0,Lazada,0.0,1,1578.93,16039.0,3082.6,3830.0,40395.0,8041.761428571425,9246.080714285714,2.505499537469006,6.286143147574623,0.0,0.7818314824680285,0.6234898018587353,0.9749279121818246,-0.22252093395631006,0.4338837391175641,-0.9009688679024163,0.8296770135526181,-0.5582437220268659,-0.926323968251496,-0.3767278936351826,0.2045520661260935,0.9788556850953802,0.6979441547663396,-0.7161521883143971,-0.6913512362094074,-0.7225188358733108,0.9990285807311906,0.044066936383448434,-0.7522826980987242,0.658840452720766,0.0880482578246563,-0.9961162102355542,0.6250496486104143,0.7805849965071052,-0.9912685467787254,-0.13185851571739224,0.8073707443023668,-0.5900444739548387,-0.17541259380427923,0.9844950085880857,-0.5538929381563548,-0.8325879011014516,0.9758087555546553,0.2186258735439951
2025-05-05,23.0,7592.81,0.0,1,0,Lazada,0.0,0,29291.0,15485.0,12604.0,680.69,12009.0,11385.177142857141,11049.56,1.2584959496653265,-0.7407801031033423,0.0,0.9749279121818826,-0.2225209339560559,-0.43388373911708034,-0.9009688679026492,-0.7818314824681004,0.6234898018586449,0.6979441547663818,-0.716152188314356,-0.9996684675143158,0.025747913654881792,0.7338853664322448,0.6792733388972438,-0.051478754770133216,-0.9986740898848415,-0.7036774074790111,-0.7105196029692761,0.999953184360873,0.00967621240723552,-0.7172952716008881,0.696769325773608,0.019351518818334693,-0.9998127418269002,0.6897960046655973,0.7240037789593223,-0.9995786855478955,-0.029025013321983647,0.730644496918511,-0.6827580970758941,-0.03869579017654813,0.9992510374388472,-0.6756562619728648,-0.737216803699465,0.9988298281778696,0.04836294389475855
2025-05-06,25.0,7328.52,0.0,0,0,Lazada,0.0,0,23014.0,7877.0,14407.0,4846.3,1993.82,13259.721428571427,10700.189285714285,1.1558967536923237,-0.6815625271573824,0.0,0.4338837391176242,-0.9009688679023873,-0.7818314824681213,0.6234898018586188,0.9749279121818726,-0.2225209339560999,0.5366961939915958,-0.8437755598231886,-0.9057022630804668,0.4239143907098707,0.9917226741361036,0.1283983551465345,-0.7678804460366142,-0.6405931786981581,-0.7157953492826635,-0.6983101158835592,0.9996942666129789,-0.024725964109380424,-0.6803978890506169,0.7328428976086651,-0.0494368091132518,-0.9987772533977233,0.7494423368521932,0.662069621515384,-0.9972495210773462,0.07411742515092866,0.6433365204045131,-0.7655835170076571,0.09875272084576234,0.9951120038093998,-0.7812565682797527,-0.624210040386843,0.992366008614673,-0.12332763253295252
2025-05-07,15.0,4932.2,0.0,0,0,Lazada,0.0,0,12633.0,11504.31,16039.0,7732.0,4356.14,15759.662857142856,11900.712142857143,0.39971946587302803,-0.6095780891316394,0.0,-0.43388373911766487,-0.9009688679023677,0.7818314824681776,0.6234898018585483,-0.9749279121817509,-0.22252093395663294,0.35275208654908763,-0.9357168190404963,-0.6601521206712203,0.75113193087053,0.8826787983255634,-0.46997674302729003,-0.9917226741360976,0.12839835514658118,-0.7277014757264233,-0.6858939875998227,0.9982521339365441,-0.05909887554882843,-0.6416887978251112,0.7669651144255282,-0.11799115725973647,-0.9930146458177281,0.8035476485339171,0.5952404359043599,-0.9843058444990321,0.17647097349152713,0.5467112728686161,-0.8373211953117976,0.23433389447180214,0.9721561736170162,-0.8681676914867003,-0.4962709536721383,0.9566081051665045,-0.2913776469287751
2025-05-08,8.0,2704.89,0.0,0,0,Lazada,0.0,0,4932.2,29291.0,1352.4,17812.0,14869.0,14820.789999999997,11107.369285714285,0.11433735906418509,-0.4515854993714772,0.0,-0.9749279121817914,-0.22252093395645525,0.43388373911781847,-0.9009688679022938,0.7818314824677596,0.6234898018590724,0.15389057670410836,-0.98808789609107,-0.3041148323276077,0.9526353808033539,0.44709379298518953,-0.8944870822287577,-0.5794210982047173,0.8150283375167021,-0.7393922635959223,-0.673274892250185,0.9956284932063298,-0.09340183893100357,-0.6012710693734836,0.7990451183346704,-0.1859870643151508,-0.9825521929686137,0.8517119107469158,0.5240103253675806,-0.9608854255574981,0.2769462022689348,0.44216815196709497,-0.8969321743509951,0.36548399581329205,0.9308176238148639,-0.9343105477678136,-0.35646009640604653,0.8926116709398703,-0.4508263578163246
2025-05-09,13.0,3711.62,0.0,0,0,Lazada,0.0,0,11277.0,23014.0,2000.0,2500.55,3043.7,11549.08714285714,10903.404285714287,0.28690914400579154,-0.6708681386893678,0.0,-0.7818314824680003,0.6234898018587706,-0.9749279121818447,-0.22252093395622208,-0.4338837391170715,-0.9009688679026535,-0.05147875477035831,-0.9986740898848299,0.10282099713738388,0.9946998756145866,-0.15389057670392828,-0.9880878960910979,0.20455206612624702,0.9788556850953481,-0.7508642533989479,-0.6604565640279764,0.9918264497026019,-0.12759425406471905,-0.559252324766346,0.8289974892865704,-0.25310271202292417,-0.9674394126593359,0.8935790198239982,0.4489059314938739,-0.9272375462179571,0.3744736744868748,0.3312212278017094,-0.9435531242349464,0.48972307812388555,0.8718780343332815,-0.9781028708075103,-0.2081220173794852,0.8022658445149495,-0.5969669293392347
2025-05-10,4.0,1368.0,0.0,0,0,Lazada,0.0,1,18440.0,18954.0,11960.0,2778.4,11361.0,10378.95857142857,11780.162857142857,0.5922800224139919,-0.9258134490238612,0.0,1.1781368497278125e-14,1.0,2.356273699455625e-14,1.0,2.6271778093506643e-13,1.0,-0.25467112024124217,-0.9670277247913168,0.4925480679538886,0.8702852410301416,-0.6979441547663734,-0.7161521883143642,0.8573146280763609,0.5147928015097831,-0.7621140503891487,-0.6474427960827475,0.9868505034357967,-0.16163565160110765,-0.5157444481311358,0.8567424725212998,-0.3190204483114522,-0.9477478322629707,0.9288394302558037,0.3704825404821042,-0.8837203473620052,0.46801532844382016,0.2154773150467252,-0.9765088461966202,0.6047018766694798,0.79645190711832,-0.9984970627014758,-0.0548052531836606,0.6882375836422409,-0.725485374395852
2025-05-11,7.0,2465.0,0.0,0,0,Lazada,0.0,1,9341.0,4932.2,11504.31,1950.5300000000002,20491.0,7396.387142857142,11578.025,1.4544480867615348,-0.7361096242372337,0.0,0.781831482468015,0.6234898018587521,0.9749279121818342,-0.22252093395626804,0.43388373911823697,-0.9009688679020922,-0.44709379298507734,-0.8944870822288139,0.7998392447396703,0.6002142805484336,-0.9837979515735148,-0.17928075881074443,0.9601498736716475,-0.2794856348514525,-0.7731383255706009,-0.6342374393978075,0.9807065438204127,-0.1954857409322249,-0.47086328873606675,0.8822061909330808,-0.3834282907116297,-0.9235706501843581,0.9572324433233131,0.2893199776186915,-0.8307970168121377,0.5565755266413108,0.09661270188119721,-0.9953220513156608,0.7082462315032338,0.705965491763916,-0.9950052545447317,0.09982255971659848,0.5538929381563726,-0.8325879011014397
2025-05-12,18.0,4686.32,0.0,0,0,Lazada,0.0,0,9449.0,11277.0,7592.81,3082.6,2938.29,8007.374285714283,9515.074285714287,1.398975893298292,-0.5040406392210817,0.0,0.9749279121818368,-0.22252093395625655,-0.4338837391174512,-0.9009688679024707,-0.781831482467999,0.6234898018587721,-0.6206094818274369,-0.7841198065766992,0.9732643737003908,0.22968774213176038,-0.9057022630804967,0.4239143907098068,0.44709379298504925,-0.8944870822288279,-0.7839338166829195,-0.6208444016506478,0.9734018427044314,-0.22910445787809833,-0.42472835251601865,0.9053208417842973,-0.44602140294068143,-0.8950222947607653,0.9785481345802008,0.2060183203251818,-0.7690308592589196,0.6392116531380572,-0.023651127245238848,-0.9997202729664081,0.7983981991447693,0.6021298162376526,-0.9677109772087542,0.252062422010259,0.4031976860871058,-0.9151129033807816
2025-05-13,9.0,3044.5,0.0,0,0,Lazada,0.0,0,12166.0,18440.0,7328.52,12604.0,611.8,8273.61714285714,8532.610714285713,1.048833117231027,-0.7497534111458162,0.0,0.43388373911743877,-0.9009688679024767,-0.7818314824678646,0.6234898018589407,0.9749279121818364,-0.2225209339562585,-0.767880446036613,-0.6405931786981597,0.9837979515735091,-0.17928075881077532,-0.4925480679539602,0.870285241030101,-0.35275208654917023,-0.9357168190404652,-0.7944973291665992,-0.6072676460566137,0.9649450457625344,-0.26245201210571895,-0.3774624838618152,0.9260248772451358,-0.5065035376636444,-0.8622378826833191,0.9926289059345096,0.12119346147073479,-0.6990793005655629,0.7150441465537378,-0.1435724234118194,-0.9896398128792401,0.873453075773423,0.48690833266842637,-0.9172671631198779,0.3982724588293941,0.2406002661322232,-0.970624289793483
2025-05-14,12.0,4456.3,0.0,0,0,Lazada,0.0,0,16615.0,2465.0,4932.2,5266.6,10229.0,8900.11714285714,8148.252142857143,0.8855177191423687,-0.7317905507071922,0.0,-0.43388373911744055,-0.9009688679024758,0.7818314824678672,0.6234898018589375,-0.9749279121817871,-0.22252093395647432,-0.8826787983255311,-0.4699767430273506,0.8296770135526575,-0.5582437220268074,0.10282099713742678,0.9946998756145822,-0.9263239682514428,-0.37672789363531334,-0.8048257371083435,-0.5935111901961172,0.9553461622632805,-0.2954889342239769,-0.32919153851998806,0.9442631682782312,-0.5645884386042864,-0.8253725795023565,0.9993706508539965,0.03547255575313942,-0.6216868902665387,0.7832658619336864,-0.26141439851116494,-0.9652266636656106,0.9319916318560555,0.3624797899887478,-0.8448805268402501,0.5349550405091456,0.07090046226093924,-0.9974833955766809
2025-05-15,9.0,2799.27,0.0,0,1,Lazada,0.0,0,4456.3,9449.0,2704.89,2434.6000000000004,13687.0,9184.588571428569,8114.259285714286,0.42764549239443983,-0.3718398671543658,0.0,-0.9749279121818373,-0.2225209339562546,0.4338837391174476,-0.9009688679024723,0.781831482467861,0.6234898018589452,-0.9601498736716085,-0.2794856348515861,0.5366961939915594,-0.8437755598232117,0.6601521206712438,0.7511319308705092,-0.9057022630804302,0.42391439070994885,-0.8149159841660786,-0.579579104825762,0.9446165532223613,-0.32817612249873673,-0.28004404847435416,0.9599871514317749,-0.6200011953692722,-0.7846008652433882,0.9987235240803973,-0.05051061718522145,-0.5376773767406342,0.8431506618281872,-0.3754703786876298,-0.9268343944460455,0.9729069486773321,0.23119703548134699,-0.7522826980987286,0.6588404527207609,-0.10089228319740048,-0.994897355103136
2025-05-16,6.0,2228.5,0.0,0,0,Lazada,0.0,0,32846.0,12166.0,3711.62,1352.4,941.78,12257.43857142857,9661.643571428573,1.6718732294520453,-0.9321530780003653,0.0,-0.7818314824681555,0.6234898018585759,-0.9749279121817339,-0.22252093395670747,-0.4338837391172181,-0.9009688679025829,-0.9970175264485244,-0.07717546212667668,0.15389057670412193,-0.9880878960910677,0.9732643737003746,0.22968774213182908,-0.3041148323276338,0.9526353808033455,-0.8247650844733593,-0.5654755126737606,0.9327689179559807,-0.36047488913269515,-0.23015087970124468,0.9731549581504187,-0.6724795445732124,-0.7401157086095423,0.9906923101615632,-0.13612033862265063,-0.4479449394078936,0.8940611451454864,-0.48408852163898575,-0.8750190302029901,0.9954253493144507,0.09554252426120984,-0.6416887978251492,0.7669651144254964,-0.26970674546009604,-0.9629425068265098
2025-05-17,2.0,664.55,0.0,0,0,Lazada,0.0,1,14778.0,13875.0,1368.0,2000.0,2435.4700000000003,12514.009999999998,9294.135,1.9388289560414351,-0.9550311273514684,0.0,-9.779842935354351e-15,1.0,-1.9559685870708702e-14,1.0,-4.840868796925272e-13,1.0,-0.9917226741361052,0.12839835514652284,-0.25467112024117394,-0.9670277247913348,0.926323968251527,-0.37672789363510634,0.49254806795376577,0.8702852410302111,-0.8343701235229523,-0.55120458721993,0.9198172790502218,-0.3923470060554131,-0.17964488371031764,0.9837315262594294,-0.721775111106782,-0.6921276536787072,0.9753363880767846,-0.2207236509604982,-0.35344467127409696,0.9354554315134129,-0.5856957398073606,-0.8105309990194752,0.9991210282680505,-0.04191862202641508,-0.5157444481311052,0.8567424725213182,-0.43055961698186646,-0.9025621398133363
2025-05-18,6.0,2056.0,0.0,0,0,Lazada,0.0,1,15298.0,2799.27,9449.0,1578.93,6970.0,12988.902857142855,11086.745714285715,6.552385069013477,-0.8656033468427246,0.0,0.7818314824680015,0.623489801858769,0.9749279121818438,-0.222520933956226,0.43388373911727096,-0.9009688679025574,-0.9444892287836512,0.32854238191086366,-0.6206094818274708,-0.7841198065766725,0.536696193991523,-0.8437755598232349,0.9732643737004106,0.22968774213167645,-0.8437282590292721,-0.536770551460709,0.9057769657642525,-0.4237547501691329,-0.12866054379809883,0.9916886933254697,-0.7676545836727721,-0.6408638234181915,0.952769292216857,-0.30369503751064053,-0.25518241312336193,0.966892928939155,-0.6788204829862245,-0.7343042638296122,0.9839241031140655,-0.17858711966763405,-0.3774624838618215,0.9260248772451333,-0.5787026118775697,-0.8155386483828213
2025-05-19,4.0,1341.51,0.0,0,0,Lazada,0.0,0,2056.0,32846.0,4686.32,11504.31,3830.0,12882.721428571427,10558.674285714285,4.969343920511016,-0.34751459143968877,0.0,0.9749279121818416,-0.22252093395623554,-0.43388373911741235,-0.9009688679024893,-0.7818314824678976,0.6234898018588994,-0.8573146280763447,0.51479280150981,-0.8826787983255246,-0.4699767430273627,-0.051478754770387686,-0.9986740898848284,0.8296770135526729,-0.5582437220267846,-0.852836721769457,-0.5221776766595119,0.8906645958869792,-0.4546609479969486,-0.07733361695682035,0.9970052716452285,-0.8099008190265863,-0.5865668447330319,0.9231578729647062,-0.38442104726885,-0.15420404756268544,0.9880390233767515,-0.7621140503891396,-0.6474427960827581,0.950121935926246,-0.3118786733198704,-0.23015087970123752,0.9731549581504204,-0.7097626326391527,-0.7044409168334411
2025-05-20,21.0,11531.96,0.0,0,0,Lazada,0.0,0,16331.0,664.55,13875.0,23014.0,13911.0,9760.865714285712,11137.437857142857,5.432399265040641,-0.2938607556181496,0.0,0.43388373911766304,-0.9009688679023686,-0.781831482468175,0.6234898018585514,0.9749279121820026,-0.2225209339555304,-0.7338853664322141,0.6792733388972769,-0.9970175264485233,-0.07717546212669037,-0.6206094818274155,-0.7841198065767162,0.15389057670414902,-0.9880878960910635,-0.8616928164028526,-0.5074302810827511,0.8744980560685739,-0.48502901968056034,-0.02580077239154279,0.999667104662347,-0.8483138696949922,-0.5294937001354292,0.8867210630830031,-0.4623048304797915,-0.051584366869411605,0.9986686402879996,-0.8343701235229465,-0.5512045872199387,0.8983536994820115,-0.4392728430337844,-0.07733361695679886,0.9970052716452301,-0.8198708615028966,-0.5725484874301026
2025-05-21,20.0,6836.83,0.0,0,0,Lazada,0.0,0,25401.0,15298.0,4456.3,18954.0,11679.0,11755.209999999995,11597.649285714286,0.8920383889838079,-0.7308440612574307,0.0,-0.433883739117626,-0.9009688679023864,0.7818314824681237,0.6234898018586157,-0.9749279121818233,-0.2225209339563157,-0.5794210982045337,0.8150283375168327,-0.9444892287836371,0.32854238191090435,-0.960149873671585,-0.279485634851667,-0.6206094818275384,-0.784119806576619,-0.8702939222685683,-0.49253272872205284,0.8572964806503122,-0.5148230222752174,0.025800772391535935,0.9996671046623472,-0.8827119303086023,-0.469914511470822,0.8437282590292757,-0.5367705514607031,0.05158436686939791,0.9986686402880003,-0.8945422369764441,-0.4469834295196851,0.8295982910008662,-0.5583607038182773,0.07733361695680668,0.9970052716452296,-0.9057769657642466,-0.4237547501691453
2025-05-22,8.0,4742.8,0.0,0,0,Lazada,0.0,0,20723.0,1341.51,32846.0,4932.2,7732.0,13213.185714285713,13047.953571428572,1.2453337509944826,-0.7711335231385417,0.0,-0.9749279121817819,-0.2225209339564973,0.43388373911789613,-0.9009688679022564,0.7818314824679624,0.623489801858818,-0.40045390565128286,0.9163169044869975,-0.7338853664322235,0.6792733388972668,-0.9444892287836976,0.3285423819107303,-0.9970175264485212,-0.0771754621267177,-0.8786374941610001,-0.47748942800283917,0.8390802290175677,-0.544007692291043,0.07733361695681353,0.997005271645229,-0.9129321980697737,-0.40811126145634796,0.7944973291666142,-0.607267646056594,0.1542040475626719,0.9880390233767536,-0.9417589340994579,-0.3362887301766936,0.7451558219567437,-0.6668903965450168,0.23015087970124515,0.9731549581504186,-0.9649450457625215,-0.26245201210576646
2025-05-23,6.0,2174.0,0.0,0,0,Lazada,0.0,0,19266.0,16331.0,14778.0,11277.0,1061.0,14976.084285714283,12257.54642857143,0.516129222173422,-0.8871587252154054,0.0,-0.7818314824680271,0.6234898018587368,-0.9749279121818255,-0.22252093395630618,-0.43388373911736466,-0.9009688679025123,-0.2045520661262163,0.9788556850953546,-0.40045390565129546,0.9163169044869921,-0.5794210982045097,0.8150283375168498,-0.7338853664322421,0.6792733388972467,-0.8867210630829934,-0.4623048304798102,0.8198708615029207,-0.5725484874300679,0.1286605437981061,0.9916886933254687,-0.938831643282968,-0.3443764590830826,0.7393922635959317,-0.6732748922501747,0.2551824131233762,0.9668929289391512,-0.9753363880767816,-0.22072365096051158,0.6466230339778805,-0.7628097088587958,0.3774624838618288,0.9260248772451303,-0.9956284932063273,-0.09340183893103136
2025-05-24,10.0,3573.11,0.0,0,0,Lazada,0.0,1,13652.0,25401.0,22308.0,18440.0,14441.0,13256.518571428567,12284.935714285715,1.0350715642722108,-0.7382720480515675,0.0,-3.134105436798683e-14,1.0,-6.268210873597365e-14,1.0,-3.2139683854719255e-13,1.0,4.312737471035766e-14,1.0,8.625474942071532e-14,1.0,1.5695286409456948e-14,1.0,1.7250949884143064e-13,1.0,-0.8945422369764503,-0.4469834295196726,0.799691113867867,-0.6004116274696637,0.1796448837103109,0.9837315262594306,-0.9602876863008684,-0.2790117551984596,0.6788204829862555,-0.7343042638295836,0.35344467127408413,0.9354554315134178,-0.9947883056093261,-0.10196189005175445,0.5358631057005461,-0.8443048809221497,0.515744448131112,0.8567424725213142,-0.9969215500633295,0.07840550375661344
2025-05-25,11.0,3908.0,0.0,0,0,Lazada,0.0,1,13489.0,20723.0,2056.0,9341.0,14056.0,11088.55857142857,10817.515,1.1443031575282565,-0.7102824523685967,0.0,0.7818314824679881,0.6234898018587859,0.9749279121818534,-0.22252093395618394,0.4338837391179438,-0.9009688679022334,0.20455206612618942,0.9788556850953603,0.40045390565124517,0.9163169044870141,0.5794210982045352,0.8150283375168316,0.7338853664321675,0.6792733388973272,-0.9020987014301837,-0.43152975897147156,0.7785648703932893,-0.6275641342440473,0.230150879701238,0.9731549581504203,-0.977198777682387,-0.21232651482103868,0.6132298262997611,-0.7899045386224621,0.4479449394078814,0.8940611451454925,-0.9998329697701052,0.01827655768168339,0.41497042150536045,-0.9098349022079025,0.6416887978251116,0.7669651144255278,-0.9687860460256909,0.24789836027272957
2025-05-26,16.0,7478.120000000001,0.0,0,0,Lazada,0.0,0,14127.0,19266.0,10327.0,9449.0,13868.0,10027.015714285712,11863.05,1.1233343216049578,-0.47065052735895796,0.0,0.9749279121818464,-0.2225209339562145,-0.4338837391173735,-0.9009688679025081,-0.7818314824683632,0.6234898018583155,0.40045390565125777,0.9163169044870085,0.7338853664321862,0.6792733388973071,0.9444892287836332,0.32854238191091545,0.9970175264485296,-0.07717546212660831,-0.9093882203647928,-0.41594839182494137,0.756517135610562,-0.65397387067649,0.2800440484743339,0.9599871514317808,-0.9894848788166607,-0.14463635294481889,0.5431052396834568,-0.8396646346181165,0.5376773767405987,0.8431506618282099,-0.9903973200352567,0.13825031091097503,0.28623096833217576,-0.9581606508136435,0.7522826980987338,0.6588404527207549,-0.9120525252759886,0.4100733972567499
2025-05-27,8.0,3441.08,0.0,0,0,Lazada,0.0,0,15270.0,13652.0,11531.96,12166.0,12464.0,10213.889999999998,11583.772857142856,0.534019469007454,-0.7746509495743288,0.0,0.43388373911768247,-0.9009688679023592,-0.7818314824682019,0.6234898018585177,0.974927912181764,-0.2225209339565757,0.5794210982045113,0.8150283375168486,0.944489228783619,0.3285423819109562,0.9601498736715762,-0.27948563485169714,0.6206094818276244,-0.7841198065765508,-0.916408636694345,-0.4002439388573073,0.7335740047067996,-0.6796095788159761,0.329191538519995,0.9442631682782288,-0.9970878407382738,-0.0762616407631432,0.46896519100762135,-0.8832166493127183,0.6216868902665502,0.7832658619336773,-0.9666180104000988,0.2562218218071104,0.15207910943936073,-0.9883683242962266,0.8448805268402543,0.5349550405091389,-0.8283957292921005,0.5601432992463704
2025-05-28,9.0,2710.69,0.0,0,0,Lazada,0.0,0,3441.08,3573.11,25401.0,3044.5,12604.0,8755.187142857141,11005.852857142858,0.6091646136011484,-0.21225603589570718,0.0,-0.43388373911740175,-0.9009688679024944,0.7818314824678133,0.6234898018590049,-0.9749279121818595,-0.2225209339561571,0.7338853664321955,0.679273338897297,0.9970175264485275,-0.07717546212663566,0.6206094818273908,-0.7841198065767357,-0.1538905767040406,-0.9880878960910805,-0.9231578729647035,-0.38442104726885634,0.7097626326391624,-0.7044409168334315,0.3774624838618088,0.9260248772451385,-0.999971679340883,-0.007525989381749102,0.3913578365610297,-0.9202385798054059,0.6990793005655531,0.7150441465537475,-0.9288394302558087,0.3704825404820915,0.015051552481538607,-0.9998867189676516,0.9172671631198583,0.39827245882943907,-0.7202851594252763,0.6936780875245407
2025-05-29,10.0,3140.09,0.0,0,0,Lazada,0.0,0,18671.0,14127.0,4742.8,4456.3,5266.6,11527.555714285712,10106.985714285716,0.6775662016458716,-0.8318199346580258,0.0,-0.9749279121818276,-0.22252093395629663,0.43388373911752526,-0.9009688679024349,0.7818314824680639,0.6234898018586907,0.8573146280763306,0.5147928015098335,0.8826787983255505,-0.4699767430273143,0.051478754770356336,-0.99867408988483,-0.8296770135526116,-0.5582437220268757,-0.9296339319682697,-0.3684843993077786,0.6851112019949124,-0.7284384949335712,0.4247283525160125,0.9053208417843002,-0.9981227456866076,0.06124528180217282,0.31085696824349485,-0.950456703534918,0.7690308592589108,0.6392116531380677,-0.8776087166898409,0.4793776594606915,-0.12226061766546951,-0.9924980309139448,0.9677109772087562,0.2520624220102514,-0.5909121786151416,0.8067358905889257
2025-05-30,2.0,675.27,0.0,0,1,Lazada,0.0,0,3140.09,7478.120000000001,19266.0,2799.27,2434.6000000000004,9957.99714285714,9992.506428571429,0.6326659878874211,-0.7849520236681115,0.0,-0.7818314824681823,0.6234898018585422,-0.9749279121817147,-0.22252093395679157,-0.43388373911751127,-0.9009688679024417,0.9444892287836422,0.3285423819108895,0.6206094818275139,-0.7841198065766384,-0.5366961939915496,-0.8437755598232181,-0.9732643737004358,0.22968774213156964,-0.9358348973349935,-0.35243871088460504,0.6596488896351436,-0.7515739101399955,0.47086328873604816,0.8822061909330907,-0.9915497906051826,0.12972668480624433,0.22805777122152637,-0.9736476020539824,0.8307970168121143,0.5565755266413459,-0.8136678304456006,0.5813300798152022,-0.25726093431107216,-0.9663419744983627,0.9950052545447324,0.09982255971659067,-0.4440958041592297,0.8959793059709399
2025-05-31,12.0,4043.8,0.0,0,1,Lazada,0.0,1,26772.0,3441.08,13652.0,2228.5,1352.4,10629.304285714285,10421.597142857145,5.994109334418871,-0.8489541311818317,0.0,-5.29022658006193e-14,1.0,-1.058045316012386e-13,1.0,-1.5870679740185791e-13,1.0,0.9917226741361016,0.12839835514655004,0.254671120241227,-0.9670277247913208,-0.9263239682514531,-0.3767278936352879,-0.49254806795386125,0.870285241030157,-0.9417589340994613,-0.33628873017668376,0.6334058321617101,-0.7738197799123071,0.5157444481311179,0.8567424725213106,-0.9802839232770926,0.19759410356706297,0.14357242341180482,-0.9896398128792422,0.8837203473619855,0.4680153284438574,-0.7379428103031397,0.6748632518680391,-0.3873966461222813,-0.9219131404710575,0.9984970627014784,-0.05480525318361168,-0.28416997247975573,0.9587739184713229
2025-06-01,5.0,2737.0,0.0,0,0,Lazada,0.0,1,27440.0,18995.0,13489.0,664.55,2000.0,14248.165714285711,11440.074999999999,5.864145998128167,-0.9002551020408163,0.0,0.7818314824681164,0.6234898018586249,0.9749279121817618,-0.22252093395658526,0.4338837391177972,-0.900968867902304,0.9970175264485265,-0.07717546212664933,-0.15389057670406772,-0.9880878960910763,-0.9732643737003673,0.2296877421318596,0.3041148323275293,0.952635380803379,-0.9474042892438849,-0.3200392362231378,0.6064130902482753,-0.7951497745554212,0.5592523247663403,0.8289974892865742,-0.9643784639967448,0.2645263279510743,0.05802556932878932,-0.9983150972033178,0.927237546217952,0.3744736744868875,-0.6515303615068027,0.7586225596664095,-0.5102069876723123,-0.8600516436414414,0.9781028708075087,-0.20812201737949287,-0.11585560376949633,0.9932660666081398
2025-06-02,9.0,3977.95,0.0,0,0,Lazada,0.0,0,32906.0,3140.09,14127.0,15298.0,11960.0,13959.165714285711,12743.360714285713,7.434491409853833,-0.8791117121497599,0.0,0.9749279121818512,-0.2225209339561935,-0.43388373911733463,-0.9009688679025267,-0.7818314824682618,0.6234898018584426,0.9601498736716162,-0.27948563485155975,-0.5366961939915131,-0.8437755598232413,-0.6601521206712203,0.75113193087053,0.9057022630803837,0.4239143907100482,-0.9527692922168506,-0.3036950375106606,0.578702611877604,-0.8155386483827969,0.6012710693734782,0.7990451183346745,-0.9439086918125109,0.3302065740120785,-0.02795029824021421,-0.9996093140964039,0.9608854255574943,0.276946202268948,-0.5556819724760724,0.83139493952339,-0.6233697106072641,-0.7819272369584115,0.9343105477678311,-0.35646009640600074,0.055878756905380904,0.9984375616565662
2025-06-03,16.0,4644.0,0.0,0,0,Lazada,0.0,0,19859.0,4043.8,3441.08,10327.0,29291.0,15729.249999999998,13179.277142857143,2.5874452844210194,-0.7661513671383252,0.0,0.43388373911749706,-0.9009688679024486,-0.7818314824679453,0.6234898018588395,0.9749279121819301,-0.22252093395584766,0.8826787983255441,-0.4699767430273264,-0.8296770135526269,-0.5582437220268528,-0.10282099713739555,0.9946998756145854,0.9263239682514841,-0.37672789363521164,-0.9578523554276666,-0.2872609705505973,0.5503071945286544,-0.8349622695966578,0.6416887978251168,0.7669651144255235,-0.9189714882380293,0.39432398330000357,-0.1137195145859381,-0.9935128947338019,0.9843058444990347,0.17647097349151267,-0.4517857898329084,0.8921264484954221,-0.7247449955623042,-0.689017192388837,0.8681676914867246,-0.4962709536720957,0.22596360824799636,0.9741357440046772
2025-06-04,12.0,4063.29,0.0,0,0,Lazada,0.0,0,16912.0,2737.0,18995.0,11531.96,23014.0,14310.992857142855,14279.579285714286,2.1583749189165533,-0.7597392384105961,0.0,-0.43388373911758715,-0.9009688679024052,0.78183148246807,0.6234898018586832,-0.9749279121816933,-0.2225209339568852,0.7678804460365941,-0.6405931786981822,-0.9837979515735197,-0.17928075881071745,0.49254806795378964,0.8702852410301976,0.35275208654906015,-0.9357168190405067,-0.9626519747161489,-0.2707418984477634,0.5212604463582771,-0.8533976488498018,0.6803978890506015,0.7328428976086794,-0.8896848787211038,0.4565750941247396,-0.19864794288017232,-0.9800709131432663,0.9972495210773431,0.07411742515097068,-0.3413465142450611,0.9399375283564043,-0.812415914486891,-0.5830783668499704,0.7812565682797478,-0.6242100403868491,0.3893781415452038,0.9210779895789516
2025-06-05,27.0,9339.61,0.0,0,0,Lazada,0.0,0,27676.0,3977.95,3140.09,6836.83,18954.0,13753.319999999998,13856.242857142857,1.4448250502321571,-0.6625375776846365,0.0,-0.9749279121818228,-0.22252093395631767,0.4338837391175641,-0.9009688679024163,0.7818314824681654,0.6234898018585636,0.6206094818274585,-0.7841198065766822,-0.9732643737004034,0.22968774213170698,0.90570226308051,0.4239143907097784,-0.4470937929849511,-0.894487082228877,-0.9671667297977308,-0.254142709461364,0.4915967464233645,-0.8708229664552735,0.7172952716008834,0.6967693257736128,-0.8561874740403101,0.5166652778119246,-0.28210766268190607,-0.9593827529490782,0.999578685547896,-0.029025013321969936,-0.22596360824804312,0.9741357440046664,-0.8847246782682536,-0.46611398140705357,0.675656261972901,-0.7372168036994319,0.541298452103594,0.8408305333123038
2025-06-06,32.0,8867.78,0.0,1,0,Lazada,0.0,0,58527.0,19859.0,26772.0,4742.8,4932.2,20145.842857142852,18431.332142857143,1.5260773068200153,-0.8484839475797495,0.0,-0.7818314824680541,0.6234898018587032,-0.9749279121818063,-0.22252093395639025,-0.4338837391176578,-0.9009688679023711,0.4470937929851019,-0.8944870822288016,-0.7998392447397032,0.6002142805483897,0.9837979515735091,-0.17928075881077532,-0.9601498736716167,-0.27948563485155786,-0.9713952846837499,-0.2374683155584685,0.46135120399057816,-0.8872175982116473,0.7522826980987196,0.6588404527207712,-0.818637814273145,0.5743101331528878,-0.363481612482905,-0.9316013725767193,0.9912685467787272,-0.13185851571737867,-0.10730813165638615,0.9942258118156135,-0.9403039842383979,-0.3403357419158245,0.5538929381563955,-0.8325879011014244,0.677239938190947,0.7357622347736545
2025-06-07,8.0,2865.7,0.0,0,0,Lazada,0.0,1,8867.78,4644.0,4043.8,19266.0,2704.89,18575.668571428567,17152.459285714285,1.5388358837046456,-0.6768413289459143,0.0,-7.446347723325178e-14,1.0,-1.4892695446650357e-13,1.0,3.9832437434767196e-15,1.0,0.2546711202412687,-0.9670277247913098,-0.49254806795393635,0.8702852410301145,0.6979441547663509,-0.7161521883143861,-0.8573146280764175,0.514792801509689,-0.975336388076783,-0.2207236509605049,0.43055961698187883,-0.9025621398133304,0.7852670068439981,0.6191572723971417,-0.777213618440745,0.6292368324488355,-0.44216815196705717,-0.8969321743510138,0.9724075561219948,-0.23328854407546343,0.012901459949396718,0.9999167727021955,-0.9781028708075046,-0.20812201737951205,0.41887941336974444,-0.9080418696596643,0.7931896839451642,0.6089746507720748
2025-06-08,11.0,3837.7,0.0,0,0,Lazada,0.0,1,37524.0,4063.29,2737.0,13652.0,3711.62,21266.197142857138,17788.595,2.8694797654963793,-0.8977267881888924,0.0,0.7818314824679612,0.6234898018588195,0.9749279121818726,-0.22252093395609987,0.43388373911765066,-0.9009688679023745,0.05147875477038571,-0.9986740898848285,-0.10282099713743845,0.994699875614581,0.1538905767041219,-0.9880878960910677,-0.20455206612635443,0.9788556850953257,-0.9789888737409315,-0.20391367068311653,0.39925842960488694,-0.916838429817075,0.8161603698771173,0.5778254499778002,-0.7321109433803513,0.6811854127788791,-0.5175855102531857,-0.8556314858488726,0.9431964659565861,-0.33223549871590563,0.1329242031560694,0.9911262059976641,-0.9974065903329585,-0.07197286683453616,0.2738454748405941,-0.9617737030660225,0.8857249183835603,0.4642104791518988
2025-06-09,18.0,6972.1,0.0,0,0,Lazada,0.0,0,15137.0,58527.0,19141.0,3908.0,9341.0,21643.59714285714,18081.434285714284,2.0273655039692975,-0.539400145339235,0.0,0.9749279121818054,-0.22252093395639413,-0.4338837391177055,-0.9009688679023482,-0.7818314824681604,0.6234898018585698,-0.15389057670408127,-0.9880878960910742,0.30411483232755543,0.9526353808033705,-0.4470937929852176,-0.8944870822287437,0.579421098204628,0.8150283375167657,-0.9823516608469235,-0.18704334906991754,0.3674846892184087,-0.9300295711374179,0.8448805268402655,0.534955040509121,-0.6835432558267279,0.7299100063800992,-0.5891760872322808,-0.8080046647350867,0.9039461929224036,-0.42764620926776925,0.2510218406258622,0.9679814231320786,-0.9978501244431215,0.06553723482759273,0.12226061766548897,-0.9924980309139425,0.9521140536680984,0.3057430764673197
2025-06-10,8.0,3065.01,0.0,0,0,Lazada,0.0,0,14506.0,2865.7,4644.0,7478.120000000001,9449.0,15084.071428571426,16829.87,2.2869649539801986,-0.7887074314076934,0.0,0.4338837391177213,-0.9009688679023405,-0.7818314824682557,0.6234898018584503,0.9749279121818939,-0.22252093395600625,-0.352752086549062,-0.935716819040506,0.6601521206711791,0.7511319308705662,-0.8826787983255782,-0.46997674302726233,0.9917226741360835,0.12839835514668999,-0.9854237542919517,-0.17011767832049413,0.3352760024840238,-0.9421199510456898,0.8713510040136369,0.49066019586311166,-0.6317404220940861,0.7751800043166658,-0.6564105761979333,-0.7544038410927514,0.8550745085897,-0.5185051443911458,0.3654839958133194,0.9308176238148532,-0.9794250862518118,0.20180807818477198,-0.03224895228929865,-0.9994798672690924,0.990397320035254,0.13825031091099443
2025-06-11,8.0,3438.8,0.0,0,0,Lazada,0.0,0,24242.0,3837.7,4063.29,3441.08,12166.0,13215.115714285714,17240.65642857143,1.551917750429832,-0.8581470175728075,0.0,-0.4338837391175677,-0.9009688679024145,0.7818314824680431,0.6234898018587168,-0.9749279121817296,-0.22252093395672656,-0.5366961939915726,-0.8437755598232033,0.9057022630804435,0.4239143907099204,-0.9917226741360996,0.1283983551465656,0.7678804460366845,-0.6405931786980739,-0.988204244994142,-0.1531416670131219,0.30267049085569286,-0.9530952596488842,0.895501317943499,0.44505886078299384,-0.5769476201403236,0.816781147930348,-0.718791877288408,-0.6952253139408879,0.7971015927872065,-0.6038452208770874,0.4746529438919437,0.8801730414269181,-0.9424798789477916,0.33426288722883374,-0.18598706431517295,-0.9825521929686095,0.9994446170919873,-0.03332352571158764
2025-06-12,10.0,2605.15,0.0,1,0,Lazada,0.0,0,21036.0,15137.0,9339.61,18995.0,13875.0,12628.129999999996,16721.764285714286,1.4349555859173377,-0.8761575394561704,0.0,-0.9749279121818181,-0.22252093395633868,0.433883739117603,-0.9009688679023975,0.7818314824676997,0.6234898018591475,-0.6979441547663622,-0.7161521883143752,0.9996684675143145,0.025747913654936637,-0.7338853664322235,0.6792733388972668,0.051478754770242795,-0.9986740898848359,-0.9906923101615613,-0.13612033862266448,0.2697067454601229,-0.9629425068265023,0.917267163119861,0.3982724588294328,-0.5194241791627763,0.8545165429066169,-0.7758587728069771,-0.6309066211876774,0.7306444969184909,-0.6827580970759155,0.5769476201403247,0.8167811479303471,-0.8877131077605656,0.46039704420215216,-0.3352760024839917,-0.9421199510457012,0.9789888737409356,-0.20391367068309713
2025-06-13,5.0,1881.0,0.0,0,0,Lazada,0.0,0,18017.0,14506.0,8867.78,3140.09,4456.3,12415.70857142857,13347.16,2.0748326986274352,-0.8955986013209747,0.0,-0.7818314824680676,0.6234898018586863,-0.9749279121817968,-0.2225209339564323,-0.43388373911698497,-0.9009688679026951,-0.8296770135526028,-0.5582437220268887,0.9263239682515166,-0.37672789363513176,-0.20455206612628535,0.9788556850953402,-0.697944154766261,-0.7161521883144737,-0.9928872135356958,-0.1190587300340535,0.23642378142122006,-0.9716500376053567,0.93659058320398,0.350425569063715,-0.4594423522174582,0.8882075911569823,-0.8271893372462358,-0.5619233046832398,0.6564105761979429,-0.7544038410927429,0.6708865180801669,0.7415600311898356,-0.8161603698771328,0.5778254499777781,-0.4765444837967696,-0.8791503597012689,0.9296339319682875,-0.3684843993077337
2025-06-14,12.0,7084.5,0.0,0,0,Lazada,0.0,1,12470.0,24242.0,37524.0,26772.0,32846.0,11955.70714285714,13534.125714285716,1.9429770729196656,-0.4318765036086608,0.0,-9.602468866588426e-14,1.0,-1.9204937733176852e-13,1.0,1.6667328488881135e-13,1.0,-0.9263239682514849,-0.3767278936352098,0.6979441547663818,-0.7161521883143561,0.40045390565134936,0.9163169044869686,-0.9996684675143158,0.025747913654881802,-0.9947883056093267,-0.10196189005174762,0.20286099168260496,-0.9792075459541507,0.9534201253498663,0.30164559432858506,-0.397286027670698,0.9176948361071001,-0.8724040568049557,-0.4887853942890024,0.5751899607119889,-0.8180198708443094,0.7551091457390047,0.6555990985513255,-0.7291746721018041,0.6843276244352748,-0.606413090248282,-0.795149774555416,0.8528367217694711,-0.5221776766594889
2025-06-15,6.0,1705.4,0.0,0,1,Lazada,0.0,1,23501.0,21036.0,24746.0,27440.0,14778.0,12370.664285714285,12764.397142857142,1.533077902185697,-0.9274328751968002,0.0,0.7818314824680895,0.6234898018586587,0.974927912181781,-0.2225209339565012,0.43388373911750405,-0.9009688679024451,-0.9837979515735221,-0.17928075881070396,0.35275208654903445,-0.9357168190405164,0.8573146280762358,0.5147928015099915,-0.6601521206711349,0.751131930870605,-0.9963950238187234,-0.08483487790576281,0.16905810038314206,-0.9856060869814286,0.9677109772087508,0.2520624220102723,-0.3332493855822844,0.9428387173896869,-0.911168635332652,-0.4120336369594509,0.48784714544233027,-0.8729290708206308,0.8283957292921214,0.5601432992463395,-0.6284008465466046,0.7778896940180599,-0.7217751111067682,-0.6921276536787218,0.7508642533989845,-0.6604565640279348
2025-06-16,6.0,1857.0,0.0,0,0,Lazada,0.0,0,25091.0,18017.0,6972.1,32906.0,22308.0,12821.414285714285,11829.640000000001,2.639782040571064,-0.9259893985891355,0.0,0.9749279121818608,-0.22252093395615144,-0.4338837391172569,-0.9009688679025641,-0.7818314824680589,0.6234898018586971,-0.9996684675143137,0.025747913654966044,-0.05147875477030155,-0.9986740898848329,0.9970175264485275,-0.07717546212663566,0.1028209971372708,0.9946998756145983,-0.9977068927101167,-0.06768276175455437,0.13505511584035113,-0.9908380875225524,0.9794250862518064,0.20180807818479837,-0.2676355053787806,0.9635202313706986,-0.9431964659565819,-0.3322354987159177,0.39531178876491485,-0.9185469991587166,0.8896848787211109,0.45657509412472563,-0.515744448131153,0.8567424725212894,-0.8198708615029133,-0.5725484874300784,0.626726696508352,-0.779239146785971
2025-06-17,12.0,3744.86,0.0,0,0,Lazada,0.0,0,1857.0,1881.0,14506.0,3977.95,15298.0,10512.842857142856,11464.275714285715,2.9129558695312197,1.016618201400108,0.0,0.4338837391175359,-0.9009688679024298,-0.781831482467999,0.6234898018587721,0.9749279121818577,-0.22252093395616487,-0.9732643737003872,0.22968774213177567,-0.44709379298507734,-0.8944870822288139,0.7678804460366393,-0.640593178698128,0.7998392447396704,0.6002142805484336,-0.9987235240803973,-0.0505106171852212,0.1008922831974,-0.994897355103136,0.9885312610933427,0.1510163760696354,-0.20075493140681966,0.9796414943824313,-0.9682507501166645,-0.2499809690726808,0.29856881736372637,-0.9543881083175889,0.9380889596420605,0.34639443384338114,-0.3933357220160386,0.9193949150316862,-0.8983536994820154,-0.43927284303377645,0.48408852163902777,-0.8750190302029668
2025-06-18,9.0,2556.3,0.0,0,0,Lazada,0.0,0,33957.0,23501.0,3438.8,4644.0,10327.0,15695.894285714283,12600.265,2.4274843504813757,-0.924719498188886,0.0,-0.43388373911734346,-0.9009688679025225,0.7818314824677327,0.6234898018591061,-0.9749279121817658,-0.22252093395656797,-0.9057022630804793,0.4239143907098441,-0.7678804460365766,-0.6405931786982033,0.2546711202413369,-0.9670277247912918,0.9837979515735296,-0.1792807588106635,-0.9994446170919857,-0.033323525711635875,0.06661003679004172,-0.9977790852682918,0.9950052545447359,0.09982255971655557,-0.1329242031561102,0.9911262059976585,-0.986146248341597,-0.1658781989346199,0.19864794288015694,-0.9800709131432694,0.9729069486773323,0.23119703548134604,-0.263489322318755,0.9646623124306263,-0.9553461622632683,-0.2954889342240162,0.32716032712207305,-0.9449688462364133
2025-06-19,8.0,4341.9,0.0,0,0,Lazada,0.0,0,2556.3,1705.4,21036.0,16912.0,16331.0,12703.794285714283,12537.229285714287,2.659761841881646,0.698509564605093,0.0,-0.9749279121818133,-0.2225209339563597,0.43388373911764183,-0.9009688679023788,0.7818314824678011,0.6234898018590203,-0.7998392447397291,0.6002142805483552,-0.9601498736715927,-0.2794856348516407,-0.3527520865489428,-0.9357168190405509,0.5366961939916554,-0.8437755598231508,-0.9998699583618592,-0.016126573270657852,0.03224895228930428,-0.9994798672690922,0.9988298281778679,0.0483629438947933,-0.06446435710736226,0.9979200101524843,-0.9967506498213926,-0.08054900421874553,0.09661270188122452,-0.9953220513156581,0.9936345861898649,0.11265127219563953,-0.12866054379810465,0.9916886933254689,-0.9894848788166578,-0.14463635294483876,0.16057454459500142,-0.987023715838737
2025-06-20,9.0,4023.91,0.0,0,0,Lazada,0.0,0,17604.0,3744.86,1881.0,9339.61,6836.83,14780.437142857143,12646.640000000001,1.1092931981864071,-0.7714206998409452,0.0,-0.781831482468081,0.6234898018586694,-0.9749279121817871,-0.22252093395647435,-0.433883739117951,-0.90096886790223,-0.6601521206712424,0.7511319308705106,-0.9917226741361052,0.12839835514652284,-0.8296770135526269,-0.5582437220268528,-0.25467112024117394,-0.9670277247913348,-0.9999994220246925,0.0010751512827990226,-0.0021503013227762587,-0.9999976880994382,0.9999947982262414,-0.0032254488771078058,0.004300592702986845,0.9999907524084425,-0.9999855506507185,0.005375731557593104,-0.006450864198104954,-0.9999791929590823,0.9999716793408832,-0.007525989381736366,0.008601105865724146,0.999963009804806,-0.9999531843608731,0.009676212407229889,-0.010751307763540371,-0.9999422030204413
2025-06-21,13.0,3721.0,0.0,0,0,Lazada,0.0,1,15333.0,33957.0,7084.5,8867.78,4742.8,14151.444285714284,13004.205,0.6824239754329364,-0.7573208113219853,0.0,-1.1758590009851672e-13,1.0,-2.3517180019703345e-13,1.0,-5.801313757387822e-13,1.0,-0.4925480679538749,0.8702852410301493,-0.8573146280763447,0.51479280150981,-0.999668467514314,0.025747913654952336,-0.8826787983255246,-0.4699767430273627,-0.999832969770105,0.018276557681690245,-0.036547009888117966,-0.9993319348786157,0.9984970627014781,-0.05480525318361852,0.07304518821104167,0.9973286321364756,-0.9958270335100601,0.09126072172930558,-0.10944576864890786,-0.9939927684469589,0.9918264497026027,-0.12759425406471323,0.1457001152853392,0.989328800958427,-0.9865006565801152,0.16375730385848955,-0.1817597875913629,-0.9833429613388925
2025-06-22,14.0,5164.84,0.0,0,0,Lazada,0.0,1,3721.0,2556.3,23501.0,2865.7,19266.0,9832.015714285712,12763.955,0.8699588643936939,0.388024724536415,0.0,0.7818314824679343,0.6234898018588533,0.9749279121818918,-0.2225209339560158,0.4338837391181769,-0.9009688679021212,-0.3041148323275274,0.9526353808033795,-0.57942109820458,0.8150283375167998,-0.7998392447397715,0.6002142805482988,-0.9444892287836744,0.328542381910797,-0.9993706508539969,0.03547255575312547,-0.07090046226091139,-0.9974833955766829,0.9943406096530526,-0.10623912647793998,0.14144406768794068,0.9899462489023781,-0.9843058444990319,0.1764709734915281,-0.21127575558216521,-0.9774264960104085,0.9693168624606898,-0.24581460524013657,0.2800440484743419,0.9599871514317785,-0.9494491062150207,0.313921000743019,-0.34740282118428967,-0.9377159910299048
2025-06-23,7.0,2467.27,0.0,0,0,Lazada,0.0,0,33137.0,17604.0,1857.0,24746.0,3573.11,13287.821428571426,12909.343571428572,0.5460785340640845,-0.9255433503334641,0.0,0.974927912181815,-0.22252093395635208,-0.4338837391176278,-0.9009688679023856,-0.7818314824679575,0.6234898018588242,-0.10282099713736827,0.9946998756145883,-0.2045520661262163,0.9788556850953546,-0.3041148323276488,0.9526353808033408,-0.40045390565129546,0.9163169044869921,-0.9986126020839733,0.052658056924614796,-0.10516999849235115,-0.9944542580818481,0.9875365065492295,-0.15739011478661386,0.20917350564636028,0.9778785428342377,-0.9655071658143387,0.26037648273444947,-0.3108569682435098,-0.9504567035349131,0.9327689179559803,-0.36047488913269626,0.40909256580198394,0.9124928890712242,-0.8896848787211065,0.45657509412473435,-0.5027907197792888,-0.8644081744776739
2025-06-24,10.0,3648.0,0.0,0,0,Lazada,0.0,0,29016.0,15333.0,20015.0,6972.1,3908.0,14695.729999999998,14758.015714285715,1.6670839999683722,-0.8742762613730356,0.0,0.4338837391177602,-0.9009688679023218,-0.7818314824683095,0.6234898018583829,0.9749279121818215,-0.22252093395632347,0.10282099713735462,0.9946998756145896,0.20455206612618945,0.9788556850953603,0.30411483232755543,0.9526353808033705,0.40045390565124517,0.9163169044870141,-0.9975590477788614,0.06982797572986991,-0.13931505795482896,-0.9902481076109374,0.9781028708075102,-0.20812201737948569,0.2759129450029549,0.9611826292540853,-0.9395699859530607,0.3423568919945459,-0.407129485354251,-0.9133704517637862,0.8827119303086015,-0.46991451147082336,0.530405459846356,0.8477440935595928,-0.808637651154305,0.5883070194512799,-0.6433365204044981,-0.7655835170076697
2025-06-25,6.0,1833.5,0.0,0,0,Lazada,0.0,0,3648.0,3721.0,33957.0,14506.0,14127.0,13026.444285714284,13588.944285714286,1.7042161396810367,-0.49739583333333337,0.0,-0.43388373911752887,-0.9009688679024332,0.7818314824679893,0.6234898018587843,-0.974927912181802,-0.22252093395640934,0.30411483232751435,0.9526353808033837,0.5794210982045576,0.8150283375168157,0.7998392447397127,0.6002142805483771,0.9444892287836564,0.3285423819108488,-0.9962102997023297,0.08697723131368601,-0.17329522734857197,-0.9848699224660111,0.9660648215530215,-0.2582997494341191,0.3413465142450357,0.9399375283564135,-0.9066860720978033,0.421806077082653,-0.4990686026885248,-0.8665624788845426,0.819870861502924,-0.5725484874300631,0.6416887978251123,0.7669651144255273,-0.7082462315032678,0.7059654917638819,-0.7648913904341078,-0.644159266672286
2025-06-26,7.0,2454.4,0.0,0,0,Lazada,0.0,0,21713.0,14031.0,4341.9,24242.0,15270.0,15120.824285714285,12662.744285714285,2.825752372653832,-0.8869617279970524,0.0,-0.974927912181859,-0.22252093395615904,0.43388373911727096,-0.9009688679025574,0.7818314824679026,0.623489801858893,0.49254806795386297,0.870285241030156,0.8573146280763306,0.5147928015098335,0.9996684675143115,0.025747913655050282,0.8826787983255505,-0.4699767430273143,-0.9945667569706335,0.10410074893542728,-0.20707028853384407,-0.9783260681421663,0.9514544127333404,-0.3077897017287199,0.4051645224207591,0.9142437912130211,-0.8670985522812074,0.4981366284784068,-0.5856957398073384,-0.8105309990194913,0.745155821956743,-0.6668903965450176,0.7408382980859359,0.6716834195431163,-0.5909121786151638,0.8067358905889094,-0.8638670987837364,-0.5037197987363315
2025-06-27,7.0,2113.5,0.0,0,0,Lazada,0.0,0,30718.0,29016.0,4023.91,2605.15,18995.0,17512.55714285714,14318.994285714285,2.8723448227568618,-0.9311966924930009,0.0,-0.7818314824680944,0.6234898018586525,-0.9749279121817775,-0.22252093395651637,-0.4338837391172781,-0.9009688679025539,0.6601521206712321,0.7511319308705195,0.9917226741361016,0.12839835514655004,0.8296770135526816,-0.5582437220267715,0.254671120241227,-0.9670277247913208,-0.9926289059345096,0.12119346147073502,-0.2406002661322237,-0.9706242897934829,0.9343105477678236,-0.35646009640602044,0.46706492487742524,0.8842230238742063,-0.8211001178128972,0.5707841943568921,-0.6660888558609603,-0.7458723993404213,0.6596488896351427,-0.7515739101399964,0.8259791204413919,0.5637007118984902,-0.4594423522174382,0.8882075911569927,-0.9373419384643674,-0.3484108069447072
2025-06-28,17.0,4221.5,0.0,0,0,Lazada,0.0,1,24625.0,1833.5,3721.0,1881.0,3140.09,16666.05714285714,14846.250714285716,4.471543808082865,-0.8285685279187818,0.0,8.822656391208285e-14,1.0,1.764531278241657e-13,1.0,4.920533671794806e-13,1.0,0.7998392447397209,0.6002142805483662,0.9601498736716003,-0.2794856348516143,0.35275208654903445,-0.9357168190405164,-0.5366961939916091,-0.8437755598231802,-0.9903973200352558,0.1382503109109818,-0.27384547484055455,-0.9617737030660337,0.9146788759587116,-0.4041813378607527,0.5267547528105531,0.8500173118187024,-0.7690308592589189,0.639211653138058,-0.739392263595923,-0.6732748922501841,0.564588438604297,-0.8253725795023493,0.8955013179435027,0.4450588607829864,-0.31698176735055744,0.9484316312562109,-0.9831469737221494,-0.18281692498502228
2025-06-29,8.0,2846.2,0.0,0,0,Lazada,0.0,1,19494.0,2454.4,14031.0,7084.5,26772.0,16690.199999999997,15905.512142857142,3.4441691718121468,-0.8539961013645224,0.0,0.7818314824679209,0.6234898018588702,0.9749279121819013,-0.22252093395597375,0.4338837391172109,-0.9009688679025863,0.9057022630804493,0.423914390709908,0.7678804460366669,-0.640593178698095,-0.25467112024124217,-0.9670277247913168,-0.9837979515734789,-0.17928075881094113,-0.9878726596350433,0.1552662498599929,-0.30676656640150074,-0.9517847833088285,0.8926116709398667,-0.4508263578163316,0.5839514998576915,0.8117885474764673,-0.711275751973827,0.7029130847082496,-0.80482573710834,-0.5935111901961219,0.4613512039905771,-0.8872175982116478,0.9480902797323597,0.3180012916279052,-0.1669383594650721,0.985967334215039,-0.9999300657962052,-0.011826390691866102
2025-06-30,7.0,2234.75,0.0,0,1,Lazada,0.0,0,2846.2,33205.0,33137.0,23501.0,4043.8,16746.171428571426,15106.597857142857,1.623655605014284,-0.21483030004918835,0.0,0.9749279121818198,-0.22252093395633107,-0.43388373911758893,-0.9009688679024043,-0.7818314824684232,0.6234898018582403,0.973264373700384,0.229687742131789,0.4470937929851019,-0.8944870822288016,-0.7678804460365766,-0.6405931786982033,-0.7998392447397032,0.6002142805483898,-0.9850556718215017,0.17223624302768017,-0.33932457617528583,-0.9406693531754198,0.8681676914867211,-0.4962709536721017,0.6383844591746591,0.7697176640069253,-0.6482618097757152,0.7614175109532972,-0.8616928164028441,-0.5074302810827653,0.3514323430933738,-0.936213281377647,0.982751589308486,0.18493056456855592,-0.01290145994941533,0.9999167727021953,-0.9871957872910098,0.1595132519726289
2025-07-01,17.0,8103.0,0.0,0,0,Lazada,0.0,0,23964.0,2113.5,29016.0,25091.0,2737.0,11356.992857142855,14434.775,3.061880516446125,-0.6618678017025539,0.0,0.4338837391175748,-0.9009688679024112,-0.7818314824680528,0.6234898018587047,0.9749279121819877,-0.22252093395559538,0.9996684675143134,0.025747913654979752,0.05147875477032894,-0.9986740898848314,-0.9970175264485199,-0.07717546212673335,-0.10282099713732536,0.9946998756145927,-0.981947190186646,0.18915526872004085,-0.3714809692572882,-0.9284405686308983,0.8414120250581646,-0.540394119219962,0.6897960046655877,0.7240037789593314,-0.5804549278091138,0.8142923779467155,-0.9093882203647831,-0.4159483918249629,0.23642378142123957,-0.971650037605352,0.9988298281778683,0.04836294389478498,0.14144406768790674,0.989946248902383,-0.9453200469131446,0.3261441535642331
2025-07-02,9.0,4701.07,0.0,0,0,Lazada,0.0,0,22253.0,4221.5,1833.5,3744.86,3977.95,11873.77857142857,14269.917857142858,1.7954235983364468,-0.7887444389520515,0.0,-0.43388373911750944,-0.9009688679024426,0.7818314824679624,0.623489801858818,-0.9749279121818382,-0.22252093395625072,0.9837979515735246,-0.17928075881069047,-0.3527520865490088,-0.9357168190405261,-0.8573146280762862,0.5147928015099075,0.6601521206710937,0.7511319308706412,-0.9785481345802037,0.20601832032516815,-0.4031976860870803,-0.9151129033807929,0.8124159144868819,-0.583078366849983,0.737942810303131,0.6748632518680485,-0.5083564379375177,0.8611467540480419,-0.9474042892438932,-0.3200392362231131,0.11799115725976322,-0.993014645817725,0.9960209693076351,-0.08911918255616577,0.29240597695106024,0.9562942772197771,-0.8755389928586365,0.48314746401495745
2025-07-03,7.0,2280.58,0.0,0,0,Lazada,0.0,0,14278.0,2234.75,33205.0,2556.3,4644.0,13719.545714285714,15232.858571428571,1.7480659964164418,-0.8402731474996499,0.0,-0.9749279121818036,-0.22252093395640174,0.43388373911771955,-0.9009688679023414,0.781831482468004,0.6234898018587659,0.9263239682514901,-0.37672789363519715,-0.6979441547663622,-0.7161521883143752,-0.4004539056512308,0.9163169044870203,0.9996684675143145,0.025747913654936627,-0.9748595108374127,0.22282040779479864,-0.43443718749486043,-0.9007021317403193,0.7812565682797523,-0.6242100403868434,0.7825970017677791,0.6225286602431109,-0.4324994021339985,0.9016342202654766,-0.9753363880767818,-0.22072365096051064,-0.0021503013227490643,-0.9999976880994382,0.9743781260415422,-0.22491613435183472,0.4363729641045923,0.8997658785476209,-0.7799125224167451,0.6258885343074677
2025-07-04,4.0,1037.0,0.0,0,0,Lazada,0.0,0,22399.0,8103.0,2113.5,21244.0,4063.29,13502.521428571428,12429.757142857141,1.5775576684825199,-0.953703290325461,0.0,-0.7818314824679661,0.6234898018588134,-0.9749279121818691,-0.22252093395611508,-0.4338837391174247,-0.9009688679024833,0.8296770135526105,-0.5582437220268772,-0.9263239682515063,-0.3767278936351572,0.20455206612618945,0.9788556850953603,0.6979441547663003,-0.7161521883144354,-0.9708824104813836,0.239556559120927,-0.4651624991319034,-0.8852253099642836,0.7480169550331284,-0.6636796177245213,0.8235472349555999,0.567247698802724,-0.353444671274096,0.9354554315134133,-0.9928872135356942,-0.11905873003406639,-0.12226061766544229,-0.9924980309139483,0.9343105477678206,-0.3564600964060282,0.5699010576127762,0.8217133225960495,-0.661263474965652,0.7501537286958924
2025-07-05,11.0,3564.82,0.0,0,0,Lazada,0.0,1,23987.0,4701.07,4221.5,4023.91,9339.61,12740.807142857142,12307.292857142855,4.480734787261556,-0.851385333722433,0.0,-1.6070832296378168e-13,1.0,-3.2141664592756335e-13,1.0,-2.54751293448113e-13,1.0,0.697944154766372,-0.7161521883143657,-0.9996684675143152,0.025747913654909225,0.7338853664321568,0.6792733388973388,-0.051478754770188026,-0.9986740898848386,-0.9666180104000979,0.2562218218071136,-0.4953372552325611,-0.8687007560596874,0.7127855825108563,-0.7013820024527713,0.8605996962501125,0.5092820071573452,-0.27177673847115924,0.9623603298276479,-0.9998699583618589,-0.016126573270681493,-0.2406002661322042,-0.9706242897934878,0.8765758813305177,-0.48126367437157164,0.6897960046655731,0.7240037789593453,-0.5230943033491744,0.8522748088519582
2025-07-06,6.0,2226.23,0.0,0,0,Lazada,0.0,1,27737.0,14278.0,2846.2,3721.0,8867.78,13611.914285714283,12849.172857142856,4.881204244506605,-0.9197378952301979,0.0,0.7818314824680492,0.6234898018587092,0.9749279121818097,-0.22252093395637504,0.43388373911788375,-0.9009688679022623,0.5366961939915842,-0.843775559823196,-0.9057022630804552,0.42391439070989556,0.9917226741360871,0.12839835514666278,-0.7678804460366494,-0.640593178698116,-0.9620675724981455,0.2728112643340182,-0.5249257416559576,-0.8511480281049489,0.6756562619728854,-0.7372168036994462,0.8935790198239922,0.44890593149388575,-0.18809941761180893,0.9821499931752269,-0.9962102997023323,0.08697723131365538,-0.35545536519691256,-0.9346932562893184,0.8022658445149653,-0.5969669293392135,0.7931896839451821,0.6089746507720515,-0.3694836834474046,0.9292372181881966
2025-07-07,24.0,7771.36,0.0,1,0,Lazada,0.0,0,43394.0,22399.0,23964.0,14031.0,37524.0,17763.57857142857,15744.835714285715,6.265473257640005,-0.820911646771443,0.0,0.9749279121818246,-0.22252093395631006,-0.43388373911755007,-0.900968867902423,-0.7818314824677546,0.6234898018590787,0.3527520865490748,-0.9357168190405012,-0.6601521206711997,0.7511319308705481,0.8826787983255173,-0.4699767430273766,-0.9917226741360905,0.1283983551466356,-0.957232443323312,0.28931997761869516,-0.553892938156379,-0.8325879011014354,0.63672785838219,-0.7710886034432293,0.9223291176290536,0.3864052261209874,-0.10303137904320571,0.9946781061893618,-0.9819471901866424,0.1891552687200595,-0.46516249913188557,-0.8852253099642929,0.7127855825108504,-0.7013820024527773,0.8776087166898455,0.4793776594606829,-0.2049661139695483,0.9787690698649105
2025-07-08,20.0,7782.51,0.0,0,0,Lazada,0.0,0,7771.36,1037.0,8103.0,33137.0,3837.7,15673.915714285711,14588.218571428572,6.401921549873167,0.0014347553066644814,0.0,0.4338837391175942,-0.9009688679024017,-0.7818314824680798,0.623489801858671,0.9749279121817491,-0.2225209339566407,0.1538905767040948,-0.9880878960910721,-0.3041148323275816,0.9526353808033622,0.4470937929851019,-0.8944870822288016,-0.5794210982046726,0.8150283375167339,-0.9521140536681111,0.3057430764672805,-0.5822045598324433,-0.8130423423846453,0.5961040271551994,-0.8029072105849799,0.9467139181463823,0.3220757010206217,-0.017201575418274648,0.9998520419557733,-0.9572324433233086,0.28931997761870654,-0.5681328088136506,-0.8229368818746138,0.6098270977059512,-0.7925344856241502,0.9410336347451113,0.33831301819233106,-0.03439806061363628,0.9994082116062588
2025-07-09,9.0,4188.87,0.0,0,0,Lazada,0.0,0,23507.0,27737.0,20503.0,3648.0,6972.1,18724.442857142854,15651.464285714286,2.512591236785666,-0.821803292636236,0.0,-0.43388373911749,-0.9009688679024519,0.7818314824679355,0.6234898018588517,-0.974927912181672,-0.2225209339569788,-0.05147875477037202,-0.9986740898848292,0.10282099713741116,0.9946998756145838,-0.15389057670402512,-0.9880878960910828,0.20455206612630072,0.9788556850953369,-0.9467139181463865,0.32207570102060945,-0.6098270977059306,-0.792534485624166,0.5538929381563898,-0.8325879011014282,0.9666180104000954,0.2562218218071227,0.06875540848113817,0.9976335468520452,-0.9223291176290637,0.38640522612096345,-0.6628750027453238,-0.7487300786901692,0.4953372552325775,-0.8687007560596781,0.9819471901866444,0.1891552687200489,0.13718540405659815,0.9905453876091836
2025-07-10,6.0,1903.6,0.0,0,0,Lazada,0.0,0,4188.87,2226.23,14278.0,1833.5,14506.0,15360.424285714284,14486.169285714286,2.566045560034552,-0.545557632487998,0.0,-0.9749279121817989,-0.22252093395642275,0.4338837391177584,-0.9009688679023227,0.7818314824675384,0.6234898018593498,-0.2546711202412005,-0.9670277247913278,0.4925480679538135,0.870285241030184,-0.6979441547662807,-0.7161521883144545,0.8573146280762721,0.514792801509931,-0.9410336347451213,0.3383130181923033,-0.636727858382191,-0.7710886034432285,0.5102069876723233,-0.8600516436414349,0.9819471901866429,0.18915526872005708,0.15420404756270095,0.9880390233767492,-0.877608716689854,0.47937765946066746,-0.7480169550331112,-0.6636796177245408,0.3714809692573189,-0.928440568630886,0.9993706508539972,0.03547255575311591,0.30471923310918564,0.9524422234305605
2025-07-11,11.0,4024.98,0.0,0,0,Lazada,0.0,0,20105.0,7771.36,22399.0,2454.4,24242.0,11987.334285714283,14875.45642857143,1.2932643098694723,-0.799802039293708,0.0,-0.7818314824681213,0.6234898018586188,-0.9749279121817583,-0.22252093395660047,-0.4338837391175713,-0.9009688679024128,-0.4470937929850896,-0.8944870822288077,0.7998392447396868,0.6002142805484116,-0.9837979515735323,-0.17928075881064803,0.9601498736716321,-0.2794856348515052,-0.9350748843515584,0.3544502230989843,-0.6628750027453336,-0.7487300786901605,0.465162499131896,-0.8852253099642875,0.992628905934508,0.12119346147074792,0.23851257519407276,0.9711394088771662,-0.8235472349555905,0.5672476988027377,-0.8223255775192162,-0.5690172620911316,0.2406002661322489,-0.9706242897934767,0.9928872135356998,-0.11905873003402066,0.46325792256748494,0.8862235029485835
2025-07-12,4.0,1366.01,0.0,0,0,Lazada,0.0,1,16389.0,18653.0,23987.0,30718.0,21036.0,12681.635714285712,14659.597857142857,1.4014002144828122,-0.9166508023674416,0.0,4.51041410468179e-14,1.0,9.02082820936358e-14,1.0,-9.206125230277836e-14,1.0,-0.6206094818274032,-0.784119806576726,0.973264373700371,0.22968774213184434,-0.9057022630804552,0.42391439070989556,0.4470937929852036,-0.8944870822287507,-0.9288394302558062,0.3704825404820979,-0.6882375836422309,-0.7254853743958614,0.41887941336973816,-0.9080418696596672,0.9986126020839737,0.052658056924606476,0.3210576541852796,0.9470596510722255,-0.7607200913564033,0.649080074110048,-0.8847246782682674,-0.46611398140702753,0.10516999849233458,-0.9944542580818498,0.962651974716152,-0.2707418984477521,0.6081214998935562,0.7938439653780909
2025-07-13,21.0,7519.29,0.0,0,0,Lazada,0.0,1,18087.0,4188.87,27737.0,24625.0,18017.0,9437.779999999999,14081.111428571428,3.1468371139221696,-0.584271023386963,0.0,0.781831482467894,0.6234898018589038,0.9749279121819205,-0.22252093395588968,0.4338837391177372,-0.9009688679023329,-0.7678804460365853,-0.6405931786981928,0.9837979515735246,-0.17928075881069047,-0.4925480679538749,0.8702852410301493,-0.3527520865490088,-0.9357168190405261,-0.9223291176290559,0.38640522612098194,-0.7127855825108422,-0.7013820024527856,0.371480969257287,-0.9284405686308987,0.9998699583618595,-0.01612657327064132,0.4012289854474951,0.9159777842484903,-0.6897960046655859,0.7240037789593332,-0.9343105477678245,-0.35646009640601817,-0.03224895228927122,-0.9994798672690933,0.9093882203647904,-0.41594839182494686,0.7350336741329326,0.6780306024735475
2025-07-14,9.0,3260.5,0.0,0,0,Lazada,0.0,0,17833.0,4024.98,7771.36,2846.2,7084.5,11659.46857142857,11823.401428571427,2.037531730893529,-0.8171648068188191,0.0,0.9749279121818294,-0.22252093395628902,-0.4338837391175112,-0.9009688679024417,-0.7818314824682202,0.6234898018584947,-0.8826787983255376,-0.4699767430273385,0.8296770135526422,-0.5582437220268301,0.10282099713729809,0.9946998756145955,-0.9263239682514635,-0.3767278936352625,-0.9155458729775464,0.4022135682368044,-0.736489944909558,-0.676448491052435,0.32309337555234807,-0.9463670908660071,0.9963950238187229,-0.08483487790576758,0.47843382025470693,0.8781236129591817,-0.6115298757991079,0.7912213413483787,-0.9703650471118399,-0.24164369502148553,-0.16905810038315147,-0.985606086981427,0.8343701235229725,-0.5512045872198994,0.8402480696078539,0.5422021592729735
2025-07-15,22.0,11881.52,0.0,0,1,Lazada,0.0,0,3260.5,16389.0,7782.51,2234.75,23501.0,11550.257142857141,11501.197142857143,1.9764256814761907,2.6440791289679497,0.0,0.4338837391176136,-0.9009688679023924,-0.7818314824681066,0.6234898018586372,0.9749279121819153,-0.2225209339559126,-0.9601498736715965,-0.27948563485162753,0.5366961939916322,-0.8437755598231654,0.6601521206711467,0.7511319308705946,-0.9057022630805034,0.4239143907097926,-0.9084917035725074,0.4179028888867882,-0.759322614905261,-0.6507143509201535,0.27384547484057387,-0.9617737030660283,0.9882042449941412,-0.15314166701312662,0.5521013427459133,0.8337770129585965,-0.5267547528105871,0.8500173118186812,-0.992366008614674,-0.12332763253294375,-0.30267049085570197,-0.9530952596488813,0.739392263595935,-0.673274892250171,0.9206588168102358,0.39036821467631916
2025-07-16,20.0,10472.84,0.0,0,0,Lazada,0.0,0,47561.0,18087.0,23507.0,8103.0,25091.0,17505.615714285716,13858.840714285714,0.6762879125926357,-0.7798019385631084,0.0,-0.4338837391174706,-0.9009688679024612,0.7818314824679087,0.6234898018588855,-0.9749279121819105,-0.2225209339559335,-0.9970175264485254,-0.077175462126663,0.1538905767040948,-0.9880878960910721,0.9732643737003971,0.22968774213173368,-0.3041148323275815,0.9526353808033622,-0.9011686968561584,0.433468545348533,-0.7812565682797442,-0.6242100403868536,0.22386840046372594,-0.9746193817454138,0.9753363880767875,-0.2207236509604853,0.621686890266551,0.7832658619336766,-0.4363729641045826,0.8997658785476257,-0.9999947982262413,-0.0032254488771479837,-0.4305596169818426,-0.9025621398133477,0.6267266965083291,-0.7792391467859894,0.9738922359149942,0.22701082094141087
2025-07-17,14.0,4249.4,0.0,0,0,Lazada,0.0,0,43968.0,17833.0,20105.0,20503.0,20015.0,24414.122857142855,18199.08142857143,0.8286713468386361,-0.9033524381368268,0.0,-0.9749279121817941,-0.2225209339564438,0.43388373911779726,-0.900968867902304,0.7818314824682069,0.6234898018585114,-0.9917226741361034,0.12839835514653644,-0.2546711202412005,-0.9670277247913278,0.9263239682514901,-0.37672789363519715,0.4925480679538135,0.870285241030184,-0.8935790198239949,0.44890593149388053,-0.8022658445149583,-0.5969669293392229,0.17329522734857078,-0.9848699224660113,0.9578523554276662,-0.28726097055059846,0.6866759803451469,0.7269636153323159,-0.34134651424503343,0.9399375283564143,-0.9931409302238706,0.11692344809346353,-0.5503071945286564,-0.8349622695966564,0.49906860268856473,-0.8665624788845196,0.9983769064671406,0.0569521960340628
2025-07-18,12.0,3562.1,0.0,0,0,Lazada,0.0,0,31748.0,11881.52,16389.0,2280.58,2556.3,26543.251428571424,19046.754285714287,1.365308100025835,-0.8878008063500062,0.0,-0.7818314824679929,0.6234898018587798,-0.9749279121818499,-0.22252093395619915,-0.4338837391168984,-0.9009688679027368,-0.9444892287836654,0.3285423819108229,-0.6206094818274032,-0.784119806576726,0.5366961939916322,-0.8437755598231654,0.973264373700371,0.2296877421318443,-0.8857249183835629,0.4642104791518938,-0.8223255775192115,-0.5690172620911383,0.12226061766546806,-0.9924980309139451,0.9358348973349918,-0.3524387108846095,0.746588114532414,0.6652865452111105,-0.24268684458259945,0.9701046827361165,-0.9719036673475103,0.2353789739897343,-0.6596488896351508,-0.7515739101399893,0.3594718130884424,-0.9331559438780358,0.9933900548258933,-0.11478762552212989
2025-07-19,12.0,4891.0599999999995,0.0,0,0,Lazada,0.0,1,26666.0,10472.84,18087.0,1037.0,21244.0,22369.762857142858,19937.68928571429,1.8576389251252825,-0.8165806645166129,0.0,-2.0383074582904663e-13,1.0,-4.0766149165809326e-13,1.0,-8.38865912930372e-13,1.0,-0.8573146280763377,0.5147928015098218,-0.8826787983255376,-0.4699767430273385,-0.05147875477025849,-0.9986740898848351,0.8296770135526422,-0.5582437220268301,-0.8776087166898392,0.47937765946069444,-0.8414120250581576,-0.5403941192199729,0.07090046226091724,-0.9974833955766824,0.9093882203647938,-0.41594839182493926,0.800980330978282,0.5986906625177327,-0.1414440676879523,0.9899462489023765,-0.9365905832039841,0.35042556906370403,-0.756517135610559,-0.6539738706764936,0.21127575558218245,-0.9774264960104048,0.9590788900341211,-0.2831389812281565
2025-07-20,9.0,4872.04,0.0,0,0,Lazada,0.0,1,33418.0,43968.0,16397.0,3564.82,4023.91,21214.65142857143,20845.03,2.1896755237947443,-0.8542091088634868,0.0,0.7818314824680223,0.6234898018587429,0.974927912181829,-0.22252093395629097,0.4338837391175906,-0.9009688679024035,-0.7338853664322048,0.6792733388972869,-0.9970175264485254,-0.077175462126663,-0.6206094818274923,-0.7841198065766555,0.15389057670409478,-0.9880878960910721,-0.8692328164574787,0.49440298420761886,-0.8595025968555419,-0.511131378413202,0.019351518818319504,-0.9998127418269004,0.8786374941609995,-0.4774894280028403,0.8494504794814799,0.527668345562517,-0.038695790176517766,0.9992510374388485,-0.8877131077605782,0.4603970442021278,-0.8390802290175691,-0.5440076922910408,0.05802556932882258,-0.9983150972033159,0.8964562582905586,-0.4431322341826323
2025-07-21,9.0,3419.7200000000003,0.0,0,0,Lazada,0.0,0,4872.04,4249.4,17833.0,27737.0,15333.0,15629.514285714282,20021.818571428572,2.2761411877143507,-0.2980927906995837,0.0,0.9749279121818848,-0.22252093395604633,-0.4338837391170627,-0.9009688679026577,-0.7818314824681188,0.6234898018586219,-0.5794210982046151,0.8150283375167748,-0.9444892287837027,0.32854238191071555,-0.9601498736716124,-0.2794856348515729,-0.6206094818272249,-0.7841198065768671,-0.8605996962501191,0.509282007157334,-0.8765758813305052,-0.4812636743715944,-0.03224895228930551,-0.9994798672690922,0.8437282590292753,-0.536770551460704,0.8916401947968798,0.452744699607386,0.0644643571073647,0.9979200101524842,-0.8259791204414018,0.5637007118984757,-0.9057769657642475,-0.42375475016914355,-0.09661270188117868,-0.9953220513156626,0.807370744302369,-0.5900444739548356
2025-07-22,18.0,5529.05,0.0,0,0,Lazada,0.0,0,17393.0,3562.1,11881.52,43394.0,5164.84,13460.274285714284,20001.762857142858,1.9647992885552814,-0.6821106192146266,0.0,0.433883739117633,-0.9009688679023831,-0.7818314824681335,0.6234898018586035,0.9749279121818791,-0.22252093395607123,-0.4004539056512703,0.9163169044870031,-0.7338853664322048,0.679273338897287,-0.9444892287836654,0.3285423819108229,-0.9970175264485254,-0.07717546212666299,-0.8517119107469194,0.5240103253675747,-0.892611670939864,-0.45082635781633684,-0.08376355348526614,-0.9964856582548095,0.8048257371083469,-0.5935111901961124,0.9272375462179523,0.3744736744868866,0.16693835946505473,0.9859673342150419,-0.7522826980987274,0.6588404527207623,-0.9553461622632771,-0.2954889342239881,-0.24893980855376,-0.9685189578512221,0.6944521021088819,-0.7195389342325785
2025-07-23,4.0,1362.93,0.0,0,0,Lazada,0.0,0,22049.0,4891.0599999999995,10472.84,7782.51,33137.0,13081.695714285712,17725.729285714286,1.4476859808393847,-0.9381863123044129,0.0,-0.43388373911765604,-0.900968867902372,0.7818314824681654,0.6234898018585636,-0.9749279121817443,-0.2225209339566616,-0.20455206612620286,0.9788556850953575,-0.4004539056512703,0.9163169044870031,-0.5794210982046151,0.8150283375167748,-0.7338853664322048,0.679273338897287,-0.8425720899866027,0.5385835804920238,-0.9075909860952643,-0.41985545364878346,-0.13505511584033827,-0.9908380875225542,0.7621140503891478,-0.6474427960827485,0.9559793438440708,0.29343396896654583,0.2676355053787556,0.9635202313707056,-0.6676911663367027,0.7444383832097413,-0.986850503435797,-0.1616356516011052,-0.3953117887648725,-0.9185469991587348,0.5610336262283999,-0.8277930117130804
2025-07-24,7.0,2697.95,0.0,0,0,Lazada,0.0,0,17041.0,4872.04,43968.0,23507.0,29016.0,10238.105714285713,15726.378571428571,2.259582330671314,-0.8416788920837979,0.0,-0.9749279121817893,-0.2225209339564648,0.4338837391178361,-0.9009688679022853,0.7818314824683084,0.6234898018583843,-5.683846701571531e-14,1.0,-1.1367693403143061e-13,1.0,1.1370169325689416e-13,1.0,-2.2735386806286123e-13,1.0,-0.8331829385891795,0.5529974600700256,-0.9214960976269928,-0.38838761831220087,-0.18598706431516573,-0.982552192968611,0.7157953492826701,-0.6983101158835524,0.9776530844816628,0.21022475211898997,0.3654839958133203,0.9308176238148528,-0.5734296417196552,0.8192548113970817,-0.9996942666129783,-0.02472596410939928,-0.5322271388474151,-0.8466016020976421,0.411053754687047,-0.9116111071930184
2025-07-25,10.0,2920.4,0.0,0,0,Lazada,0.0,0,18115.0,5529.05,3562.1,20105.0,21713.0,12806.561428571427,13133.417857142855,2.7335590926243394,-0.8387855368479161,0.0,-0.7818314824680064,0.6234898018587629,-0.9749279121818403,-0.2225209339562412,-0.43388373911786443,-0.9009688679022716,0.20455206612620286,0.9788556850953575,0.4004539056512703,0.9163169044870031,0.5794210982046152,0.8150283375167747,0.7338853664322048,0.6792733388972869,-0.8235472349556012,0.5672476988027221,-0.934310547767819,-0.35646009640603254,-0.23642378142121434,-0.9716500376053582,0.6660888558609797,-0.745872399340404,0.9920985227917662,0.12546123335275838,0.4594423522174478,0.8882075911569878,-0.47086328873605854,0.8822061909330852,-0.9936345861898668,0.112651272195622,-0.6564105761979296,-0.7544038410927546,0.24893980855380934,-0.9685189578512094
2025-07-26,8.0,2869.2,0.0,0,0,Lazada,0.0,1,2920.4,22049.0,26666.0,4024.98,2454.4,12433.89714285714,13087.582142857142,2.304219398584005,-0.01753184495274629,0.0,1.9817181815529458e-15,1.0,3.9634363631058916e-15,1.0,2.333188299878909e-13,1.0,0.4004539056512703,0.9163169044870031,0.7338853664322048,0.6792733388972869,0.9444892287836654,0.32854238191082286,0.9970175264485254,-0.07717546212666303,-0.8136678304455986,0.5813300798152049,-0.9460191696320089,-0.32411067660409504,-0.28623096833217715,-0.9581606508136431,0.6132298262997491,-0.7899045386224715,0.9992088560679749,0.03977011384606492,0.5485105018003563,0.8361436655352484,-0.3614775484858133,0.9323808137991078,-0.9687860460256833,0.24789836027275902,-0.7648913904340902,-0.6441592666723069,0.07947729992363933,-0.9968366760893421
2025-07-27,13.0,3083.72,0.0,0,0,Lazada,0.0,1,20997.0,2697.95,4872.04,18087.0,2113.5,12470.221428571427,11354.16357142857,1.5242021220371398,-0.8531352097918751,0.0,0.7818314824680088,0.6234898018587598,0.9749279121818385,-0.22252093395624892,0.43388373911826345,-0.9009688679020794,0.5794210982045225,0.8150283375168407,0.9444892287836281,0.32854238191093027,0.9601498736716124,-0.27948563485157296,0.6206094818275815,-0.7841198065765849,-0.8035476485339127,0.5952404359043658,-0.9566081051665087,-0.29137764692876106,-0.3352760024840115,-0.9421199510456941,0.5574684374327962,-0.8301981337405165,0.9989315138848588,-0.04621504698368385,0.6317404220940659,0.7751800043166822,-0.24685662543348463,0.9690520143313218,-0.9256185127518987,0.37845788253247314,-0.8550745085897057,-0.5185051443911366,-0.09233133369534237,-0.9957283388645918
2025-07-28,12.0,4213.95,0.0,0,0,Lazada,0.0,0,3083.72,22851.0,3419.7200000000003,7519.29,24625.0,12525.331428571426,11226.426428571429,0.5094522703184527,0.366515118104108,0.0,0.9749279121818389,-0.222520933956247,-0.43388373911743355,-0.9009688679024791,-0.7818314824685845,0.623489801858038,0.7338853664322048,0.6792733388972869,0.9970175264485254,-0.07717546212666301,0.6206094818274923,-0.7841198065766555,-0.15389057670409484,-0.988087896091072,-0.793189683945185,0.6089746507720478,-0.96606482155302,-0.25829974943412476,-0.38342829071163065,-0.9235706501843577,0.49906860268853503,-0.8665624788845367,0.9912685467787271,-0.13185851571737964,0.7082462315032353,0.7059654917639145,-0.12866054379810368,0.991688693325469,-0.8649482509584377,0.5018610596210263,-0.924802574328503,-0.3804473662878659,-0.2614143985111337,-0.9652266636656192
2025-07-29,24.0,10038.42,0.0,0,0,Lazada,0.0,0,23613.0,2920.4,5529.05,17833.0,19494.0,10648.324285714285,11727.442857142858,1.2344086942505625,-0.5748773980434506,0.0,0.4338837391174476,-0.9009688679024723,-0.7818314824678768,0.6234898018589253,0.9749279121818429,-0.22252093395622985,0.8573146280763377,0.5147928015098218,0.8826787983255375,-0.4699767430273385,0.05147875477025846,-0.9986740898848351,-0.8296770135526422,-0.55824372202683,-0.7825970017677828,0.6225286602431064,-0.9743781260415395,-0.22491613435184618,-0.43055961698187356,-0.9025621398133329,0.43830672301251805,-0.8988254650164446,0.976276611086938,-0.21652708524478784,0.7772136184407377,0.6292368324488448,-0.00860110586571336,0.9999630098048061,-0.787922488263121,0.6157744331240556,-0.9724075561219842,-0.2332885440755082,-0.422780657982628,-0.9062320427107927
2025-07-30,8.0,2673.8,0.0,0,0,Lazada,0.0,0,25470.0,16841.0,1362.93,11881.52,2234.75,14893.869999999995,12293.897857142856,0.6330060883032923,-0.8950215940321947,0.0,-0.4338837391174317,-0.90096886790248,0.7818314824678549,0.6234898018589529,-0.9749279121817805,-0.222520933956503,0.9444892287836467,0.3285423819108766,0.6206094818274923,-0.7841198065766555,-0.5366961939916322,-0.8437755598231654,-0.9732643737004232,0.22968774213162307,-0.7717727365467848,0.635898453468073,-0.9815381791978461,-0.19126631375382588,-0.47654448379677566,-0.8791503597012655,0.3754703786876284,-0.9268343944460461,0.9540665500578429,-0.29959475639724675,0.8379085086871785,0.5458107099257292,0.1115828995860034,0.9937551290534202,-0.6959977221267514,0.7180439894563379,-0.9967506498213945,-0.08054900421872209,-0.5716666713026821,-0.8204859638785488
2025-07-31,14.0,4497.21,0.0,0,1,Lazada,0.0,0,29813.0,3083.72,2697.95,10472.84,8103.0,14129.412857142856,13299.817142857142,2.0483278620560057,-0.8491527186126857,0.0,-0.974927912181835,-0.22252093395626416,0.43388373911746525,-0.9009688679024639,0.7818314824678427,0.6234898018589682,0.9917226741361034,0.12839835514653644,0.2546711202412005,-0.9670277247913278,-0.9263239682514901,-0.3767278936351971,-0.4925480679538135,0.870285241030184,-0.760720091356411,0.649080074110039,-0.9875365065492298,-0.15739011478661263,-0.521260446358272,-0.853397648849805,0.31085696824350745,-0.9504567035349137,0.9248025743285093,-0.38044736628785053,0.8896848787210985,0.45657509412475006,0.2301508797012194,0.9731549581504247,-0.590912178615163,0.80673589058891,-0.9972495210773465,0.07411742515092476,-0.703677407479011,-0.7105196029692762
2025-08-01,8.0,4204.8,0.0,0,0,Lazada,0.0,0,27460.0,23613.0,18115.0,43968.0,4701.07,17652.204285714284,13757.550000000001,1.9467687542112684,-0.8468754552075747,0.0,-0.7818314824681616,0.6234898018585683,-0.9749279121817296,-0.2225209339567266,-0.4338837391171916,-0.9009688679025957,0.9970175264485298,-0.07717546212660634,-0.15389057670398248,-0.9880878960910895,-0.9732643737003971,0.2296877421317337,0.30411483232736497,0.9526353808034314,-0.7494423368521977,0.6620696215153788,-0.9923660086146712,-0.12332763253296612,-0.5645884386042872,-0.825372579502356,0.24477230089727292,-0.9695805901076273,0.888701047829286,-0.4584871291400982,0.9319916318560563,0.36247978998874597,0.34538564608757977,0.938460843869719,-0.4746529438919592,0.8801730414269098,-0.9738922359149929,0.2270108209414166,-0.8149159841660929,-0.5795791048257418
2025-08-02,11.0,3475.2,0.0,0,0,Lazada,0.0,1,21475.0,25470.0,2869.2,31748.0,14278.0,16513.401428571426,14089.292857142855,2.2762986498529565,-0.838174621653085,0.0,-1.957949325107953e-14,1.0,-3.915898650215906e-14,1.0,3.9600887113322553e-13,1.0,0.9601498736716124,-0.2794856348515729,-0.5366961939915362,-0.8437755598232265,-0.6601521206711467,0.7511319308705946,0.905702263080407,0.4239143907099985,-0.7379428103031398,0.674863251868039,-0.9960209693076327,-0.08911918255619164,-0.6064130902482763,-0.7951497745554205,0.17752914918704374,-0.9841155426010324,0.8460288880917359,-0.533137056031806,0.9643784639967454,0.2645263279510719,0.45561828439694513,0.8901752518033651,-0.3494183899594143,0.9369668023778487,-0.927237546217948,0.3744736744868975,-0.9020987014301806,-0.43152975897147805
2025-08-03,5.0,3692.9,0.0,0,0,Lazada,0.0,1,26115.0,4497.21,3083.72,4891.0599999999995,1037.0,15836.315714285713,14982.864285714286,1.7962391491716747,-0.858590848171549,0.0,0.7818314824679954,0.6234898018587767,0.9749279121818482,-0.2225209339562069,0.43388373911729744,-0.9009688679025447,0.8826787983255375,-0.4699767430273385,-0.8296770135526422,-0.55824372202683,-0.10282099713729806,0.9946998756145955,0.9263239682514635,-0.3767278936352625,-0.726224914604155,0.6874571793269656,-0.9984970627014778,-0.05480525318362439,-0.6466230339778816,-0.762809708858795,0.10944576864891954,-0.9939927684469576,0.7971015927871887,-0.6038452208771108,0.986500656580117,0.1637573038584789,0.5592523247663245,0.8289974892865849,-0.21757660514828955,0.9760432474496944,-0.8584015232919038,0.5129783862992077,-0.9626519747161537,-0.27074189844774643
2025-08-04,7.0,3122.4700000000003,0.0,0,0,Lazada,0.0,0,3692.9,27460.0,4213.95,33418.0,23987.0,15721.414285714283,15026.377142857144,1.044742773964106,-0.1544666793035283,0.0,0.9749279121818438,-0.22252093395622596,-0.4338837391173947,-0.9009688679024979,-0.7818314824679159,0.6234898018588764,0.7678804460366218,-0.6405931786981491,-0.9837979515735042,-0.1792807588108023,0.49254806795387496,0.8702852410301493,0.3527520865492215,-0.9357168190404459,-0.7142921172691059,0.6998476771464044,-0.9997913581495417,-0.020426457585564124,-0.685111201994908,-0.7284384949335753,0.04084439154331032,-0.9991655196610103,0.7422809070869862,-0.6700888411055066,0.998122745686607,0.061245281802184554,0.654786863064535,0.7558135775163779,-0.08162061540321887,0.9966634713589135,-0.769030859258922,0.6392116531380542,-0.9947883056093256,-0.10196189005175833
2025-08-05,6.0,1741.41,0.0,0,0,Lazada,0.0,0,19758.0,21475.0,10038.42,3419.7200000000003,27737.0,14466.509999999997,14673.057142857142,1.2098051929746503,-0.9118630428180989,0.0,0.43388373911767186,-0.9009688679023643,-0.7818314824681872,0.6234898018585361,0.9749279121820091,-0.22252093395550177,0.6206094818274477,-0.7841198065766907,-0.9732643737003971,0.2296877421317337,0.9057022630804552,0.42391439070989556,-0.44709379298500024,-0.8944870822288524,-0.7021479494046992,0.7120310787787117,-0.9999023237537765,0.013976514293551975,-0.7217751111067827,-0.6921276536787064,-0.027950298240200983,-0.9996093140964043,0.6819721490904581,-0.7313781428679298,0.9991210282680504,-0.04191862202641704,0.7408382980859174,0.6716834195431367,0.05587875690535448,0.9984375616565676,-0.66126347496563,0.7501537286959118,-0.9975590477788604,0.06982797572988397
2025-08-06,4.0,1306.92,0.0,0,0,Lazada,0.0,0,21019.0,23627.0,2673.8,5529.05,43394.0,14153.682857142854,13762.485,1.9486211024236615,-0.9378219705980304,0.0,-0.4338837391176172,-0.9009688679023907,0.7818314824681115,0.623489801858631,-0.9749279121816143,-0.22252093395723105,0.4470937929850896,-0.8944870822288077,-0.7998392447396868,0.6002142805484116,0.9837979515735323,-0.17928075881064806,-0.9601498736716321,-0.2794856348515052,-0.6897960046655893,0.7240037789593299,-0.9988298281778685,0.04836294389478033,-0.7565171356105534,-0.6539738706764999,-0.09661270188119866,-0.9953220513156606,0.6166212130956453,-0.7872599821916867,0.9894848788166645,-0.14463635294479318,0.8161603698771062,0.5778254499778157,0.1923215052390861,0.9813319716704293,-0.5376773767406375,0.8431506618281851,-0.9708824104813879,0.23955655912090965
2025-08-07,19.0,7127.5,0.0,0,0,Lazada,0.0,0,19504.0,3122.4700000000003,27460.0,17041.0,18653.0,12441.399999999998,14081.407142857144,4.0928455478917645,-0.6345621410992617,0.0,-0.9749279121817797,-0.22252093395650685,0.4338837391179138,-0.9009688679022478,0.7818314824679441,0.623489801858841,0.25467112024125543,-0.9670277247913133,-0.4925480679539124,0.870285241030128,0.6979441547662807,-0.7161521883144545,-0.8573146280763891,0.514792801509736,-0.6772399381909511,0.7357622347736508,-0.9965751408026865,0.08269213223823352,-0.7892447672427539,-0.6140787387460432,-0.1648178466571839,-0.986324022531789,0.5467112728685907,-0.8373211953118143,0.9693168624606896,-0.24581460524013754,0.8796622089871208,0.47559898872884393,0.3251276029998824,0.945670154846578,-0.40122898544751034,0.9159777842484835,-0.9155458729775435,0.4022135682368108
2025-08-08,35.0,13220.21,0.0,1,0,Lazada,0.0,0,46975.0,1741.41,21475.0,22851.0,4188.87,16901.69,15684.100000000002,4.158028526772276,-0.7185692389568921,0.0,-0.7818314824680332,0.6234898018587292,-0.9749279121818212,-0.22252093395632527,-0.4338837391173382,-0.9009688679025251,0.05147875477037201,-0.9986740898848292,-0.10282099713741115,0.9946998756145838,0.15389057670402506,-0.9880878960910828,-0.2045520661263007,0.9788556850953369,-0.6644834655228565,0.7473029667054284,-0.99314093022387,0.11692344809346936,-0.8198708615029173,-0.5725484874300728,-0.23224292400906107,-0.9726578145718675,0.47275920928628784,-0.8811916534074775,0.938831643282972,-0.3443764590830716,0.9304241352383071,0.3664845543348975,0.4517857898328673,0.892126448495443,-0.25518241312336576,0.966892928939154,-0.8331829385891913,0.5529974600700077
2025-08-09,3.0,902.08,0.0,0,0,Lazada,0.0,1,20852.0,1306.92,23627.0,2920.4,20105.0,18517.661428571424,16335.672142857144,2.656351525759863,-0.9567389219259543,0.0,-4.114070468371201e-14,1.0,-8.228140936742402e-14,1.0,-3.5079578949436807e-13,1.0,-0.1538905767040948,-0.9880878960910721,0.3041148323275816,0.9526353808033622,-0.4470937929851019,-0.8944870822288016,0.5794210982046727,0.8150283375167339,-0.6515303615068002,0.7586225596664117,-0.9885312610933426,0.1510163760696366,-0.8483138696949852,-0.5294937001354404,-0.2985688173637287,-0.9543881083175881,0.3953117887649139,-0.918546999158717,0.8983536994820231,-0.43927284303376063,0.9677109772087495,0.252062422010277,0.569901057612777,0.8217133225960488,-0.10303137904321058,0.9946781061893613,-0.7262249146041526,0.6874571793269681
2025-08-10,8.0,4192.4,0.0,0,0,Lazada,0.0,1,12385.0,19504.0,3692.9,16841.0,16389.0,17280.82714285714,13731.749285714284,2.2751384196288806,-0.6614937424303593,0.0,0.781831482467982,0.6234898018587935,0.9749279121818577,-0.22252093395616485,0.4338837391179703,-0.9009688679022206,-0.3527520865490748,-0.9357168190405012,0.6601521206711997,0.7511319308705481,-0.8826787983255173,-0.4699767430273765,0.9917226741360905,0.12839835514663556,-0.6383844591746665,0.7697176640069193,-0.9827515893084895,0.18493056456853738,-0.8744980560685676,-0.4850290196805717,-0.3634816124828927,-0.931601372576724,0.3149416207289651,-0.9491110448902239,0.848313869695006,-0.5294937001354072,0.9909827195236511,0.13398973694096325,0.6772399381909274,0.7357622347736724,0.051584366869393994,0.9986686402880005,-0.5978291414589774,0.8016235510652254
2025-08-11,6.0,1885.22,0.0,0,0,Lazada,0.0,0,25500.0,46975.0,19758.0,3083.72,18087.0,17718.09857142857,15365.822857142857,2.160889459482256,-0.9260698039215687,0.0,0.9749279121818486,-0.22252093395620495,-0.43388373911735584,-0.9009688679025165,-0.7818314824678145,0.6234898018590035,-0.5366961939915842,-0.843775559823196,0.9057022630804552,0.42391439070989556,-0.9917226741360871,0.1283983551466628,0.7678804460366494,-0.640593178698116,-0.6250496486104363,0.7805849965070877,-0.9758087555546676,0.2186258735439401,-0.8983536994820184,-0.4392728430337703,-0.42667408318992867,-0.9044054548342982,0.23224292400907157,-0.9726578145718651,0.7892447672427431,-0.6140787387460571,0.9999023237537766,0.013976514293541437,0.7717727365467892,0.6358984534680676,0.20496611396949843,0.978769069864921,-0.45178578983288653,0.8921264484954332
2025-08-12,6.0,1495.8600000000001,0.0,0,0,Lazada,0.0,0,23594.0,20852.0,21019.0,23613.0,16397.0,12758.671428571426,15650.095,3.692309089504754,-0.9365999830465372,0.0,0.4338837391176913,-0.900968867902355,-0.7818314824682141,0.6234898018585023,0.9749279121817706,-0.22252093395654707,-0.6979441547663312,-0.7161521883144053,0.9996684675143123,0.025747913655022853,-0.7338853664321568,0.6792733388973388,0.05147875477041506,-0.998674089884827,-0.6115298757991089,0.791221341348378,-0.9677109772087559,0.25206242201025286,-0.9198172790502167,-0.3923470060554251,-0.4878471454422952,-0.8729290708206504,0.14782713347054682,-0.9890132145779859,0.7217751111068,-0.6921276536786884,0.99434060965305,-0.10623912647796337,0.8517119107468989,0.5240103253676082,0.3534446712740539,0.9354554315134291,-0.292405976951109,0.9562942772197622
2025-08-13,2.0,574.2,0.0,0,0,Lazada,0.0,0,1495.8600000000001,902.08,1306.92,10038.42,17833.0,9993.508571428569,14255.585000000001,3.740966000078142,-0.6161405479122377,0.0,-0.43388373911739286,-0.9009688679024987,0.7818314824678011,0.6234898018590203,-0.9749279121818529,-0.22252093395618575,-0.8296770135526105,-0.5582437220268772,0.9263239682515063,-0.3767278936351572,-0.20455206612618942,0.9788556850953603,-0.6979441547663003,-0.7161521883144354,-0.5978291414589545,0.8016235510652425,-0.9584678386132245,0.2852006352448988,-0.9388316432829633,-0.34437645908309505,-0.5467112728685936,-0.8373211953118124,0.06231837935432917,-0.9980563208530118,0.6466230339779007,-0.7628097088587787,0.9743781260415355,-0.2249161343518634,0.9155458729775463,0.4022135682368045,0.4934681416772212,0.8697638720650737,-0.12439450483980811,0.9922328391892998
2025-08-14,15.0,6942.8,0.0,0,0,Lazada,0.0,0,21759.0,25500.0,7127.5,29813.0,47561.0,14247.468571428572,14670.46214285714,7.233572797065015,-0.6809228365274139,0.0,-0.9749279121818255,-0.2225209339563062,0.43388373911754297,-0.9009688679024265,0.7818314824674785,0.6234898018594248,-0.9263239682514901,-0.3767278936351971,0.6979441547663621,-0.7161521883143752,0.4004539056512308,0.9163169044870203,-0.9996684675143145,0.025747913654936668,-0.5839514998576991,0.8117885474764618,-0.9480902797323657,0.3180012916278873,-0.9553461622632745,-0.295488934223996,-0.6029878670694745,-0.7977503570459907,-0.02365112724521239,-0.9997202729664088,0.5645884386043196,-0.8253725795023339,0.9403039842383942,-0.3403357419158346,0.9620675724981474,0.2728112643340115,0.6216868902665471,0.7832658619336798,0.047289022771093994,0.9988812483600615
2025-08-15,8.0,2974.5299999999997,0.0,0,1,Lazada,0.0,0,6942.8,1885.22,46975.0,4497.21,10472.84,11596.439999999999,14657.269285714285,7.28421616521345,-0.5715662268825259,0.0,-0.7818314824681885,0.6234898018585345,-0.9749279121817104,-0.22252093395681066,-0.4338837391174848,-0.9009688679024545,-0.9837979515735144,-0.17928075881074637,0.35275208654911516,-0.935716819040486,0.8573146280764032,0.5147928015097125,-0.6601521206712645,0.7511319308704911,-0.5699010576127624,0.8217133225960589,-0.9365905832039821,0.35042556906370953,-0.9693168624606904,-0.2458146052401342,-0.6564105761979341,-0.7544038410927507,-0.10944576864890883,-0.9939927684469588,0.4765444837967601,-0.879150359701274,0.8926116709398818,-0.45082635781630187,0.9903973200352543,0.1382503109109925,0.735033674132914,0.6780306024735677,0.21757660514826851,0.9760432474496991
2025-08-16,11.0,1476.5,0.0,0,0,Lazada,0.0,1,21183.0,1495.8600000000001,20852.0,4204.8,43968.0,11407.62714285714,12083.149285714286,6.514575179325163,-0.930297880375773,0.0,-6.270191611634448e-14,1.0,-1.2540383223268897e-13,1.0,-1.8810574834903344e-13,1.0,-0.9996684675143134,0.025747913654979762,-0.051478754770328955,-0.9986740898848314,0.9970175264485199,-0.07717546212673337,0.1028209971373254,0.9946998756145927,-0.555681972476049,0.8313949395234057,-0.9239823598019432,0.382435090930255,-0.9807065438204129,-0.1954857409322237,-0.7067265555776154,-0.7074868024503351,-0.1944312200476405,-0.9809161537413817,0.38342829071162743,-0.923570650184359,0.8319919011832156,-0.5547877759698192,0.9999994220246925,0.0010751512827991414,0.8307970168121122,0.5565755266413491,0.3814414490727515,0.924393001341572
2025-08-17,10.0,3140.15,0.0,0,0,Lazada,0.0,1,16006.0,24924.0,12385.0,3475.2,31748.0,13609.404285714283,11778.03642857143,1.8354821735506246,-0.8038141946769961,0.0,0.7818314824681103,0.6234898018586326,0.9749279121817661,-0.22252093395656614,0.43388373911782374,-0.9009688679022912,-0.973264373700384,0.22968774213178902,-0.4470937929851019,-0.8944870822288016,0.7678804460365766,-0.6405931786982033,0.7998392447397032,0.6002142805483897,-0.5412984521036166,0.8408305333122892,-0.9102805323268012,0.4139919715004574,-0.9894848788166609,-0.14463635294481791,-0.7536976643929165,-0.6572212950663289,-0.27797913939877106,-0.9605871111248154,0.2862309683321739,-0.9581606508136441,0.7593226149052634,-0.6507143509201507,0.9906923101615599,-0.13612033862267492,0.9066860720977963,0.4218060770826681,0.5340463569360557,0.8454551961182372
2025-08-18,12.0,3870.89,0.0,0,0,Lazada,0.0,0,21040.0,6942.8,25500.0,26115.0,26666.0,10394.711428571425,12321.09,2.6486540877681413,-0.8160223384030418,0.0,0.9749279121818534,-0.22252093395618394,-0.433883739117317,-0.9009688679025353,-0.7818314824682802,0.6234898018584196,-0.9057022630804734,0.4239143907098565,-0.7678804460365941,-0.6405931786981822,0.25467112024124217,-0.9670277247913168,0.9837979515735197,-0.17928075881071748,-0.526754752810555,0.8500173118187012,-0.8955013179435047,0.44505886078298224,-0.9956284932063293,-0.09340183893100941,-0.7971015927871908,-0.6038452208771081,-0.3594718130884003,-0.933155943878052,0.18598706431516235,-0.9825521929686115,0.6756562619728785,-0.7372168036994524,0.9626519747161518,-0.27074189844775304,0.9608854255574854,0.27694620226897904,0.6708865180801218,0.7415600311898763
2025-08-19,23.0,7939.63,0.0,0,0,Lazada,0.0,0,22783.0,21183.0,23594.0,3122.4700000000003,33418.0,12785.648571428568,12268.852142857144,2.4606999140552426,-0.6515107755782821,0.0,0.4338837391175059,-0.9009688679024442,-0.7818314824679575,0.6234898018588242,0.9749279121819366,-0.22252093395581898,-0.7998392447397209,0.6002142805483662,-0.9601498736716003,-0.2794856348516143,-0.3527520865490345,-0.9357168190405164,0.5366961939916091,-0.8437755598231802,-0.5120551783114647,0.8589525565270844,-0.8796622089871293,0.47559898872882816,-0.9991210282680487,-0.0419186220264562,-0.8367329140344917,-0.5476112038402319,-0.43830672301250834,-0.8988254650164492,0.08376355348530519,-0.9964856582548062,0.5822045598324521,-0.813042342384639,0.9164086366943465,-0.40024393885730397,0.9920985227917728,0.12546123335270687,0.7879224882631077,0.6157744331240725
2025-08-20,23.0,8933.550000000001,0.0,0,0,Lazada,0.0,0,37827.0,16006.0,574.2,1741.41,3419.7200000000003,16086.66714285714,13745.764285714287,1.6164560731395619,-0.7638313902767864,0.0,-0.4338837391175783,-0.9009688679024094,0.7818314824680578,0.6234898018586985,-0.9749279121818891,-0.22252093395602715,-0.6601521206712321,0.7511319308705195,-0.9917226741361016,0.12839835514655007,-0.8296770135526816,-0.5582437220267715,-0.254671120241227,-0.9670277247913208,-0.49720407844693637,0.8676336233547733,-0.8627819522593728,0.5055762087514655,-0.999953184360873,0.009676212407236748,-0.8724040568049631,-0.4887853942889892,-0.513901001309287,-0.8578494977869441,-0.019351518818337146,-0.9998127418269,0.4803209445297922,-0.8770928059481552,0.8528367217694552,-0.5221776766595148,0.9995786855478961,-0.02902501332196602,0.881699431770759,0.47181152170662444
2025-08-21,18.0,6880.71,0.0,1,0,Lazada,0.0,0,37863.0,21040.0,21759.0,1306.92,5529.05,20036.72428571429,15267.074999999999,1.262672722626394,-0.8182735123999683,0.0,-0.9749279121818207,-0.22252093395632722,0.4338837391175818,-0.9009688679024077,0.781831482468147,0.6234898018585866,-0.49254806795386297,0.870285241030156,-0.8573146280763306,0.5147928015098335,-0.9996684675143115,0.02574791365505031,-0.8826787983255505,-0.46997674302731424,-0.4822058478963543,0.8760579434344272,-0.8448805268402687,0.5349550405091161,-0.9981227456866076,0.0612452818021738,-0.9039461929223985,-0.4276462092677799,-0.5856957398073391,-0.8105309990194907,-0.12226061766547147,-0.9924980309139446,0.37148096925729157,-0.928440568630897,0.77313832557061,-0.6342374393977964,0.9831469737221588,-0.18281692498497218,0.9494491062150046,0.31392100074306734
2025-08-22,7.0,2696.5,0.0,0,0,Lazada,0.0,0,40224.0,22783.0,2974.5299999999997,19504.0,1362.93,23207.269999999997,16581.568571428572,1.2402786134986772,-0.932962907716786,0.0,-0.7818314824680602,0.6234898018586954,-0.974927912181802,-0.22252093395640937,-0.43388373911763134,-0.9009688679023838,-0.30411483232751435,0.9526353808033837,-0.5794210982045576,0.8150283375168157,-0.7998392447397127,0.6002142805483772,-0.9444892287836564,0.32854238191084884,-0.46706492487743045,0.8842230238742035,-0.8259791204413984,0.5637007118984805,-0.9936345861898661,0.11265127219562784,-0.9312100364121942,-0.3644830148102925,-0.6531601223269289,-0.7572198192083137,-0.2238684004637293,-0.9746193817454132,0.2572609343110892,-0.9663419744983581,0.6788204829862375,-0.7343042638296002,0.9431964659565779,-0.3322354987159288,0.9891715794849544,0.1467637092037425
2025-08-23,9.0,2743.15,0.0,0,0,Lazada,0.0,1,35837.0,8933.550000000001,16006.0,13220.21,22851.0,22770.822857142855,19428.745,2.105320387613065,-0.92345480927533,0.0,-8.426312754897696e-14,1.0,-1.6852625509795392e-13,1.0,-9.349104089766271e-13,1.0,-0.10282099713741115,0.9946998756145838,-0.2045520661263007,0.9788556850953369,-0.30411483232755543,0.9526353808033705,-0.4004539056514535,0.916316904486923,-0.4517857898328864,0.8921264484954333,-0.8061001043286344,0.59177920021015,-0.9865006565801187,0.16375730385846826,-0.9540665500578354,-0.29959475639727057,-0.7157953492826725,-0.69831011588355,-0.3230933755523379,-0.9463670908660106,0.1393150579548326,-0.9902481076109368,0.5716666713027231,-0.8204859638785202,0.8806828564301539,-0.47370635037966813,0.9996942666129782,-0.024725964109406147
2025-08-24,16.0,5245.4,0.0,0,0,Lazada,0.0,1,17916.0,6880.71,21040.0,902.08,2920.4,19036.90857142857,19536.816428571427,2.448739794872281,-0.7072225943290913,0.0,0.7818314824679551,0.6234898018588272,0.9749279121818769,-0.22252093395608077,0.43388373911767714,-0.9009688679023619,0.10282099713736827,0.9946998756145883,0.2045520661262163,0.9788556850953546,0.3041148323276488,0.9526353808033408,0.40045390565129546,0.9163169044869921,-0.4363729641045933,0.8997658785476205,-0.7852670068439973,0.6191572723971426,-0.9767399525103034,0.21442729576751673,-0.9724075561219954,-0.23328854407546104,-0.7731383255706,-0.6342374393978085,-0.4188794133697542,-0.9080418696596598,0.019351518818324403,-0.9998127418269003,0.45370308603135495,-0.8911529104063033,0.797101592787226,-0.6038452208770616,0.9807065438204132,-0.19548574093222226
2025-08-25,15.0,5863.08,0.0,0,0,Lazada,0.0,0,5245.4,40224.0,3870.89,12385.0,2869.2,18803.292857142857,18408.630714285715,1.7732895329730347,0.11775651046631341,0.0,0.9749279121818076,-0.2225209339563846,-0.43388373911768785,-0.9009688679023566,-0.7818314824681787,0.6234898018585469,0.3041148323275274,0.9526353808033795,0.57942109820458,0.8150283375167998,0.7998392447397715,0.6002142805482987,0.9444892287836744,0.328542381910797,-0.4208310085956557,0.9071390534005044,-0.7635044855580853,0.6458025244087263,-0.9643784639967444,0.2645263279510752,-0.9861462483415948,-0.16587819893463296,-0.8247650844733666,-0.5654755126737501,-0.5102069876723141,-0.8600516436414404,-0.10089228319740341,-0.9948973551031357,0.3271603271220981,-0.9449688462364046,0.6944521021088608,-0.719538934232599,0.9327689179559715,-0.36047488913271913
2025-08-26,16.0,4447.3,0.0,0,0,Lazada,0.0,0,26913.0,35837.0,37827.0,1885.22,3083.72,18310.232857142855,20682.670714285716,1.1033124933228922,-0.8347527217329915,0.0,0.43388373911773015,-0.9009688679023363,-0.781831482468268,0.6234898018584349,0.9749279121819004,-0.22252093395597758,0.49254806795382544,0.8702852410301772,0.8573146280762862,0.5147928015099075,0.999668467514314,0.02574791365495231,0.8826787983256316,-0.469976743027162,-0.405164522420758,0.9142437912130216,-0.7408382980859342,0.6716834195431182,-0.949449106215014,0.31392100074303897,-0.9952176027737284,-0.09768276782172704,-0.8702939222685641,-0.4925327287220602,-0.5961040271552022,-0.8029072105849778,-0.21967488921888342,-0.9755731356729086,0.19443122004768376,-0.9809161537413731,0.5751899607119921,-0.8180198708443072,0.8572964806503208,-0.5148230222752029
2025-08-27,8.0,2691.05,0.0,0,0,Lazada,0.0,0,4447.3,2743.15,8933.550000000001,23594.0,4213.95,13825.989999999996,18298.406428571427,1.178819962486853,-0.3949025251276055,0.0,-0.4338837391175589,-0.9009688679024187,0.7818314824680309,0.6234898018587322,-0.974927912181723,-0.22252093395675523,0.6601521206711997,0.7511319308705481,0.9917226741360905,0.12839835514663558,0.8296770135526269,-0.5582437220268529,0.25467112024139377,-0.9670277247912769,-0.3893781415452024,0.9210779895789521,-0.7172952716008875,0.6967693257736086,-0.9319916318560653,0.36247978998872266,-0.9995786855478956,-0.029025013321981687,-0.9093882203647953,-0.41594839182493615,-0.675656261972867,-0.737216803699463,-0.3352760024840203,-0.942119951045691,0.05802556932879323,-0.9983150972033176,0.4421681519670721,-0.8969321743510065,0.7565171356105544,-0.6539738706764988
2025-08-28,6.0,1678.25,0.0,0,0,Lazada,0.0,0,29538.0,5245.4,6880.71,574.2,10038.42,15478.832857142856,17257.870714285713,1.7801408566493964,-0.9431833570316203,0.0,-0.9749279121818158,-0.22252093395634823,0.4338837391176206,-0.9009688679023891,0.7818314824676814,0.6234898018591705,0.7998392447397291,0.6002142805483552,0.9601498736715927,-0.2794856348516407,0.3527520865491555,-0.9357168190404708,-0.5366961939916554,-0.8437755598231508,-0.37347653741307163,0.9276396261490464,-0.6929032710826042,0.721030552003885,-0.9120525252759679,0.4100733972567959,-0.9992088560679754,0.03977011384605416,-0.9417589340994585,-0.33628873017669175,-0.7480169550331118,-0.6636796177245401,-0.44602140294069065,-0.8950222947607608,-0.07947729992361785,-0.9968366760893438,0.29856881736370294,-0.9543881083175962,0.6334058321617232,-0.7738197799122964
2025-08-29,6.0,2752.5299999999997,0.0,0,1,Lazada,0.0,0,38367.0,33654.0,2696.5,21759.0,2673.8,19612.65714285714,16753.623571428572,4.076614140726753,-0.9282578778637892,0.0,-0.7818314824680737,0.6234898018586786,-0.9749279121817923,-0.2225209339564514,-0.43388373911777794,-0.9009688679023132,0.9057022630804552,0.42391439070989556,0.7678804460366494,-0.640593178698116,-0.254671120241337,-0.9670277247912918,-0.9837979515734887,-0.17928075881088712,-0.35746441556486397,0.9339267592294752,-0.6676911663367036,0.7444383832097404,-0.8896848787211034,0.45657509412474045,-0.994109864702243,0.1083770127918648,-0.9671667297977322,-0.2541427094613584,-0.8124159144868921,-0.5830783668499687,-0.5503071945286335,-0.8349622695966715,-0.21547731504670797,-0.9765088461966239,0.14782713347055168,-0.9890132145779852,0.49159674642335444,-0.8708229664552791
2025-08-30,11.0,3941.5,0.0,0,0,Lazada,0.0,1,25543.0,2691.05,2743.15,21183.0,27460.0,18200.54714285714,16013.268571428573,5.40304348170567,-0.8456915789061582,0.0,-1.0582433898160944e-13,1.0,-2.1164867796321887e-13,1.0,1.3727433394163582e-13,1.0,0.9732643737003741,0.229687742131831,0.44709379298517904,-0.894487082228763,-0.7678804460366393,-0.640593178698128,-0.7998392447398068,0.6002142805482518,-0.3413465142450379,0.9399375283564128,-0.6416887978251159,0.7669651144255243,-0.8649482509584349,0.5018610596210314,-0.9843058444990342,0.17647097349151508,-0.9854237542919503,-0.17011767832050245,-0.8681676914867158,-0.49627095367211105,-0.6466230339778669,-0.7628097088588073,-0.34740282118426485,-0.937715991029914,-0.006450864198101035,-0.9999791929590823,0.33527600248403966,-0.9421199510456841
2025-08-31,5.0,2736.3,0.0,0,1,Lazada,0.0,1,3941.5,29538.0,17916.0,1476.5,4204.8,18379.182857142852,16098.865000000002,3.934163967876428,-0.3057719142458455,0.0,0.7818314824680834,0.6234898018586663,0.9749279121817853,-0.22252093395648206,0.4338837391175306,-0.9009688679024324,0.9996684675143137,0.025747913654966034,0.05147875477030153,-0.9986740898848329,-0.9970175264485275,-0.07717546212663563,-0.10282099713727076,0.9946998756145983,-0.3251276029999094,0.9456701548465688,-0.614926941347636,0.7885840835350666,-0.8379085086871844,0.5458107099257202,-0.9698431969672945,0.2437297136096819,-0.9963950238187232,-0.08483487790576416,-0.9146788759587072,-0.4041813378607626,-0.7335740047067826,-0.6796095788159944,-0.472759209286274,-0.8811916534074848,-0.16057454459500722,-0.987023715838736,0.1690581003831447,-0.9856060869814282
2025-09-01,14.0,4200.79,0.0,0,0,Lazada,0.0,0,28310.0,38367.0,5863.08,3140.15,3475.2,18354.904285714285,16662.07214285714,2.1593557746454275,-0.8516146238078417,0.0,0.974927912181863,-0.2225209339561419,-0.43388373911723926,-0.9009688679025727,-0.7818314824686443,0.623489801857963,0.9837979515735221,-0.17928075881070396,-0.35275208654903445,-0.9357168190405164,-0.8573146280763528,0.5147928015097966,0.6601521206711349,0.7511319308706049,-0.3088124812662564,0.9511229423235348,-0.5874372716163865,0.8092697028283561,-0.8086376511543176,0.5883070194512625,-0.9507903724625868,0.3098349038317915,-0.9999994220246925,0.0010751512827834658,-0.9514544127333328,-0.30778970172874365,-0.809900819026584,-0.5865668447330351,-0.5891760872322777,-0.808004664735089,-0.310856968243479,-0.9504567035349231,-0.002150301322745145,-0.9999976880994382
2025-09-02,13.0,4520.54,0.0,0,0,Lazada,0.0,0,17940.0,25543.0,4447.3,22783.0,3692.9,15773.369999999999,15480.122857142856,1.6922370776454785,-0.7480189520624303,0.0,0.43388373911754474,-0.9009688679024256,-0.7818314824680113,0.6234898018587568,0.9749279121818643,-0.2225209339561362,0.9263239682515063,-0.3767278936351572,-0.6979441547663003,-0.7161521883144354,-0.400453905651141,0.9163169044870596,0.99966846751431,0.02574791365510906,-0.2924059769510783,0.9562942772197717,-0.5592523247663452,0.8289974892865709,-0.7772136184407354,0.6292368324488474,-0.9272375462179564,0.37447367448687663,-0.9962102997023298,0.08697723131368466,-0.9781028708075109,-0.20812201737948233,-0.8744980560685652,-0.485029019680576,-0.6944521021088664,-0.7195389342325935,-0.45370308603133663,-0.8911529104063127,-0.17329522734856934,-0.9848699224660116
2025-09-03,5.0,1410.3,0.0,0,0,Lazada,0.0,0,29784.0,2736.3,29538.0,37827.0,19758.0,16461.947142857138,17420.565,2.5190096230680346,-0.9526490733279613,0.0,-0.43388373911733463,-0.9009688679025267,0.7818314824677205,0.6234898018591214,-0.9749279121817592,-0.2225209339565966,0.8296770135526346,-0.5582437220268415,-0.9263239682514739,-0.37672789363523707,0.20455206612628538,0.9788556850953402,0.6979441547664239,-0.716152188314315,-0.2759129450029639,0.9611826292540827,-0.530405459846372,0.8477440935595828,-0.7437200839287422,0.6684911643103629,-0.8992961915530326,0.4373400963303173,-0.9850556718215043,0.17223624302766485,-0.9943406096530514,-0.1062391264779507,-0.9264301712993498,-0.37646664886315956,-0.7865965660865816,-0.6174672802835776,-0.5856957398073582,-0.8105309990194769,-0.3393245761752566,-0.9406693531754303
2025-09-04,26.0,9715.25,0.0,0,0,Lazada,0.0,0,22459.0,4200.79,38367.0,37863.0,21019.0,15436.661428571428,16895.782857142858,3.356593120525956,-0.5674228594327442,0.0,-0.9749279121818111,-0.22252093395636927,0.4338837391176595,-0.9009688679023703,0.7818314824677828,0.6234898018590432,0.6979441547663621,-0.7161521883143752,-0.9996684675143145,0.025747913654936658,0.7338853664322235,0.6792733388972668,-0.051478754770242836,-0.9986740898848359,-0.2593382659754074,0.965786551884457,-0.5009308193361658,0.8654873276017377,-0.7082462315032528,0.7059654917638969,-0.867098552281214,0.4981366284783953,-0.9666180104000982,0.2562218218071123,-0.9999947982262414,-0.0032254488771185823,-0.9649450457625297,-0.2624520121057362,-0.863867098783723,-0.5037197987363543,-0.7036774074789915,-0.7105196029692955,-0.4953372552325588,-0.8687007560596888
2025-09-05,7.0,4422.0,0.0,0,0,Lazada,0.0,0,22596.0,17940.0,26834.0,40224.0,20638.0,15489.29857142857,16266.619999999999,2.6810013312151884,-0.8043016463090813,0.0,-0.7818314824680871,0.6234898018586618,-0.9749279121817828,-0.22252093395649344,-0.4338837391171051,-0.9009688679026373,0.5366961939916206,-0.8437755598231729,-0.9057022630804917,0.42391439070981746,0.9917226741360996,0.12839835514656558,-0.7678804460365389,-0.6405931786982485,-0.24268684458259376,0.9701046827361179,-0.4708632887360534,0.8822061909330879,-0.670886518080165,0.7415600311898373,-0.8307970168121208,0.5565755266413361,-0.9410336347451265,0.33831301819228865,-0.995005254544737,0.09982255971654484,-0.9894848788166581,-0.14463635294483682,-0.9248025743285142,-0.38044736628783876,-0.8048257371083377,-0.5935111901961251,-0.636727858382167,-0.7710886034432484
2025-09-06,11.0,3986.62,0.0,0,0,Lazada,0.0,1,4422.0,4520.54,25543.0,2696.5,19504.0,13558.155714285711,14665.762857142856,2.773795794160852,-0.09845771144278614,0.0,-1.273855504142419e-13,1.0,-2.547711008284838e-13,1.0,2.9996437508697046e-13,1.0,0.35275208654911516,-0.935716819040486,-0.6601521206712645,0.7511319308704911,0.8826787983254712,-0.46997674302746306,-0.9917226741361127,0.12839835514646455,-0.2259636082480226,0.9741357440046712,-0.4402384552773351,0.8978808954950683,-0.6317404220940743,0.7751800043166753,-0.7905633969115584,0.6123802049900516,-0.908491703572511,0.4179028888867805,-0.9794250862518057,0.20180807818480173,-0.9996942666129784,-0.024725964109398302,-0.9682507501166635,-0.24998096907268458,-0.8867210630829955,-0.46230483047980625,-0.75932261490525,-0.6507143509201664
2025-09-07,5.0,1551.51,0.0,0,0,Lazada,0.0,1,36457.0,1410.3,2736.3,35837.0,46975.0,14435.16714285714,15448.557142857142,3.138288997377805,-0.9574427407630908,0.0,0.7818314824679282,0.6234898018588609,0.9749279121818961,-0.22252093395599667,0.433883739117384,-0.900968867902503,0.15389057670408124,-0.9880878960910742,-0.30411483232755543,0.9526353808033705,0.4470937929850142,-0.8944870822288454,-0.5794210982046278,0.8150283375167657,-0.2091735056463591,0.9778785428342379,-0.4090925658019817,0.9124928890712252,-0.5909121786151582,0.8067358905889135,-0.7465881145324211,0.6652865452111025,-0.86923281645749,0.49440298420759915,-0.9534201253498695,0.3016455943285748,-0.995425349314455,0.095542524261164,-0.9933900548258908,-0.1147876255221513,-0.9474042892438738,-0.32003923622317065,-0.8595025968555187,-0.511131378413241
2025-09-08,8.0,2260.0,0.0,0,0,Lazada,0.0,0,31836.0,22596.0,27742.0,5245.4,902.08,17985.304285714283,17104.87285714286,2.967271177415132,-0.9290111823093353,0.0,0.9749279121818172,-0.22252093395634254,-0.43388373911761013,-0.900968867902394,-0.7818314824679758,0.6234898018588012,-0.051478754770328955,-0.9986740898848314,0.10282099713732538,0.9946998756145927,-0.15389057670412196,-0.9880878960910677,0.2045520661261319,0.9788556850953722,-0.1923215052390932,0.9813319716704278,-0.3774624838618077,0.9260248772451389,-0.5485105018003653,0.8361436655352424,-0.6990793005655513,0.7150441465537491,-0.823547234955606,0.5672476988027151,-0.9172671631198653,0.3982724588294229,-0.9767399525103075,0.21442729576749808,-0.9997451236925732,0.022576263041559,-0.9854237542919495,-0.17011767832050728,-0.934310547767813,-0.35646009640604837
2025-09-09,22.0,7270.97,0.0,1,0,Lazada,0.0,0,2260.0,4422.0,17940.0,5863.08,12385.0,15080.161428571428,15284.73,3.3989204644352666,2.2172433628318586,0.0,0.433883739117769,-0.9009688679023176,-0.7818314824683217,0.6234898018583676,0.9749279121818281,-0.22252093395629483,-0.25467112024121374,-0.9670277247913243,0.49254806795383743,0.8702852410301705,-0.697944154766351,-0.7161521883143861,0.8573146280763004,0.5147928015098839,-0.17541259380428204,0.9844950085880853,-0.34538564608760985,0.938460843869708,-0.5046482954181606,0.8633250245020961,-0.6482618097757252,0.7614175109532886,-0.7717727365467992,0.6358984534680555,-0.8713510040136491,0.4906601958630899,-0.9439086918125122,0.33020657401207476,-0.987195787291014,0.15951325197260277,-0.9998699583618592,-0.01612657327065699,-0.9815381791978375,-0.19126631375387038
2025-09-10,19.0,7197.38,0.0,0,0,Lazada,0.0,0,48485.0,36457.0,29784.0,26913.0,25500.0,21844.06857142857,17662.975,2.937543671527127,-0.8515545013921831,0.0,-0.43388373911752004,-0.9009688679024375,0.7818314824679771,0.6234898018587997,-0.974927912181593,-0.2225209339573247,-0.4470937929851019,-0.8944870822288016,0.7998392447397032,0.6002142805483897,-0.9837979515735091,-0.1792807588107753,0.9601498736716167,-0.2794856348515579,-0.15845177496083643,0.9873667175937015,-0.31290001787995386,0.9497860700235209,-0.45944235221745733,0.8882075911569828,-0.5943761565849816,0.8041871576214491,-0.7142921172691118,0.6998476771463984,-0.8161603698771317,0.5778254499777797,-0.8974070536021493,0.44120355862697797,-0.9559793438440755,0.2934339689665309,-0.990397320035261,0.13825031091094395,-0.9997913581495413,-0.02042645758558102
2025-09-11,3.0,1044.65,0.0,0,0,Lazada,0.0,0,27177.0,25048.0,22459.0,2691.05,23594.0,21324.90714285714,17890.123571428572,1.1700531718633826,-0.9615612466423814,0.0,-0.9749279121818569,-0.2225209339561686,0.4338837391172886,-0.9009688679025489,0.7818314824678843,0.6234898018589161,-0.6206094818274139,-0.7841198065767174,0.9732643737003773,0.2296877421318176,-0.9057022630804136,0.4239143907099843,0.44709379298515445,-0.8944870822287753,-0.14144406768793946,0.9899462489023784,-0.28004404847433956,0.9599871514317792,-0.4130130429412835,0.9107251102063573,-0.5376773767406087,0.8431506618282035,-0.6515303615068228,0.7586225596663922,-0.7522826980987267,0.6588404527207631,-0.8379085086871715,0.5458107099257399,-0.906686072097793,0.4218060770826752,-0.9572324433233179,0.28931997761867556,-0.9885312610933515,0.15101637606957774
2025-09-12,5.0,2766.0,0.0,0,0,Lazada,0.0,0,19596.0,7270.97,4422.0,38367.0,24924.0,17835.857142857138,16458.009285714284,2.6631787715101884,-0.8588487446417636,0.0,-0.7818314824681005,0.6234898018586449,-0.9749279121817731,-0.2225209339565355,-0.43388373911725164,-0.9009688679025667,-0.7678804460365941,-0.6405931786981822,0.9837979515735197,-0.17928075881071748,-0.49254806795378964,0.8702852410301976,-0.35275208654906015,-0.9357168190405067,-0.12439450483980095,0.9922328391893007,-0.24685662543348583,0.9690520143313215,-0.36548399581331714,0.9308176238148541,-0.47843382025470393,0.8781236129591834,-0.5839514998577118,0.8117885474764527,-0.6803978890506198,0.7328428976086624,-0.7662747586044774,0.6425130304714839,-0.8402480696078503,0.5422021592729793,-0.9011686968561581,0.4334685453485338,-0.9480902797323756,0.3180012916278578
2025-09-13,4.0,1530.2,0.0,0,0,Lazada,0.0,1,32790.0,7197.38,36457.0,26834.0,6942.8,14950.147142857139,18397.10785714286,3.3895482307647953,-0.9533333333333334,0.0,7.842691359635767e-14,1.0,1.5685382719271534e-13,1.0,-4.4684028554062315e-13,1.0,-0.8826787983255441,-0.46997674302732634,0.8296770135526269,-0.5582437220268529,0.10282099713739558,0.9946998756145854,-0.9263239682514842,-0.37672789363521164,-0.10730813165636167,0.9942258118156161,-0.21337702862092642,0.9769699297608418,-0.31698176735053746,0.9484316312562175,-0.41692588132872727,0.9089404873138087,-0.5120551783114659,0.8589525565270837,-0.6012710693734982,0.7990451183346595,-0.6835432558267516,0.7299100063800771,-0.757921627497345,0.6523456189565281,-0.823547234955625,0.5672476988026877,-0.8796622089871305,0.47559898872882583
2025-09-14,10.0,2039.04,0.0,0,0,Lazada,0.0,1,18549.0,1044.65,25048.0,3941.5,21183.0,12907.97857142857,17116.442857142854,4.592044794763007,-0.8900727802037846,0.0,0.7818314824679148,0.6234898018588778,0.9749279121819058,-0.22252093395595463,0.43388373911805683,-0.900968867902179,-0.9601498736715844,-0.2794856348516689,0.536696193991705,-0.8437755598231191,0.6601521206712203,0.75113193087053,-0.9057022630805764,0.4239143907096364,-0.09019000427034699,0.9959245770286598,-0.17964488371031667,0.9837315262594296,-0.26763550537877967,0.963520231370699,-0.3534446712740951,0.9354554315134136,-0.43637296410458176,0.8997658785476261,-0.5157444481311514,0.8567424725212904,-0.5909121786151851,0.8067358905888938,-0.6612634749656505,0.7501537286958937,-0.7262249146041324,0.6874571793269895,-0.7852670068439814,0.6191572723971629
2025-09-15,3.0,1030.21,0.0,0,1,Lazada,0.0,0,41240.0,19596.0,2260.0,28310.0,16006.0,16930.034285714282,16144.66,5.3606483744933895,-0.9750191561590689,0.0,0.974927912181822,-0.22252093395632153,-0.4338837391175713,-0.9009688679024128,-0.7818314824678744,0.6234898018589284,-0.9970175264485265,-0.07717546212664933,0.1538905767040677,-0.9880878960910763,0.9732643737004196,0.22968774213163828,-0.3041148323275293,0.952635380803379,-0.07304518821104752,0.9973286321364752,-0.14570011528535082,0.9893288009584252,-0.21757660514826996,0.9760432474496987,-0.28829064070952093,0.957542952811671,-0.35746441556486525,0.9339267592294748,-0.4247283525159965,0.9053208417843076,-0.4897230781239257,0.8718780343332588,-0.5521013427459264,0.8337770129585879,-0.611529875799111,0.7912213413483763,-0.6676911663367056,0.7444383832097387
2025-09-16,2.0,756.0,0.0,0,0,Lazada,0.0,0,22019.0,32790.0,48485.0,27742.0,21040.0,17028.20714285714,17110.24857142857,6.705195687612736,-0.9656660157137018,0.0,0.4338837391175836,-0.9009688679024068,-0.781831482468065,0.6234898018586893,0.9749279121817919,-0.22252093395645342,-0.9917226741361016,0.12839835514655007,-0.254671120241227,-0.9670277247913208,0.9263239682514531,-0.3767278936352879,0.4925480679538613,0.8702852410301569,-0.055878756905372334,0.9984375616565666,-0.11158289958599998,0.9937551290534206,-0.16693835946506536,0.9859673342150401,-0.22177215755648058,0.9750985130399613,-0.2759129450029516,0.9611826292540863,-0.3291915385200052,0.9442631682782252,-0.38144144907282307,0.9243930013415425,-0.4324994021339764,0.9016342202654871,-0.482205847896394,0.8760579434344054,-0.5304054598463502,0.8477440935595965
2025-09-17,8.0,2395.45,0.0,0,0,Lazada,0.0,0,24508.0,18549.0,27177.0,4520.54,22783.0,15734.46428571428,14937.507142857141,9.611927039225574,-0.9022584462216419,0.0,-0.4338837391175006,-0.9009688679024468,0.7818314824679502,0.6234898018588333,-0.9749279121818316,-0.2225209339562794,-0.9444892287836796,0.32854238191078217,-0.6206094818273356,-0.7841198065767795,0.5366961939915494,-0.8437755598232181,0.9732643737003314,0.2296877421320122,-0.038695790176529646,0.999251037438848,-0.07733361695682646,0.997005271645228,-0.11585560376948854,0.9932660666081407,-0.15420404756269757,0.9880390233767496,-0.1923215052391015,0.9813319716704263,-0.2301508797012623,0.9731549581504145,-0.2676355053787707,0.9635202313707014,-0.3047192331091791,0.9524422234305626,-0.3413465142450104,0.9399375283564227,-0.37746248386182335,0.9260248772451325
2025-09-18,21.0,6648.6,0.0,0,0,Lazada,0.0,0,15306.0,41240.0,14080.0,1410.3,37827.0,15322.094285714284,14186.064285714285,7.681764336395132,-0.5656213249705997,0.0,-0.9749279121818015,-0.2225209339564113,0.4338837391177372,-0.9009688679023329,0.7818314824679857,0.6234898018587889,-0.8573146280763306,0.5147928015098335,-0.8826787983255505,-0.46997674302731424,-0.051478754770129295,-0.9986740898848417,0.8296770135526116,-0.5582437220268757,-0.021501372740814772,0.999768818762748,-0.04299280405372387,0.9990753819405211,-0.06446435710737546,0.9979200101524835,-0.08590610426133631,0.9963032375991963,-0.10730813165635594,0.9942258118156168,-0.12866054379813088,0.9916886933254655,-0.14995346813244792,0.988693055197138,-0.17117705961020696,0.9852402825012808,-0.1923215052391063,0.9813319716704253,-0.21337702862091515,0.9769699297608444
2025-09-19,10.0,3085.2,0.0,0,0,Lazada,0.0,0,31891.0,22019.0,2766.0,9715.25,37863.0,14789.149999999998,14533.464285714286,5.323921174244965,-0.9032579724687216,0.0,-0.7818314824679722,0.6234898018588058,-0.9749279121818647,-0.22252093395613418,-0.4338837391165788,-0.9009688679028908,-0.7338853664321955,0.679273338897297,-0.9970175264485275,-0.07717546212663565,-0.6206094818272125,-0.7841198065768769,0.15389057670404058,-0.9880878960910805,-0.004300592702982066,0.9999907524084426,-0.008601105865714586,0.9999630098048061,-0.012901459949436892,0.999916772702195,-0.017201575418259462,0.9998520419557735,-0.02150137274082322,0.9997688187627478,-0.025800772391575123,0.9996671046623462,-0.030099694852260314,0.9995469015357913,-0.034398060613605924,0.9994082116062598,-0.03869579017652169,0.9992510374388484,-0.04299280405374076,0.9990753819405204
2025-09-20,7.0,3370.8199999999997,0.0,0,0,Lazada,0.0,1,27959.0,24508.0,1530.2,4422.0,40224.0,15970.464285714286,14211.192857142856,1.9997121720830526,-0.8794370327980257,0.0,-1.7050797327950688e-13,1.0,-3.4101594655901375e-13,1.0,-2.841502443952885e-13,1.0,-0.579421098204604,0.8150283375167827,-0.9444892287836937,0.3285423819107415,-0.9601498736716398,-0.2794856348514788,-0.6206094818272679,-0.784119806576833,0.012901459949417785,0.9999167727021953,0.025800772391536917,0.9996671046623471,0.0386957901765354,0.9992510374388478,0.051584366869399864,0.9986686402880002,0.06446435710736569,0.9979200101524841,0.07733361695683795,0.9970052716452271,0.0901900042703443,0.99592457702866,0.10303137904316186,0.9946781061893664,0.11585560376950217,0.9932660666081391,0.12866054379811145,0.991688693325468
2025-09-21,3.0,1125.83,0.0,0,0,Lazada,0.0,1,18047.0,15306.0,2039.04,36457.0,26961.0,15186.802857142855,14306.808571428572,1.8467004830311835,-0.9376167784119245,0.0,0.7818314824680431,0.6234898018587168,0.9749279121818141,-0.22252093395635594,0.4338837391179102,-0.9009688679022495,-0.4004539056512577,0.9163169044870085,-0.7338853664321862,0.6792733388973071,-0.9444892287837079,0.32854238191070073,-0.9970175264485296,-0.07717546212660827,0.030099694852257622,0.9995469015357914,0.06017211345349383,0.998188016739602,0.09019000427034918,0.9959245770286596,0.12012616518234666,0.9927586335250798,0.14995346813243338,0.9886930551971402,0.179644883710321,0.9837315262594288,0.20917350564635645,0.9778785428342386,0.23851257519406896,0.9711394088771671,0.2676355053787518,0.9635202313707066,0.2965159050905251,0.9550279147901106
2025-09-22,18.0,5958.82,0.0,0,0,Lazada,0.0,0,23718.0,31891.0,1030.21,25048.0,2743.15,15599.55,12990.007857142857,4.14489082720266,-0.7487638080782528,0.0,0.9749279121818267,-0.22252093395630052,-0.4338837391175324,-0.9009688679024315,-0.78183148246834,0.6234898018583446,-0.20455206612618942,0.9788556850953603,-0.40045390565124517,0.9163169044870141,-0.5794210982047205,0.8150283375166998,-0.7338853664321675,0.6792733388973272,0.04728902277113315,0.9988812483600596,0.09447223619871355,0.9955274966507025,0.14144406768792758,0.98994624890238,0.18809941761179835,0.982149993175229,0.234333894471805,0.9721561736170156,0.2800440484743165,0.9599871514317859,0.32512760299991017,0.9456701548465685,0.3694836834473846,0.9292372181882046,0.41301304294128305,0.9107251102063574,0.45561828439696694,0.8901752518033539
2025-09-23,7.0,1517.44,0.0,0,0,Lazada,0.0,0,29002.0,27959.0,756.0,2260.0,5245.4,15597.352857142852,13840.837142857143,3.5392270355798336,-0.9476780911661264,0.0,0.43388373911760303,-0.9009688679023975,-0.781831482468092,0.6234898018586557,0.9749279121819581,-0.22252093395572534,-4.3117471020172244e-14,1.0,-8.623494204034449e-14,1.0,-2.4303925078213276e-13,1.0,-1.7246988408068898e-13,1.0,0.06446435710735994,0.9979200101524845,0.12866054379810002,0.9916886933254695,0.19232150523907793,0.9813319716704308,0.2551824131233643,0.9668929289391544,0.3169817673505147,0.9484316312562251,0.3774624838617789,0.9260248772451507,0.4363729641045941,0.8997658785476201,0.4934681416772221,0.8697638720650732,0.5485105018003767,0.8361436655352349,0.6012710693734598,0.7990451183346884
2025-09-24,8.0,3050.12,0.0,0,0,Lazada,0.0,0,20617.0,18047.0,2395.45,48485.0,33654.0,14283.72714285714,13617.297142857144,4.719253824353964,-0.8520580103797837,0.0,-0.4338837391174812,-0.9009688679024562,0.7818314824679233,0.623489801858867,-0.9749279121818678,-0.2225209339561208,0.2045520661262163,0.9788556850953546,0.40045390565129546,0.9163169044869921,0.5794210982045097,0.8150283375168498,0.7338853664322421,0.6792733388972467,0.08162061540319042,0.9966634713589159,0.16269657176438954,0.986676150282409,0.24268684458260278,0.9701046827361156,0.32105765418526705,0.9470596510722297,0.3972860276706881,0.9176948361071045,0.4708632887360698,0.8822061909330792,0.5412984521036203,0.8408305333122869,0.6081214998935353,0.7938439653781069,0.6708865180801435,0.7415600311898567,0.7291746721017893,0.6843276244352905
2025-09-25,12.0,4678.59,0.0,0,0,Lazada,0.0,0,18353.0,23718.0,6648.6,27177.0,4447.3,14602.339999999997,13881.702142857142,2.596761771894884,-0.7450776439819102,0.0,-0.9749279121817966,-0.22252093395643233,0.43388373911777606,-0.9009688679023141,0.7818314824680871,0.6234898018586617,0.4004539056512308,0.9163169044870203,0.7338853664321462,0.6792733388973502,0.9444892287836228,0.3285423819109451,0.9970175264485387,-0.07717546212649105,0.09875272084577014,0.995112003809399,0.19654003584492907,0.9804958002511148,0.2924059769510804,0.956294277219771,0.38541335945431304,0.922744028620148,0.4746529438919204,0.8801730414269306,0.5592523247663489,0.8289974892865685,0.638384459174667,0.7697176640069188,0.711275751973796,0.702913084708281,0.7772136184407352,0.6292368324488478,0.8355534504951958,0.5494091657094669
2025-09-26,18.0,7513.09,0.0,0,0,Lazada,0.0,0,4678.59,5958.82,31891.0,1044.65,2691.05,11882.424285714284,13740.98714285714,2.7902773049580145,0.6058449233636629,0.0,-0.7818314824681274,0.6234898018586111,-0.974927912181754,-0.22252093395661957,-0.4338837391175448,-0.9009688679024256,0.5794210982045337,0.8150283375168327,0.9444892287836371,0.32854238191090435,0.9601498736716485,-0.2794856348514487,0.6206094818275384,-0.784119806576619,0.11585560376947662,0.993266066608142,0.23015087970123896,0.9731549581504201,0.34134651424503665,0.9399375283564132,0.4479449394078831,0.8940611451454916,0.5485105018003571,0.8361436655352479,0.6416887978251138,0.766965114425526,0.7262249146041581,0.6874571793269624,0.8009803309782797,0.5986906625177358,0.8649482509584417,0.5018610596210196,0.9172671631198576,0.39827245882944085
2025-09-27,18.0,8527.28,0.0,0,0,Lazada,0.0,1,23511.0,1517.44,27959.0,19596.0,1678.25,11320.034285714284,13458.693571428574,2.5863685282356834,-0.6373067925651823,0.0,3.530449073109272e-14,1.0,7.060898146218544e-14,1.0,-1.214602032499539e-13,1.0,0.7338853664322141,0.6792733388972769,0.9970175264485233,-0.07717546212669038,0.6206094818275937,-0.7841198065765752,-0.15389057670414907,-0.9880878960910635,0.13292420315609027,0.9911262059976612,0.2634893223187162,0.9646623124306368,0.3893781415451979,0.921077989578954,0.5083564379375084,0.8611467540480473,0.6183126337097674,0.7859322407147393,0.7172952716008806,0.6967693257736156,0.8035476485339154,0.5952404359043623,0.875538992858626,0.4831474640149763,0.9319916318560548,0.36247978998874963,0.9719036673474988,0.23537897398978191
2025-09-28,11.0,2879.6,0.0,0,0,Lazada,0.0,1,28938.0,3050.12,18047.0,32790.0,2752.5299999999997,13510.154285714283,13896.940714285713,1.1232896498069143,-0.9004907042642891,0.0,0.7818314824678879,0.6234898018589115,0.9749279121819249,-0.22252093395587055,0.4338837391169442,-0.9009688679027148,0.8573146280763155,0.5147928015098587,0.8826787983255782,-0.46997674302726233,0.05147875477038766,-0.9986740898848284,-0.829677013552546,-0.5582437220269731,0.14995346813244176,0.9886930551971389,0.29651590509054127,0.9550279147901055,0.43637296410459847,0.8997658785476179,0.566361933081441,0.8241566360566742,0.68354325582672,0.7299100063801065,0.7852670068440044,0.6191572723971336,0.8692328164574686,0.4944029842076366,0.9335418911179113,0.3584683215125068,0.9767399525103033,0.2144272957675172,0.99785012444312,0.06553723482761424
2025-09-29,12.0,4612.7,0.0,0,0,Lazada,0.0,0,20672.0,4678.59,23718.0,18549.0,25543.0,13817.079999999998,14209.709999999997,1.2846967558047762,-0.7768624226006192,0.0,0.9749279121818316,-0.22252093395627948,-0.43388373911749356,-0.9009688679024502,-0.7818314824682386,0.6234898018584718,0.9444892287836512,0.3285423819108636,0.6206094818274708,-0.7841198065766725,-0.536696193991523,-0.8437755598232349,-0.9732643737004106,0.22968774213167648,0.16693835946505703,0.9859673342150416,0.3291915385199892,0.9442631682782309,0.4822058478963562,0.8760579434344261,0.6216868902665406,0.7832658619336849,0.7437200839287261,0.6684911643103808,0.844880526840271,0.5349550405091124,0.9223291176290466,0.3864052261210041,0.9738922359149882,0.22701082094143665,0.9981227456866084,0.061245281802160094,0.9943406096530565,-0.10623912647790296
2025-09-30,8.0,2862.1,0.0,0,1,Lazada,0.0,0,21521.0,23511.0,29002.0,41240.0,2736.3,15808.797142857142,13956.630000000001,1.29375461333474,-0.867008967984759,0.0,0.43388373911762246,-0.9009688679023882,-0.7818314824681188,0.6234898018586219,0.9749279121819219,-0.22252093395588396,0.9917226741361052,0.12839835514652284,0.25467112024117394,-0.9670277247913348,-0.9263239682514414,-0.37672789363531695,-0.4925480679537657,0.8702852410302111,0.18387385105132664,0.9829498496360608,0.36147754848580993,0.9323808137991091,0.5267547528105538,0.8500173118187019,0.6740694616546127,0.7386679638813779,0.7983981991447711,0.6021298162376503,0.8955013179435036,0.4450588607829846,0.9620675724981399,0.2728112643340379,0.9958270335100586,0.09126072172932119,0.9956284932063321,-0.09340183893098064,0.9614787218710238,-0.2748793687952271
2025-10-01,14.0,6286.91,0.0,0,0,Lazada,0.0,0,48046.0,2879.6,3050.12,756.0,27742.0,18151.62857142857,15830.891428571427,2.342050890539599,-0.8691481080631062,0.0,-0.43388373911746175,-0.9009688679024656,0.7818314824678965,0.6234898018589008,-0.9749279121817016,-0.22252093395684885,0.9970175264485287,-0.07717546212662002,-0.1538905767040096,-0.9880878960910853,-0.9732643737004268,0.2296877421316078,0.30411483232741726,0.9526353808034147,0.20075493140682088,0.979641494382431,0.3933357220160409,0.9193949150316852,0.5699010576127584,0.8217133225960617,0.7232617254437289,0.6905740195722396,0.8471733374738639,0.5313166064348023,0.9365905832039787,0.3504255690637187,0.9878726596350402,0.1552662498600131,0.998931513884859,-0.04621504698367994,0.9693168624606905,-0.24581460524013374,0.9002345254573179,-0.43540532745321076
2025-10-02,12.0,4498.45,0.0,0,0,Lazada,0.0,0,6286.91,20672.0,18353.0,24508.0,17940.0,18638.38714285714,16062.090714285714,1.4187296844723545,-0.28447361263323323,0.0,-0.9749279121817919,-0.22252093395645334,0.4338837391178149,-0.9009688679022955,0.7818314824676215,0.6234898018592455,0.9601498736716085,-0.2794856348515861,-0.5366961939915594,-0.8437755598232117,-0.6601521206714146,0.7511319308703591,0.9057022630804302,0.4239143907099488,0.21757660514827903,0.9760432474496967,0.4247283525160134,0.9053208417842997,0.6115298757990995,0.7912213413483853,0.769030859258912,0.6392116531380662,0.8896848787210989,0.45657509412474917,0.9677109772087498,0.25206242201027607,0.9993706508539963,0.035472555753142364,0.9831469737221533,-0.1828169249850011,0.9198172790502169,-0.39234700605542466,0.8124159144869035,-0.5830783668499528
2025-10-03,10.0,3410.0,0.0,0,0,Lazada,0.0,0,38621.0,21521.0,7513.09,15306.0,29784.0,21186.20857142857,17496.937857142857,1.959438375703233,-0.9117060666476787,0.0,-0.781831482467999,0.6234898018587721,-0.9749279121818456,-0.22252093395621828,-0.4338837391176914,-0.900968867902355,0.8826787983255311,-0.4699767430273506,-0.8296770135526575,-0.5582437220268073,-0.10282099713742675,0.9946998756145822,0.9263239682514428,-0.37672789363531334,0.2343338944718063,0.9721561736170152,0.45561828439696933,0.8901752518033527,0.6515303615068045,0.7586225596664079,0.8111602420785675,0.5848239578463248,0.925618512751882,0.378457882532514,0.9885312610933442,0.15101637606962523,0.9963950238187245,-0.0848348779057495,0.9487718864399415,-0.31596187665792036,0.848313869695008,-0.5294937001354039,0.700615244737944,-0.7135392622980117
2025-10-04,1.0,375.25,0.0,0,0,Lazada,0.0,1,25245.0,48046.0,28938.0,3085.2,9715.25,20586.33714285714,18004.125714285714,1.3164835113576905,-0.9851356704297881,0.0,-2.1363039614477183e-13,1.0,-4.2726079228954366e-13,1.0,4.122983789538073e-14,1.0,0.767880446036613,-0.6405931786981597,-0.9837979515735091,-0.1792807588107753,0.4925480679537624,0.870285241030213,0.3527520865491702,-0.9357168190404652,0.2510218406258792,0.9679814231320742,0.4859689570525425,0.8739760710575915,0.6897960046655884,0.7240037789593308,0.849450479481473,0.5276683455625282,0.9547085633518183,0.29754253319938484,0.9988298281778684,0.048362943894783024,0.9789888737409349,-0.20391367068309998,0.8964562582905703,-0.4431322341826086,0.7565171356105724,-0.653973870676478,0.5681328088136909,-0.8229368818745859
2025-10-05,6.0,2370.0,0.0,0,0,Lazada,0.0,1,20637.0,4498.45,20672.0,3370.8199999999997,4422.0,15826.242857142855,17232.315,9.068455002308315,-0.8851577264137229,0.0,0.7818314824680163,0.6234898018587506,0.9749279121818333,-0.22252093395627187,0.4338837391176171,-0.9009688679023907,0.6206094818274369,-0.7841198065766992,-0.9732643737003908,0.2296877421317604,0.9057022630804004,0.4239143907100127,-0.4470937929850493,-0.8944870822288279,0.26763550537876807,0.9635202313707022,0.5157444481311309,0.8567424725213028,0.7262249146041516,0.6874571793269691,0.8837203473619997,0.46801532844383054,0.9767399525103044,0.21442729576751243,0.9984970627014783,-0.054805253183614615,0.9474042892438891,-0.3200392362231252,0.8271893372462447,-0.5619233046832268,0.6466230339778819,-0.7628097088587946,0.4188794133697462,-0.9080418696596635
2025-10-06,11.0,4185.0,0.0,0,0,Lazada,0.0,0,31897.0,3410.0,21521.0,1125.83,36457.0,14561.607142857141,17873.907857142858,9.770763256422399,-0.8687964385365394,0.0,0.974927912181887,-0.22252093395603678,-0.43388373911704503,-0.9009688679026662,-0.7818314824681372,0.6234898018585989,0.4470937929851282,-0.8944870822287885,-0.7998392447397386,0.6002142805483427,0.9837979515735555,-0.17928075881052077,-0.9601498736715839,-0.2794856348516708,0.28416997247976394,0.9587739184713204,0.5449095160526211,0.8384948534817004,0.7607200913564055,0.6490800741100454,0.9138076496466536,0.40614723863059654,0.991549790605183,0.12972668480624094,0.9875365065492324,-0.15739011478659595,0.9020987014301894,-0.4315297589714595,0.742280907087008,-0.6700888411054826,0.5212604463583088,-0.8533976488497825,0.25726093431106556,-0.9663419744983645
2025-10-07,6.0,1675.05,0.0,0,0,Lazada,0.0,0,24839.0,25245.0,26468.0,5958.82,25048.0,15649.749999999998,18205.40071428571,9.673939658295525,-0.9325637102942953,0.0,0.4338837391176419,-0.9009688679023788,-0.7818314824681457,0.6234898018585882,0.9749279121816833,-0.22252093395692926,0.25467112024124217,-0.9670277247913168,-0.49254806795388856,0.8702852410301416,0.6979441547663734,-0.7161521883143642,-0.8573146280763609,0.5147928015097831,0.300620349114058,0.953743888944271,0.5734296417196522,0.8192548113970838,0.7931896839451863,0.608974650772046,0.939569985953062,0.34235689199454267,0.9990285807311905,0.04406693638345235,0.9660648215530189,-0.25829974943412903,0.8437282590292774,-0.5367705514607006,0.6433365204044927,-0.7655835170076741,0.3834282907116573,-0.9235706501843467,0.08804825782466412,-0.9961162102355535
2025-10-08,2.0,689.65,0.0,0,0,Lazada,0.0,0,25032.0,20637.0,6286.91,1517.44,2260.0,15805.007142857141,14790.61857142857,3.95413701323328,-0.9724492649408757,0.0,-0.4338837391176472,-0.9009688679023762,0.7818314824681531,0.6234898018585789,-0.9749279121817378,-0.22252093395669026,0.051478754770358306,-0.9986740898848299,-0.10282099713738385,0.9946998756145866,0.1538905767041529,-0.988087896091063,-0.20455206612624696,0.9788556850953481,0.31698176735052946,0.9484316312562202,0.6012710693734846,0.7990451183346696,0.8235472349556004,0.5672476988027232,0.9608854255574988,0.27694620226893246,0.9991210282680492,-0.04191862202644641,0.93431054776782,-0.35646009640603005,0.7731383255706094,-0.6342374393977972,0.5322271388474326,-0.8466016020976311,0.2364237814212148,-0.9716500376053581,-0.08376355348528566,-0.9964856582548078
2025-10-09,2.0,1611.0,0.0,0,0,Lazada,0.0,0,689.65,2370.0,4498.45,20617.0,7270.97,12955.385714285712,14390.814285714287,4.271440619829012,1.335967519756398,0.0,-0.9749279121817871,-0.22252093395647435,0.4338837391178538,-0.9009688679022767,0.7818314824677229,0.6234898018591184,-0.1538905767040522,-0.9880878960910786,0.3041148323274994,0.9526353808033885,-0.4470937929849862,-0.8944870822288594,0.579421098204532,0.8150283375168338,0.3332493855822923,0.9428387173896842,0.6284008465466175,0.7778896940180494,0.8517119107469169,0.524010325367579,0.977653084481663,0.21022475211898903,0.9918264497026024,-0.12759425406471517,0.8926116709398685,-0.45082635781632807,0.6913512362094144,-0.722518835873304,0.41105375468704525,-0.9116111071930193,0.0837635534853091,-0.9964856582548058,-0.25310271202291657,-0.9674394126593379
2025-10-10,11.0,4043.83,0.0,1,0,Lazada,0.0,0,40014.0,24839.0,17997.0,4678.59,27177.0,16321.52857142857,15496.925000000001,3.585030565293766,-0.8989396211326036,0.0,-0.7818314824680125,0.6234898018587552,-0.9749279121818359,-0.2225209339562603,-0.43388373911701855,-0.9009688679026789,-0.3527520865490877,-0.9357168190404963,0.6601521206712203,0.75113193087053,-0.8826787983254565,-0.4699767430274907,0.9917226741360976,0.12839835514658113,0.34941838995939756,0.936966802377855,0.6547868630645503,0.7558135775163647,0.8776087166898352,0.4793776594607018,0.9897936029670715,0.14250832791617177,0.9771987776823863,-0.21232651482104203,0.8414120250581667,-0.5403941192199587,0.5995514915196557,-0.8003361849976273,0.2821076626819211,-0.9593827529490737,-0.07090046226088842,-0.9974833955766844,-0.41497042150536667,-0.9098349022078996
2025-10-11,14.0,4991.68,0.0,0,0,Lazada,0.0,1,4043.83,1675.05,25245.0,7513.09,1044.65,13350.789999999997,14500.27,3.7517388276730093,0.2343941263604059,0.0,-7.817932134172233e-15,1.0,-1.5635864268344467e-14,1.0,-7.055748227322129e-13,1.0,-0.5366961939915958,-0.8437755598231886,0.9057022630804668,0.4239143907098707,-0.9917226741361328,0.128398355146309,0.7678804460366142,-0.6405931786981582,0.36548399581331253,0.9308176238148559,0.6803978890506126,0.732842897608669,0.9011686968561518,0.433468545348547,0.9972495210773454,0.07411742515094039,0.9553461622632816,-0.2954889342239731,0.7812565682797636,-0.6242100403868293,0.4990686026885138,-0.866562478884549,0.1478271334705226,-0.9890132145779895,-0.22386840046372547,-0.974619381745414,-0.56458843860428,-0.825372579502361
2025-10-12,6.0,2233.66,0.0,0,0,Lazada,0.0,1,20921.0,689.65,20637.0,8527.28,19596.0,13237.308571428568,14521.157857142856,2.2269328654127962,-0.8932335930404857,0.0,0.7818314824680027,0.6234898018587675,0.9749279121818429,-0.22252093395622982,0.4338837391174705,-0.9009688679024613,-0.6979441547663003,-0.7161521883144354,0.99966846751431,0.02574791365510907,-0.7338853664322448,0.6792733388972438,0.05147875477058732,-0.9986740898848181,0.38144144907279104,0.9243930013415557,0.7052036118889389,0.7090048418584988,0.922329117629054,0.3864052261209865,0.9999855506507185,0.0053757315575896705,0.9264301712993552,-0.37646664886314596,0.7127855825108491,-0.7013820024527786,0.39135783656100626,-0.9202385798054159,0.010751307763533504,-0.9999422030204415,-0.3714809692572998,-0.9284405686308936,-0.6975401239895571,-0.7165457245875055
2025-10-13,7.0,2766.75,0.0,0,0,Lazada,0.0,0,30851.0,40014.0,4185.0,20672.0,1530.2,18442.309999999998,14822.705,1.6523183986945298,-0.9103189523840394,0.0,0.9749279121818412,-0.22252093395623745,-0.43388373911741585,-0.9009688679024876,-0.7818314824680357,0.6234898018587262,-0.8296770135526181,-0.5582437220268659,0.926323968251496,-0.3767278936351826,-0.20455206612631605,0.9788556850953337,-0.6979441547663396,-0.7161521883143971,0.3972860276706893,0.9176948361071039,0.7291746721017911,0.6843276244352886,0.9410336347451184,0.33831301819231124,0.9979887423155984,-0.06339140486950925,0.890664595886981,-0.4546609479969451,0.636727858382204,-0.7710886034432177,0.27797913939881247,-0.9605871111248034,-0.1265278168386809,-0.9919630595773399,-0.5102069876722862,-0.8600516436414569,-0.8099008190265816,-0.5865668447330383
2025-10-14,4.0,1546.0,0.0,0,0,Lazada,0.0,0,18201.0,4991.68,1675.05,21521.0,2039.04,15143.72714285714,14247.25857142857,2.413455889347967,-0.9150596121092247,0.0,0.4338837391174564,-0.9009688679024681,-0.781831482467889,0.62348980185891,0.9749279121818495,-0.22252093395620118,-0.9263239682514952,-0.3767278936351844,0.6979441547663425,-0.7161521883143943,0.4004539056511123,0.9163169044870721,-0.999668467514313,0.025747913654991534,0.41301304294128227,0.9107251102063578,0.752282698098725,0.6588404527207651,0.9572324433233096,0.28931997761870326,0.9912685467787251,-0.13185851571739468,0.8483138696949903,-0.5294937001354321,0.5538929381563931,-0.8325879011014261,0.16057454459502657,-0.9870237158387329,-0.26141439851116305,-0.9652266636656112,-0.6367278583821897,-0.7710886034432296,-0.8983536994820145,-0.4392728430337782
2025-10-15,8.0,2917.8,0.0,0,1,Lazada,0.0,0,26123.0,2233.66,689.65,26468.0,1030.21,15394.629999999996,14315.969285714285,4.229299903658243,-0.8883053248095548,0.0,-0.4338837391174229,-0.9009688679024842,0.7818314824678427,0.6234898018589682,-0.974927912181774,-0.22252093395653164,-0.9837979515735067,-0.1792807588107888,0.3527520865491959,-0.9357168190404556,0.8573146280762196,0.5147928015100184,-0.6601521206713941,0.7511319308703772,0.42861784100772476,0.903485886093345,0.7745003397565613,0.6325734927397536,0.9708824104813807,0.23955655912093865,0.9798567700958677,-0.19970155256605793,0.7996911138678778,-0.6004116274696492,0.46516249913192464,-0.8852253099642724,0.04084439154332844,-0.9991655196610095,-0.3913578365610153,-0.920238579805412,-0.748016955033128,-0.6636796177245217,-0.9602876863008581,-0.2790117551984944
2025-10-16,8.0,2819.58,0.0,0,0,Lazada,0.0,0,18296.0,30851.0,20390.0,6286.91,756.0,14385.935714285713,15666.90857142857,3.3123619229104304,-0.8458909051158723,0.0,-0.974927912181833,-0.2225209339562737,0.4338837391174829,-0.9009688679024553,0.7818314824683914,0.6234898018582801,-0.9996684675143129,0.025747913654993477,-0.051478754770356364,-0.99867408988483,0.9970175264485299,-0.0771754621266044,0.10282099713737998,0.9946998756145871,0.44409580415921834,0.8959793059709455,0.7958013007903707,0.6055578334563544,0.9819471901866458,0.18915526872004215,0.9638074231367311,-0.26659942067929226,0.7451558219567417,-0.666890396545019,0.3714809692572907,-0.9284405686308973,-0.07947729992359048,-0.996836676089346,-0.513901001309308,-0.8578494977869315,-0.8414120250581413,-0.5403941192199984,-0.993874523185122,-0.11051439799205462
2025-10-17,12.0,5240.389999999999,0.0,0,0,Lazada,0.0,0,2819.58,2766.75,40014.0,4498.45,24508.0,10381.447142857141,14411.878571428571,3.5650605067807226,0.8585711347080061,0.0,-0.7818314824681677,0.6234898018585606,-0.9749279121817251,-0.2225209339567457,-0.4338837391171651,-0.9009688679026083,-0.973264373700394,0.22968774213174706,-0.4470937929850248,-0.8944870822288401,0.7678804460366594,-0.6405931786981041,0.7998392447395998,0.6002142805485277,0.45944235221744356,0.8882075911569899,0.8161603698771137,0.577825449977805,0.9903973200352552,0.13825031091098666,0.9431964659565901,-0.3322354987158941,0.6851112019949256,-0.7284384949335587,0.27384547484056393,-0.961773703066031,-0.19864794288016943,-0.9800709131432669,-0.6267266965083131,-0.7792391467860023,-0.9146788759587057,-0.40418133786076615,-0.9981227456866099,0.06124528180213663
2025-10-18,7.0,2447.77,0.0,0,0,Lazada,0.0,1,9149.0,26123.0,20921.0,17997.0,6648.6,12395.53857142857,13523.512857142856,0.9021147497634624,-0.7324549131052573,0.0,-2.937914356680471e-14,1.0,-5.875828713360942e-14,1.0,-5.428847815868782e-13,1.0,-0.9057022630804917,0.42391439070981746,-0.7678804460365388,-0.6405931786982485,0.25467112024136723,-0.9670277247912838,0.9837979515735505,-0.17928075881054778,0.47465294389193413,0.8801730414269233,0.8355534504952129,0.5494091657094409,0.996210299702329,0.08697723131369442,0.9181214482844391,-0.3962991372689122,0.6200011953692807,-0.7846008652433816,0.17329522734858863,-0.9848699224660082,-0.31494162072895115,-0.9491110448902286,-0.7277014757264147,-0.6858939875998318,-0.9660648215530214,-0.25829974943411954,-0.9729069486773371,0.23119703548132603
2025-10-19,7.0,2571.61,0.0,0,0,Lazada,0.0,1,2447.77,2917.8,2233.66,25245.0,31891.0,9013.362857142854,12203.996428571429,1.036243080267734,0.050592988720345566,0.0,0.7818314824679893,0.6234898018587843,0.9749279121818525,-0.22252093395618777,0.4338837391181434,-0.9009688679021373,-0.7998392447397127,0.6002142805483771,-0.960149873671608,-0.27948563485158795,-0.35275208654891343,-0.935716819040562,0.5366961939915628,-0.8437755598232096,0.4897230781238955,0.8718780343332758,0.8539575894446065,0.5203426135057139,0.9993706508539965,0.035472555753137465,0.888701047829292,-0.45848712914008644,0.5503071945286695,-0.8349622695966478,0.07090046226093534,-0.9974833955766811,-0.4266740831899251,-0.9044054548342999,-0.8149159841660776,-0.5795791048257634,-0.994340609653048,-0.10623912647798285,-0.9189714882380436,0.39432398329997026
2025-10-20,7.0,2300.16,0.0,0,0,Lazada,0.0,0,16299.0,2819.58,30851.0,20637.0,27959.0,8678.621428571427,11532.278571428571,1.0440414704580212,-0.8588772317320081,0.0,0.9749279121818459,-0.22252093395621642,-0.43388373911737704,-0.9009688679025063,-0.7818314824679342,0.6234898018588533,-0.6601521206712645,0.7511319308704911,-0.9917226741361127,0.12839835514646453,-0.8296770135526094,-0.5582437220268789,-0.2546711202410602,-0.9670277247913648,0.5046482954181502,0.8633250245021022,0.8713510040136373,0.4906601958631108,0.9998699583618592,-0.01612657327065651,0.855074508589699,-0.5185051443911475,0.47654448379678427,-0.8791503597012609,-0.03224895228930159,-0.9994798672690923,-0.5322271388474409,-0.8466016020976259,-0.8867210630829828,-0.46230483047983056,-0.9988298281778693,0.04836294389476443,-0.8379085086871891,0.5458107099257128
2025-10-21,15.0,5441.110000000001,0.0,0,0,Lazada,0.0,0,20079.0,22223.0,18201.0,31897.0,18047.0,10724.219999999998,10729.522142857142,1.4584831566559404,-0.7290148911798395,0.0,0.4338837391176807,-0.9009688679023601,-0.7818314824681994,0.6234898018585208,0.9749279121818133,-0.2225209339563598,-0.4925480679539005,0.8702852410301348,-0.857314628076375,0.5147928015097596,-0.9996684675143148,0.025747913654920986,-0.8826787983254695,-0.4699767430274665,0.5194241791627834,0.8545165429066126,0.8877131077605732,0.46039704420213734,0.9977068927101173,-0.06768276175454595,0.8174009818249227,-0.5760691233798704,0.39925842960490354,-0.9168384298170678,-0.1350551158403344,-0.9908380875225548,-0.6300720909843708,-0.7765366444428639,-0.9417589340994572,-0.3362887301766954,-0.9794250862518065,0.20180807818479787,-0.7321109433803761,0.6811854127788526
2025-10-22,7.0,2599.75,0.0,0,0,Lazada,0.0,0,18669.0,2447.77,26123.0,24839.0,23718.0,9686.807142857142,11041.172857142858,1.8715003868524973,-0.8607450854357491,0.0,-0.43388373911760836,-0.9009688679023949,0.7818314824680993,0.6234898018586463,-0.9749279121818102,-0.22252093395637304,-0.30411483232750125,0.9526353808033878,-0.5794210982045352,0.8150283375168316,-0.7998392447397903,0.6002142805482737,-0.9444892287836383,0.3285423819109007,0.5340463569360708,0.8454551961182277,0.9030245348792216,0.4295889772866216,0.9928872135356972,-0.11905873003404158,0.7758587728069839,-0.630906621187669,0.3190204483114624,-0.9477478322629672,-0.23642378142119674,-0.9716500376053624,-0.7187918772884258,-0.6952253139408696,-0.9789888737409311,-0.20391367068311822,-0.9365905832039951,0.35042556906367467,-0.604701876669497,0.796451907118307
2025-10-23,11.0,4527.05,0.0,0,0,Lazada,0.0,0,22227.0,16299.0,18296.0,25032.0,29002.0,12516.431428571426,10740.169285714286,2.066456943088746,-0.7963265397939443,0.0,-0.9749279121817775,-0.2225209339565164,0.4338837391179315,-0.9009688679022393,0.7818314824679258,0.6234898018588639,-0.10282099713739751,0.9946998756145852,-0.20455206612627386,0.9788556850953426,-0.30411483232767866,0.9526353808033312,-0.4004539056514032,0.916316904486945,0.5485105018003582,0.8361436655352471,0.9172671631198586,0.3982724588294384,0.9854237542919544,-0.17011767832047878,0.7306444969184993,-0.6827580970759066,0.23642378142123768,-0.9716500376053524,-0.3352760024839945,-0.9421199510457002,-0.7971015927871969,-0.6038452208770999,-0.9977068927101154,-0.0676827617545738,-0.871351004013651,0.49066019586308646,-0.4594423522174904,0.8882075911569657
2025-10-24,3.0,1246.1,0.0,0,0,Lazada,0.0,0,15958.0,20079.0,5240.389999999999,1611.0,20617.0,12785.844285714284,10695.13142857143,1.3139717399775857,-0.9219137736558466,0.0,-0.7818314824680394,0.6234898018587215,-0.9749279121818167,-0.2225209339563444,-0.4338837391173117,-0.9009688679025378,0.10282099713732537,0.9946998756145927,0.2045520661261319,0.9788556850953722,0.30411483232730896,0.9526353808034492,0.4004539056511374,0.9163169044870612,0.5628123335824834,0.8265847065893728,0.9304241352383145,0.3664845543348788,0.9753363880767872,-0.22072365096048627,0.6819721490904573,-0.7313781428679305,0.15207910943935782,-0.988368324296227,-0.43055961698184436,-0.9025621398133469,-0.8638670987837378,-0.503719798736329,-0.9975590477788603,0.06982797572988593,-0.7852670068439984,0.6191572723971412,-0.30062034911408125,0.9537438889442637
2025-10-25,4.0,1369.57,0.0,0,0,Lazada,0.0,1,19947.0,18669.0,9149.0,40014.0,18353.0,12167.699999999997,10247.253571428571,3.0817028117874337,-0.9313395498069885,0.0,-5.0940354999437183e-14,1.0,-1.0188070999887437e-13,1.0,5.292999613313846e-13,1.0,0.3041148323275405,0.9526353808033753,0.5794210982046023,0.8150283375167838,0.7998392447396938,0.6002142805484022,0.9444892287836925,0.32854238191074514,0.5769476201403188,0.8167811479303513,0.9424798789477877,0.33426288722884484,0.9626519747161464,-0.2707418984477724,0.6300720909843593,-0.7765366444428731,0.0666100367900598,-0.9977790852682907,-0.5212604463582929,-0.8533976488497922,-0.9181214482844392,-0.39629913726891175,-0.9785481345801982,0.20601832032519427,-0.6803978890506018,0.732842897608679,-0.13292420315614611,0.9911262059976538
2025-10-26,10.0,2848.79,0.0,0,0,Lazada,0.0,1,21305.0,22227.0,2571.61,4991.68,7513.09,12368.531428571427,11038.525,4.081812653595596,-0.8662853790190096,0.0,0.7818314824679758,0.6234898018588012,0.9749279121818621,-0.22252093395614575,0.43388373911799677,-0.9009688679022079,0.4925480679538374,0.8702852410301705,0.8573146280763004,0.5147928015098839,0.9996684675143107,0.025747913655081632,0.8826787983256057,-0.4699767430272105,0.5909121786151542,0.8067358905889164,0.9534201253498665,0.3016455943285841,0.9474042892438875,-0.3200392362231298,0.5751899607119874,-0.8180198708443105,-0.019351518818338128,-0.9998127418269,-0.6064130902482618,-0.7951497745554315,-0.9590788900341152,-0.28313898122817627,-0.9410336347451278,0.338313018192285,-0.5592523247663643,0.828997489286558,0.038695790176554994,0.999251037438847
2025-10-27,1.0,347.6,0.0,0,0,Lazada,0.0,0,24205.0,1246.1,20079.0,26041.0,28938.0,12797.779999999997,12791.812142857143,4.661201475290649,-0.9856393307167941,0.0,0.9749279121818508,-0.2225209339561954,-0.4338837391173382,-0.9009688679025251,-0.7818314824684,0.6234898018582695,0.66015212067121,0.751131930870539,0.991722674136094,0.12839835514660836,0.8296770135526991,-0.5582437220267455,0.2546711202413407,-0.9670277247912908,0.6047018766694805,0.7964519071183196,0.9632319258228692,0.2686712807048169,0.9296339319682742,-0.36848439930776744,0.5175855102531949,-0.855631485848867,-0.10516999849234725,-0.9944542580818485,-0.6851112019948948,-0.7284384949335877,-0.9861462483415918,-0.16587819893465086,-0.8857249183835703,0.4642104791518797,-0.42472835251602575,0.905320841784294,0.20917350564635262,0.9778785428342394
2025-10-28,10.0,3805.71,0.0,0,0,Lazada,0.0,0,17678.0,1369.57,18669.0,2766.75,20672.0,12345.279999999999,12256.490000000002,9.660684719156857,-0.7847205566240525,0.0,0.4338837391177001,-0.9009688679023508,-0.7818314824682264,0.623489801858487,0.9749279121819794,-0.22252093395563172,0.7998392447397032,0.6002142805483897,0.9601498736716167,-0.27948563485155786,0.35275208654927653,-0.9357168190404251,-0.5366961939915098,-0.8437755598232434,0.6183126337097825,0.7859322407147276,0.9719036673475078,0.23537897398974478,0.9093882203647993,-0.4159483918249272,0.4575313760742532,-0.8891934772070701,-0.1902109011741464,-0.9817432521156023,-0.7565171356105417,-0.6539738706765136,-0.9989315138848568,-0.04621504698372692,-0.8136678304456018,0.5813300798152006,-0.2800440484743344,0.9599871514317807,0.3734765374130919,0.9276396261490382
2025-10-29,5.0,1916.71,0.0,0,0,Lazada,0.0,0,3805.71,21305.0,2599.75,18201.0,4612.7,12693.299999999997,11194.826428571429,7.51035088467213,-0.4963594178221672,0.0,-0.43388373911738404,-0.900968867902503,0.7818314824677889,0.6234898018590356,-0.9749279121818464,-0.22252093395621442,0.905702263080461,0.4239143907098831,0.7678804460366317,-0.6405931786981371,-0.25467112024121186,-0.9670277247913248,-0.9837979515734986,-0.17928075881083314,0.631740422094076,0.775180004316674,0.9794250862518066,0.2018080781847974,0.8867210630829891,-0.4623048304798184,0.395311788764913,-0.9185469991587174,-0.2738454748405508,-0.9617737030660348,-0.8198708615029313,-0.5725484874300527,-0.9972495210773464,0.07411742515092672,-0.7262249146041513,0.6874571793269696,-0.12866054379813477,0.991688693325465,0.5267547528105463,0.8500173118187065
