product_variant_key,product_key,platform_sku_id,canonical_sku,scent,volume,current_price,original_price,created_at,last_updated,platform_key
1.1,1.1,17808092447,LAV,N/A,N/A,395.0,395.0,2025-11-14 00:54:06.547579,2025-11-14 00:54:06.547579,1
2.1,2.1,30683243468,5175120341-1752677181110-0,N/A,N/A,649.0,649.0,2025-11-14 00:54:06.550366,2025-11-14 00:54:06.550366,1
3.1,3.1,30848790568,5081975434-1755061842711-5,N/A,N/A,298.0,298.0,2025-11-14 00:54:06.551737,2025-11-14 00:54:06.551737,1
4.1,3.1,30848790567,5081975434-1755061842710-4,N/A,N/A,298.0,298.0,2025-11-14 00:54:06.551737,2025-11-14 00:54:06.551737,1
5.1,3.1,30848790566,5081975434-1755061842710-3,N/A,N/A,298.0,298.0,2025-11-14 00:54:06.551737,2025-11-14 00:54:06.551737,1
6.1,3.1,30848790572,5081975434-1755061842711-9,N/A,N/A,298.0,298.0,2025-11-14 00:54:06.551737,2025-11-14 00:54:06.551737,1
7.1,3.1,30848790571,5081975434-1755061842711-8,N/A,N/A,298.0,298.0,2025-11-14 00:54:06.551737,2025-11-14 00:54:06.551737,1
8.1,3.1,30848790570,5081975434-1755061842711-7,N/A,N/A,298.0,298.0,2025-11-14 00:54:06.551737,2025-11-14 00:54:06.551737,1
9.1,3.1,30848790569,5081975434-1755061842711-6,N/A,N/A,298.0,298.0,2025-11-14 00:54:06.551737,2025-11-14 00:54:06.551737,1
10.1,3.1,30848790575,5081975434-1755061842711-12,N/A,N/A,298.0,298.0,2025-11-14 00:54:06.551737,2025-11-14 00:54:06.551737,1
11.1,3.1,30848790574,5081975434-1755061842711-11,N/A,N/A,298.0,298.0,2025-11-14 00:54:06.551737,2025-11-14 00:54:06.551737,1
12.1,3.1,30848790573,5081975434-1755061842711-10,N/A,N/A,298.0,298.0,2025-11-14 00:54:06.551737,2025-11-14 00:54:06.551737,1
13.1,3.1,30848790577,5081975434-1755061842711-14,N/A,N/A,298.0,298.0,2025-11-14 00:54:06.551737,2025-11-14 00:54:06.551737,1
14.1,3.1,30848790576,5081975434-1755061842711-13,N/A,N/A,298.0,298.0,2025-11-14 00:54:06.551737,2025-11-14 00:54:06.551737,1
15.1,3.1,30848790565,5081975434-1755061842710-2,N/A,N/A,298.0,298.0,2025-11-14 00:54:06.551737,2025-11-14 00:54:06.551737,1
16.1,3.1,30848790564,5081975434-1755061842710-1,N/A,N/A,298.0,298.0,2025-11-14 00:54:06.551737,2025-11-14 00:54:06.551737,1
17.1,3.1,30848790563,5081975434-1755061842710-0,N/A,N/A,298.0,298.0,2025-11-14 00:54:06.551737,2025-11-14 00:54:06.551737,1
18.1,4.1,19667622968,3730272243-1681483587441-13,Bubble Gum,N/A,180.0,180.0,2025-11-14 00:54:06.553801,2025-11-14 00:54:06.553801,1
19.1,4.1,19667622967,3730272243-1681483587441-12,Melon Cucumber,N/A,180.0,180.0,2025-11-14 00:54:06.553801,2025-11-14 00:54:06.553801,1
20.1,4.1,19667622969,3730272243-1681483587441-14,Eucalyptus,N/A,180.0,180.0,2025-11-14 00:54:06.553801,2025-11-14 00:54:06.553801,1
21.1,4.1,19667622961,3730272243-1681483587441-6,White Tea,N/A,180.0,180.0,2025-11-14 00:54:06.553801,2025-11-14 00:54:06.553801,1
22.1,4.1,19667622960,3730272243-1681483587441-5,Conrad,N/A,180.0,180.0,2025-11-14 00:54:06.553801,2025-11-14 00:54:06.553801,1
23.1,4.1,19667622959,3730272243-1681483587441-4,Solaire,N/A,180.0,180.0,2025-11-14 00:54:06.553801,2025-11-14 00:54:06.553801,1
24.1,4.1,19667622966,3730272243-1681483587441-11,Fresh Linen,N/A,180.0,180.0,2025-11-14 00:54:06.553801,2025-11-14 00:54:06.553801,1
25.1,4.1,19667622958,3730272243-1681483587441-3,Marriott,N/A,180.0,180.0,2025-11-14 00:54:06.553801,2025-11-14 00:54:06.553801,1
26.1,4.1,19667622965,3730272243-1681483587441-10,Lavender,N/A,180.0,180.0,2025-11-14 00:54:06.553801,2025-11-14 00:54:06.553801,1
27.1,4.1,19667622957,3730272243-1681483587441-2,Okada,N/A,180.0,180.0,2025-11-14 00:54:06.553801,2025-11-14 00:54:06.553801,1
28.1,4.1,19667622956,3730272243-1681483587441-1,Fresh Bamboo,N/A,180.0,180.0,2025-11-14 00:54:06.553801,2025-11-14 00:54:06.553801,1
29.1,4.1,19667622955,3730272243-1681483587441-0,Shangrila,N/A,180.0,180.0,2025-11-14 00:54:06.553801,2025-11-14 00:54:06.553801,1
30.1,4.1,19667622964,3730272243-1681483587441-9,Cherry Blossom,N/A,180.0,180.0,2025-11-14 00:54:06.553801,2025-11-14 00:54:06.553801,1
31.1,4.1,19667622963,3730272243-1681483587441-8,Green Tea,N/A,180.0,180.0,2025-11-14 00:54:06.553801,2025-11-14 00:54:06.553801,1
32.1,4.1,19667622962,3730272243-1681483587441-7,Marine Squash,N/A,180.0,180.0,2025-11-14 00:54:06.553801,2025-11-14 00:54:06.553801,1
33.1,4.1,27949490276,3730272243-1733841443741-14,Cool Water,N/A,180.0,180.0,2025-11-14 00:54:06.553801,2025-11-14 00:54:06.553801,1
34.1,5.1,19653362648,3727967121-1681442263070-15,Marriott,100mL,790.0,790.0,2025-11-14 00:54:06.555556,2025-11-14 00:54:06.555556,1
35.1,5.1,19653362647,3727967121-1681442263070-14,Marriott,50mL,490.0,490.0,2025-11-14 00:54:06.555556,2025-11-14 00:54:06.555556,1
36.1,5.1,19653362650,3727967121-1681442263070-17,Cherry Blossom,100mL,790.0,790.0,2025-11-14 00:54:06.555556,2025-11-14 00:54:06.555556,1
37.1,5.1,19653362649,3727967121-1681442263070-16,Cherry Blossom,50mL,490.0,490.0,2025-11-14 00:54:06.555556,2025-11-14 00:54:06.555556,1
38.1,5.1,28520892252,3727967121-1736834990776-18,Irish Spring,50mL,490.0,490.0,2025-11-14 00:54:06.555556,2025-11-14 00:54:06.555556,1
39.1,5.1,28520892253,3727967121-1736834990776-19,Irish Spring,100mL,790.0,790.0,2025-11-14 00:54:06.555556,2025-11-14 00:54:06.555556,1
40.1,5.1,19653362633,3727967121-1681442263070-0,Shangri-La,50mL,490.0,490.0,2025-11-14 00:54:06.555556,2025-11-14 00:54:06.555556,1
41.1,5.1,19653362637,3727967121-1681442263070-4,Solaire,50mL,490.0,490.0,2025-11-14 00:54:06.555556,2025-11-14 00:54:06.555556,1
42.1,5.1,19653362636,3727967121-1681442263070-3,Okada,100mL,790.0,790.0,2025-11-14 00:54:06.555556,2025-11-14 00:54:06.555556,1
43.1,5.1,19653362635,3727967121-1681442263070-2,Okada,50mL,490.0,490.0,2025-11-14 00:54:06.555556,2025-11-14 00:54:06.555556,1
44.1,5.1,19653362634,3727967121-1681442263070-1,Shangri-La,100mL,790.0,790.0,2025-11-14 00:54:06.555556,2025-11-14 00:54:06.555556,1
45.1,5.1,19653362641,3727967121-1681442263070-8,White Tea,50mL,490.0,490.0,2025-11-14 00:54:06.555556,2025-11-14 00:54:06.555556,1
46.1,5.1,19653362640,3727967121-1681442263070-7,Green Tea,100mL,790.0,790.0,2025-11-14 00:54:06.555556,2025-11-14 00:54:06.555556,1
47.1,5.1,19653362639,3727967121-1681442263070-6,Green Tea,50mL,490.0,490.0,2025-11-14 00:54:06.555556,2025-11-14 00:54:06.555556,1
48.1,5.1,19653362638,3727967121-1681442263070-5,Solaire,100mL,790.0,790.0,2025-11-14 00:54:06.555556,2025-11-14 00:54:06.555556,1
49.1,5.1,19653362644,3727967121-1681442263070-11,Fresh Bamboo,100mL,790.0,790.0,2025-11-14 00:54:06.555556,2025-11-14 00:54:06.555556,1
50.1,5.1,19653362643,3727967121-1681442263070-10,Fresh Bamboo,50mL,490.0,490.0,2025-11-14 00:54:06.555556,2025-11-14 00:54:06.555556,1
51.1,5.1,19653362646,3727967121-1681442263070-13,Conrad,100mL,790.0,790.0,2025-11-14 00:54:06.555556,2025-11-14 00:54:06.555556,1
52.1,5.1,19653362642,3727967121-1681442263070-9,White Tea,100mL,790.0,790.0,2025-11-14 00:54:06.555556,2025-11-14 00:54:06.555556,1
53.1,5.1,19653362645,3727967121-1681442263070-12,Conrad,50mL,490.0,490.0,2025-11-14 00:54:06.555556,2025-11-14 00:54:06.555556,1
54.1,6.1,30970753543,5226953157-1756911823912-0,N/A,N/A,395.0,395.0,2025-11-14 00:54:06.557409,2025-11-14 00:54:06.557409,1
55.1,7.1,28661617725,3368572353-1738239695642-0,N/A,N/A,380.0,380.0,2025-11-14 00:54:06.559273,2025-11-14 00:54:06.559273,1
56.1,8.1,28517434720,4896157465-1736809929400-4,N/A,N/A,395.0,395.0,2025-11-14 00:54:06.561220,2025-11-14 00:54:06.561220,1
57.1,8.1,28517434722,4896157465-1736809929400-6,N/A,N/A,395.0,395.0,2025-11-14 00:54:06.561220,2025-11-14 00:54:06.561220,1
58.1,8.1,30052318342,4896157465-1747799557908-9,N/A,N/A,395.0,395.0,2025-11-14 00:54:06.561220,2025-11-14 00:54:06.561220,1
59.1,8.1,28517434721,4896157465-1736809929400-5,N/A,N/A,395.0,395.0,2025-11-14 00:54:06.561220,2025-11-14 00:54:06.561220,1
60.1,8.1,28517434716,4896157465-1736809929399-0,N/A,N/A,395.0,395.0,2025-11-14 00:54:06.561220,2025-11-14 00:54:06.561220,1
61.1,8.1,28517434723,4896157465-1736809929400-7,N/A,N/A,395.0,395.0,2025-11-14 00:54:06.561220,2025-11-14 00:54:06.561220,1
62.1,8.1,28517434717,4896157465-1736809929399-1,N/A,N/A,395.0,395.0,2025-11-14 00:54:06.561220,2025-11-14 00:54:06.561220,1
63.1,8.1,28517434718,4896157465-1736809929399-2,N/A,N/A,395.0,395.0,2025-11-14 00:54:06.561220,2025-11-14 00:54:06.561220,1
64.1,8.1,29745528311,4896157465-1745417099708-8,N/A,N/A,395.0,395.0,2025-11-14 00:54:06.561220,2025-11-14 00:54:06.561220,1
65.1,8.1,28517434719,4896157465-1736809929399-3,N/A,N/A,395.0,395.0,2025-11-14 00:54:06.561220,2025-11-14 00:54:06.561220,1
66.1,9.1,24338704396,4338109406-1707704430453-0,N/A,N/A,350.0,350.0,2025-11-14 00:54:06.563662,2025-11-14 00:54:06.563662,1
67.1,9.1,24338704397,4338109406-1707704430453-1,N/A,N/A,350.0,350.0,2025-11-14 00:54:06.563662,2025-11-14 00:54:06.563662,1
68.1,10.1,25090520619,WT,N/A,N/A,395.0,395.0,2025-11-14 00:54:06.565674,2025-11-14 00:54:06.565674,1
69.1,11.1,24903327418,w180,N/A,N/A,289.0,289.0,2025-11-14 00:54:06.567002,2025-11-14 00:54:06.567002,1
70.1,11.1,24903327419,w90,N/A,N/A,210.0,210.0,2025-11-14 00:54:06.567002,2025-11-14 00:54:06.567002,1
71.1,12.1,23589299653,4235474277-1700561024158-0,N/A,N/A,450.0,450.0,2025-11-14 00:54:06.568448,2025-11-14 00:54:06.568448,1
72.1,13.1,27396082339,4739531372-1730374879783-8,N/A,N/A,1280.0,1280.0,2025-11-14 00:54:06.569994,2025-11-14 00:54:06.569994,1
73.1,13.1,27396082338,4739531372-1730374879782-7,N/A,N/A,1280.0,1280.0,2025-11-14 00:54:06.569994,2025-11-14 00:54:06.569994,1
74.1,13.1,27396082337,4739531372-1730374879782-6,N/A,N/A,1280.0,1280.0,2025-11-14 00:54:06.569994,2025-11-14 00:54:06.569994,1
75.1,13.1,27396082336,4739531372-1730374879782-5,N/A,N/A,1280.0,1280.0,2025-11-14 00:54:06.569994,2025-11-14 00:54:06.569994,1
76.1,13.1,27396082335,4739531372-1730374879782-4,N/A,N/A,1280.0,1280.0,2025-11-14 00:54:06.569994,2025-11-14 00:54:06.569994,1
77.1,13.1,27396082334,4739531372-1730374879782-3,N/A,N/A,1280.0,1280.0,2025-11-14 00:54:06.569994,2025-11-14 00:54:06.569994,1
78.1,13.1,27396082333,4739531372-1730374879782-2,N/A,N/A,1280.0,1280.0,2025-11-14 00:54:06.569994,2025-11-14 00:54:06.569994,1
79.1,13.1,27396082332,4739531372-1730374879782-1,N/A,N/A,1280.0,1280.0,2025-11-14 00:54:06.569994,2025-11-14 00:54:06.569994,1
80.1,13.1,27396082331,4739531372-1730374879781-0,N/A,N/A,1280.0,1280.0,2025-11-14 00:54:06.569994,2025-11-14 00:54:06.569994,1
81.1,13.1,27396082340,4739531372-1730374879783-9,N/A,N/A,1280.0,1280.0,2025-11-14 00:54:06.569994,2025-11-14 00:54:06.569994,1
82.1,14.1,28672858926,4921156480-1738556579317-0,N/A,N/A,380.0,380.0,2025-11-14 00:54:06.571532,2025-11-14 00:54:06.571532,1
83.1,15.1,7871040075,1856986844-1617524415466-0,N/A,N/A,350.0,350.0,2025-11-14 00:54:06.572943,2025-11-14 00:54:06.572943,1
84.1,16.1,24334600891,4337079607-1707399140729-9,N/A,N/A,1280.0,1280.0,2025-11-14 00:54:06.574275,2025-11-14 00:54:06.574275,1
85.1,16.1,24334600890,4337079607-1707399140728-8,N/A,N/A,1280.0,1280.0,2025-11-14 00:54:06.574275,2025-11-14 00:54:06.574275,1
86.1,16.1,24334600888,4337079607-1707399140728-6,N/A,N/A,1280.0,1280.0,2025-11-14 00:54:06.574275,2025-11-14 00:54:06.574275,1
87.1,16.1,24334600889,4337079607-1707399140728-7,N/A,N/A,1280.0,1280.0,2025-11-14 00:54:06.574275,2025-11-14 00:54:06.574275,1
88.1,16.1,24334600886,4337079607-1707399140728-4,N/A,N/A,1280.0,1280.0,2025-11-14 00:54:06.574275,2025-11-14 00:54:06.574275,1
89.1,16.1,24334600892,4337079607-1707399140729-10,N/A,N/A,1280.0,1280.0,2025-11-14 00:54:06.574275,2025-11-14 00:54:06.574275,1
90.1,16.1,24334600887,4337079607-1707399140728-5,N/A,N/A,1280.0,1280.0,2025-11-14 00:54:06.574275,2025-11-14 00:54:06.574275,1
91.1,16.1,24334600893,4337079607-1707399140729-11,N/A,N/A,1280.0,1280.0,2025-11-14 00:54:06.574275,2025-11-14 00:54:06.574275,1
92.1,16.1,24334600884,4337079607-1707399140728-2,N/A,N/A,1280.0,1280.0,2025-11-14 00:54:06.574275,2025-11-14 00:54:06.574275,1
93.1,16.1,24334600894,4337079607-1707399140729-12,N/A,N/A,1280.0,1280.0,2025-11-14 00:54:06.574275,2025-11-14 00:54:06.574275,1
94.1,16.1,24334600885,4337079607-1707399140728-3,N/A,N/A,1280.0,1280.0,2025-11-14 00:54:06.574275,2025-11-14 00:54:06.574275,1
95.1,16.1,24334600882,4337079607-1707399140728-0,N/A,N/A,1280.0,1280.0,2025-11-14 00:54:06.574275,2025-11-14 00:54:06.574275,1
96.1,16.1,24334600883,4337079607-1707399140728-1,N/A,N/A,1280.0,1280.0,2025-11-14 00:54:06.574275,2025-11-14 00:54:06.574275,1
97.1,17.1,7870989083,1857030628-1617524196393-0,N/A,N/A,395.0,395.0,2025-11-14 00:54:06.575618,2025-11-14 00:54:06.575618,1
98.1,18.1,27339128267,4726844228-1729943500336-1,N/A,N/A,30.0,30.0,2025-11-14 00:54:06.577034,2025-11-14 00:54:06.577034,1
99.1,18.1,27339128266,4726844228-1729943500336-0,N/A,N/A,30.0,30.0,2025-11-14 00:54:06.577034,2025-11-14 00:54:06.577034,1
100.1,19.1,30097934851,1856947959-1748396661641-0,N/A,N/A,395.0,395.0,2025-11-14 00:54:06.578442,2025-11-14 00:54:06.578442,1
101.1,20.1,17251724455,3382826683-1666063218249-0,N/A,N/A,395.0,395.0,2025-11-14 00:54:06.579805,2025-11-14 00:54:06.579805,1
102.1,21.1,20793032962,P,N/A,N/A,350.0,350.0,2025-11-14 00:54:06.581060,2025-11-14 00:54:06.581060,1
103.1,22.1,18525646548,3583313195-1676440088441-0,N/A,N/A,395.0,395.0,2025-11-14 00:54:06.582355,2025-11-14 00:54:06.582355,1
104.1,23.1,24903350129,kt160,N/A,N/A,180.0,180.0,2025-11-14 00:54:06.583728,2025-11-14 00:54:06.583728,1
105.2,1.2,120622682496,120622682496,SOLAIRE,N/A,395.0,395.0,2025-11-14 00:54:06.585922,2025-11-14 00:54:06.585922,2
106.2,1.2,226798285570,226798285570,LAKESHORE,N/A,395.0,395.0,2025-11-14 00:54:06.585922,2025-11-14 00:54:06.585922,2
107.2,1.2,120622682500,120622682500,OKADA,N/A,394.0,395.0,2025-11-14 00:54:06.585922,2025-11-14 00:54:06.585922,2
108.2,1.2,120622682494,120622682494,BAMBOO,N/A,395.0,395.0,2025-11-14 00:54:06.585922,2025-11-14 00:54:06.585922,2
109.2,1.2,120622682498,120622682498,FRESH LINEN,N/A,395.0,395.0,2025-11-14 00:54:06.585922,2025-11-14 00:54:06.585922,2
110.2,1.2,120622682497,120622682497,PEPPERMINT,N/A,395.0,395.0,2025-11-14 00:54:06.585922,2025-11-14 00:54:06.585922,2
111.2,1.2,27889369721,27889369721,GREENTEA,N/A,395.0,395.0,2025-11-14 00:54:06.585922,2025-11-14 00:54:06.585922,2
112.2,1.2,120622682502,120622682502,SHANGRILA,N/A,395.0,395.0,2025-11-14 00:54:06.585922,2025-11-14 00:54:06.585922,2
113.2,1.2,226798285569,226798285569,NECTARINE,N/A,395.0,395.0,2025-11-14 00:54:06.585922,2025-11-14 00:54:06.585922,2
114.2,1.2,120622682503,120622682503,MARINE SQUASH,N/A,395.0,395.0,2025-11-14 00:54:06.585922,2025-11-14 00:54:06.585922,2
115.2,1.2,120622682501,120622682501,CONRAD,N/A,395.0,395.0,2025-11-14 00:54:06.585922,2025-11-14 00:54:06.585922,2
116.2,1.2,120622682505,120622682505,GRAPEFRUIT,N/A,395.0,395.0,2025-11-14 00:54:06.585922,2025-11-14 00:54:06.585922,2
117.2,1.2,120622682504,120622682504,WHITE TEA,N/A,395.0,395.0,2025-11-14 00:54:06.585922,2025-11-14 00:54:06.585922,2
118.2,1.2,120622682495,120622682495,MARRIOTT,N/A,395.0,395.0,2025-11-14 00:54:06.585922,2025-11-14 00:54:06.585922,2
119.2,1.2,120622682499,120622682499,EUCALYPTUS,N/A,395.0,395.0,2025-11-14 00:54:06.585922,2025-11-14 00:54:06.585922,2
120.2,2.2,80454474894,80454474894,"Shangri, La",1000mL (1L),393.0,395.0,2025-11-14 00:54:06.587715,2025-11-14 00:54:06.587715,2
121.2,3.2,38264414541,SHHD,Shangrila,N/A,180.0,180.0,2025-11-14 00:54:06.589536,2025-11-14 00:54:06.589536,2
122.2,3.2,212646073153,BGHD,Bubble Gum,N/A,180.0,180.0,2025-11-14 00:54:06.589536,2025-11-14 00:54:06.589536,2
123.2,3.2,137161751018,FLHD,Fresh Linen,N/A,180.0,180.0,2025-11-14 00:54:06.589536,2025-11-14 00:54:06.589536,2
124.2,3.2,137161751021,MCHD,Melon Cucumber,N/A,180.0,180.0,2025-11-14 00:54:06.589536,2025-11-14 00:54:06.589536,2
125.2,3.2,137161751017,CHBHD,Cherry Blossom,N/A,150.0,150.0,2025-11-14 00:54:06.589536,2025-11-14 00:54:06.589536,2
126.2,3.2,105168521089,EUCHD,Eucalyptus,N/A,180.0,180.0,2025-11-14 00:54:06.589536,2025-11-14 00:54:06.589536,2
127.2,3.2,162346171932,BRKHD,Barako,N/A,180.0,180.0,2025-11-14 00:54:06.589536,2025-11-14 00:54:06.589536,2
128.2,3.2,38264414540,BHD,Fresh Bamboo,N/A,180.0,180.0,2025-11-14 00:54:06.589536,2025-11-14 00:54:06.589536,2
129.2,3.2,175239356202,175239356202,Marriott,N/A,180.0,180.0,2025-11-14 00:54:06.589536,2025-11-14 00:54:06.589536,2
130.2,3.2,38264414542,WTHD,White Tea,N/A,180.0,180.0,2025-11-14 00:54:06.589536,2025-11-14 00:54:06.589536,2
131.2,3.2,252955612357,252955612357,Green Tea by EA,N/A,180.0,180.0,2025-11-14 00:54:06.589536,2025-11-14 00:54:06.589536,2
132.2,3.2,38264414539,OHD,Okada,N/A,180.0,180.0,2025-11-14 00:54:06.589536,2025-11-14 00:54:06.589536,2
133.2,3.2,38264414543,COFHD,Coffee,N/A,180.0,180.0,2025-11-14 00:54:06.589536,2025-11-14 00:54:06.589536,2
134.2,3.2,137161751023,CBHD,Cotton Blossom,N/A,180.0,180.0,2025-11-14 00:54:06.589536,2025-11-14 00:54:06.589536,2
135.2,3.2,137161751022,CITHD,Citronella,N/A,180.0,180.0,2025-11-14 00:54:06.589536,2025-11-14 00:54:06.589536,2
136.2,3.2,137161751019,CWHD,Cool Water,N/A,180.0,180.0,2025-11-14 00:54:06.589536,2025-11-14 00:54:06.589536,2
137.2,3.2,137161751020,LAVHD,Lavender,N/A,180.0,180.0,2025-11-14 00:54:06.589536,2025-11-14 00:54:06.589536,2
138.2,3.2,162346171933,MSQHD,Marine Squash,N/A,180.0,180.0,2025-11-14 00:54:06.589536,2025-11-14 00:54:06.589536,2
139.2,3.2,105168521088,PHD,Peppermint,N/A,179.0,179.0,2025-11-14 00:54:06.589536,2025-11-14 00:54:06.589536,2
140.2,4.2,220234307707,220234307707,Melon Cucumber,1L with Pump,260.0,260.0,2025-11-14 00:54:06.591419,2025-11-14 00:54:06.591419,2
141.2,4.2,220234307711,220234307711,Melon Cucumber,1L Refill (No Pump),220.0,220.0,2025-11-14 00:54:06.591419,2025-11-14 00:54:06.591419,2
142.2,4.2,220234307709,220234307709,Lavender,1L Refill (No Pump),220.0,220.0,2025-11-14 00:54:06.591419,2025-11-14 00:54:06.591419,2
143.2,4.2,220234307706,220234307706,Lavender,500mL with Pump,150.0,150.0,2025-11-14 00:54:06.591419,2025-11-14 00:54:06.591419,2
144.2,4.2,220234307714,220234307714,Sweet Pea,1L Refill (No Pump),220.0,220.0,2025-11-14 00:54:06.591419,2025-11-14 00:54:06.591419,2
145.2,4.2,220234307710,220234307710,Lavender,1L with Pump,260.0,260.0,2025-11-14 00:54:06.591419,2025-11-14 00:54:06.591419,2
146.2,4.2,220234307713,220234307713,Green Apple,1L Refill (No Pump),220.0,220.0,2025-11-14 00:54:06.591419,2025-11-14 00:54:06.591419,2
147.2,4.2,220234307703,220234307703,Melon Cucumber,500mL with Pump,150.0,150.0,2025-11-14 00:54:06.591419,2025-11-14 00:54:06.591419,2
148.2,4.2,220234307700,220234307700,Green Apple,1L with Pump,260.0,260.0,2025-11-14 00:54:06.591419,2025-11-14 00:54:06.591419,2
149.2,4.2,220234307715,220234307715,Green Apple,500mL with Pump,150.0,150.0,2025-11-14 00:54:06.591419,2025-11-14 00:54:06.591419,2
150.2,4.2,220234307708,220234307708,White Tea,500mL with Pump,150.0,150.0,2025-11-14 00:54:06.591419,2025-11-14 00:54:06.591419,2
151.2,4.2,220234307705,220234307705,Lemon,500mL with Pump,150.0,150.0,2025-11-14 00:54:06.591419,2025-11-14 00:54:06.591419,2
152.2,4.2,220234307712,220234307712,Lemon,1L Refill (No Pump),220.0,220.0,2025-11-14 00:54:06.591419,2025-11-14 00:54:06.591419,2
153.2,4.2,220234307704,220234307704,Lemon,1L with Pump,260.0,260.0,2025-11-14 00:54:06.591419,2025-11-14 00:54:06.591419,2
154.2,4.2,220234307716,220234307716,White Tea,1L with Pump,260.0,260.0,2025-11-14 00:54:06.591419,2025-11-14 00:54:06.591419,2
155.2,4.2,220234307701,220234307701,White Tea,1L Refill (No Pump),220.0,220.0,2025-11-14 00:54:06.591419,2025-11-14 00:54:06.591419,2
156.2,4.2,220234307717,220234307717,Sweet Pea,1L with Pump,260.0,260.0,2025-11-14 00:54:06.591419,2025-11-14 00:54:06.591419,2
157.2,4.2,220234307702,220234307702,Sweet Pea,500mL with Pump,150.0,150.0,2025-11-14 00:54:06.591419,2025-11-14 00:54:06.591419,2
158.2,5.2,275672569892,275672569892,White Tea,100mL,890.0,890.0,2025-11-14 00:54:06.593212,2025-11-14 00:54:06.593212,2
159.2,5.2,253612495151,253612495151,Bamboo,15mL,298.0,298.0,2025-11-14 00:54:06.593212,2025-11-14 00:54:06.593212,2
160.2,5.2,253612495150,253612495150,Shangrila,100mL,890.0,890.0,2025-11-14 00:54:06.593212,2025-11-14 00:54:06.593212,2
161.2,5.2,275672569890,275672569890,Conrad,100mL,890.0,890.0,2025-11-14 00:54:06.593212,2025-11-14 00:54:06.593212,2
162.2,5.2,275672569893,275672569893,Peppermint,15mL,298.0,298.0,2025-11-14 00:54:06.593212,2025-11-14 00:54:06.593212,2
163.2,5.2,275672569896,275672569896,Eucalyptus,100mL,890.0,890.0,2025-11-14 00:54:06.593212,2025-11-14 00:54:06.593212,2
164.2,5.2,275672569895,275672569895,Eucalyptus,15mL,298.0,298.0,2025-11-14 00:54:06.593212,2025-11-14 00:54:06.593212,2
165.2,5.2,253612495153,253612495153,Okada,15mL,298.0,298.0,2025-11-14 00:54:06.593212,2025-11-14 00:54:06.593212,2
166.2,5.2,253612495160,253612495160,Matcha,100mL,890.0,890.0,2025-11-14 00:54:06.593212,2025-11-14 00:54:06.593212,2
167.2,5.2,253612495149,253612495149,Shangrila,15mL,298.0,298.0,2025-11-14 00:54:06.593212,2025-11-14 00:54:06.593212,2
168.2,5.2,253612495157,253612495157,Green Tea by EA,15mL,298.0,298.0,2025-11-14 00:54:06.593212,2025-11-14 00:54:06.593212,2
169.2,5.2,253612495155,253612495155,Marriott,15mL,298.0,298.0,2025-11-14 00:54:06.593212,2025-11-14 00:54:06.593212,2
170.2,5.2,253612495152,253612495152,Bamboo,100mL,890.0,890.0,2025-11-14 00:54:06.593212,2025-11-14 00:54:06.593212,2
171.2,5.2,275672569889,275672569889,Conrad,15mL,298.0,298.0,2025-11-14 00:54:06.593212,2025-11-14 00:54:06.593212,2
172.2,5.2,253612495156,253612495156,Marriott,100mL,890.0,890.0,2025-11-14 00:54:06.593212,2025-11-14 00:54:06.593212,2
173.2,5.2,253612495162,253612495162,Solaire,100mL,890.0,890.0,2025-11-14 00:54:06.593212,2025-11-14 00:54:06.593212,2
174.2,5.2,275672569891,275672569891,White Tea,15mL,298.0,298.0,2025-11-14 00:54:06.593212,2025-11-14 00:54:06.593212,2
175.2,5.2,253612495154,253612495154,Okada,100mL,890.0,890.0,2025-11-14 00:54:06.593212,2025-11-14 00:54:06.593212,2
176.2,5.2,275672569894,275672569894,Peppermint,100mL,890.0,890.0,2025-11-14 00:54:06.593212,2025-11-14 00:54:06.593212,2
177.2,5.2,253612495161,253612495161,Solaire,15mL,298.0,298.0,2025-11-14 00:54:06.593212,2025-11-14 00:54:06.593212,2
178.2,5.2,253612495159,253612495159,Matcha,15mL,298.0,298.0,2025-11-14 00:54:06.593212,2025-11-14 00:54:06.593212,2
179.2,5.2,253612495158,253612495158,Green Tea by EA,100mL,890.0,890.0,2025-11-14 00:54:06.593212,2025-11-14 00:54:06.593212,2
180.2,6.2,9540916930,9540916930,Base Product,N/A,395.0,395.0,2025-11-14 00:54:06.595153,2025-11-14 00:54:06.595153,2
181.2,7.2,41565317225,41565317225,Base Product,N/A,395.0,395.0,2025-11-14 00:54:06.597071,2025-11-14 00:54:06.597071,2
182.2,8.2,10126443491,10126443491,Base Product,N/A,385.0,385.0,2025-11-14 00:54:06.598742,2025-11-14 00:54:06.598742,2
183.2,9.2,40460773114,40460773114,Base Product,N/A,5.0,5.0,2025-11-14 00:54:06.600656,2025-11-14 00:54:06.600656,2
184.2,10.2,62876526619,62876526619,"Shangri, La",100mL,100.0,100.0,2025-11-14 00:54:06.602288,2025-11-14 00:54:06.602288,2
185.2,10.2,91831429207,91831429207,Bamboo,100mL,100.0,100.0,2025-11-14 00:54:06.602288,2025-11-14 00:54:06.602288,2
186.2,10.2,91831429208,91831429208,Peppermint,100mL,100.0,100.0,2025-11-14 00:54:06.602288,2025-11-14 00:54:06.602288,2
187.2,10.2,91847123130,91847123130,Okada,100mL,100.0,100.0,2025-11-14 00:54:06.602288,2025-11-14 00:54:06.602288,2
188.2,10.2,62876526617,62876526617,Marriott,100mL,100.0,100.0,2025-11-14 00:54:06.602288,2025-11-14 00:54:06.602288,2
189.2,10.2,62876526618,62876526618,Solaire,100mL,100.0,100.0,2025-11-14 00:54:06.602288,2025-11-14 00:54:06.602288,2
190.2,11.2,8074718541,8074718541,Base Product,N/A,395.0,395.0,2025-11-14 00:54:06.603953,2025-11-14 00:54:06.603953,2
191.2,12.2,8872137642,8872137642,Base Product,N/A,394.0,395.0,2025-11-14 00:54:06.605574,2025-11-14 00:54:06.605574,2
192.2,13.2,24570916273,COPA.35,Base Product,N/A,130.0,130.0,2025-11-14 00:54:06.607773,2025-11-14 00:54:06.607773,2
193.2,14.2,168123761245,w180,60s (180pcs),N/A,289.0,289.0,2025-11-14 00:54:06.609619,2025-11-14 00:54:06.609619,2
194.2,14.2,168123761246,w90,30s (90pcs),N/A,210.0,210.0,2025-11-14 00:54:06.609619,2025-11-14 00:54:06.609619,2
195.2,15.2,43915446422,43915446422,Base Product,N/A,395.0,395.0,2025-11-14 00:54:06.611228,2025-11-14 00:54:06.611228,2
196.2,16.2,10711435960,10711435960,Base Product,N/A,393.0,395.0,2025-11-14 00:54:06.613130,2025-11-14 00:54:06.613130,2
197.2,17.2,28604224516,28604224516,Base Product,N/A,380.0,380.0,2025-11-14 00:54:06.615541,2025-11-14 00:54:06.615541,2
198.2,18.2,25851471279,25851471279,Base Product,N/A,450.0,450.0,2025-11-14 00:54:06.617397,2025-11-14 00:54:06.617397,2
199.2,19.2,11020948637,11020948637,Base Product,N/A,395.0,395.0,2025-11-14 00:54:06.619431,2025-11-14 00:54:06.619431,2
200.2,20.2,9274362526,9274362526,Base Product,N/A,350.0,350.0,2025-11-14 00:54:06.621579,2025-11-14 00:54:06.621579,2
201.2,21.2,15949821605,15949821605,Base Product,N/A,394.0,395.0,2025-11-14 00:54:06.623221,2025-11-14 00:54:06.623221,2
202.2,22.2,24970906364,24970906364,Base Product,N/A,350.0,350.0,2025-11-14 00:54:06.624864,2025-11-14 00:54:06.624864,2
203.2,23.2,13808348767,13808348767,Base Product,N/A,365.0,365.0,2025-11-14 00:54:06.626697,2025-11-14 00:54:06.626697,2
204.2,24.2,227921852362,227921852362,Marriott,N/A,890.0,890.0,2025-11-14 00:54:06.628290,2025-11-14 00:54:06.628290,2
205.2,24.2,227921852363,227921852363,Okada,N/A,890.0,890.0,2025-11-14 00:54:06.628290,2025-11-14 00:54:06.628290,2
206.2,24.2,227921852364,227921852364,Green Tea,N/A,890.0,890.0,2025-11-14 00:54:06.628290,2025-11-14 00:54:06.628290,2
207.2,24.2,208608608344,208608608344,Solaire,N/A,890.0,890.0,2025-11-14 00:54:06.628290,2025-11-14 00:54:06.628290,2
208.2,24.2,227921852360,227921852360,Shangrila,N/A,890.0,890.0,2025-11-14 00:54:06.628290,2025-11-14 00:54:06.628290,2
209.2,24.2,227921852361,227921852361,Fresh Bamboo,N/A,890.0,890.0,2025-11-14 00:54:06.628290,2025-11-14 00:54:06.628290,2
210.2,25.2,10115007398,10115007398,Base Product,N/A,700.0,700.0,2025-11-14 00:54:06.630326,2025-11-14 00:54:06.630326,2
211.2,26.2,24532932414,24532932414,Base Product,N/A,380.0,380.0,2025-11-14 00:54:06.632695,2025-11-14 00:54:06.632695,2
212.2,27.2,59913975673,59913975673,Teal,N/A,200.0,200.0,2025-11-14 00:54:06.634518,2025-11-14 00:54:06.634518,2
213.2,27.2,59913975674,59913975674,Beige,N/A,200.0,200.0,2025-11-14 00:54:06.634518,2025-11-14 00:54:06.634518,2
214.2,27.2,59913975675,59913975675,Lavender,N/A,198.0,198.0,2025-11-14 00:54:06.634518,2025-11-14 00:54:06.634518,2
215.2,28.2,7193623275,7193623275,Base Product,N/A,395.0,395.0,2025-11-14 00:54:06.636213,2025-11-14 00:54:06.636213,2
216.2,29.2,222968780906,222968780906,Nectarine,100mL,890.0,890.0,2025-11-14 00:54:06.637938,2025-11-14 00:54:06.637938,2
217.2,29.2,204203312894,RDO100,Okada,100mL,890.0,890.0,2025-11-14 00:54:06.637938,2025-11-14 00:54:06.637938,2
218.2,29.2,222968780904,222968780904,Lakeshore,100mL,890.0,890.0,2025-11-14 00:54:06.637938,2025-11-14 00:54:06.637938,2
219.2,29.2,204203312889,RDM50,Marriott,50mL,499.0,499.0,2025-11-14 00:54:06.637938,2025-11-14 00:54:06.637938,2
220.2,29.2,204203312896,RDB100,Fresh Bamboo,100mL,890.0,890.0,2025-11-14 00:54:06.637938,2025-11-14 00:54:06.637938,2
221.2,29.2,204203312885,RDSH100,"Shangri, la",100mL,890.0,890.0,2025-11-14 00:54:06.637938,2025-11-14 00:54:06.637938,2
222.2,29.2,204203312890,RDSOL100,Solaire,100mL,890.0,890.0,2025-11-14 00:54:06.637938,2025-11-14 00:54:06.637938,2
223.2,29.2,204203312902,RDM100,Marriott,100mL,890.0,890.0,2025-11-14 00:54:06.637938,2025-11-14 00:54:06.637938,2
224.2,29.2,222968780905,222968780905,Nectarine,50mL,499.0,499.0,2025-11-14 00:54:06.637938,2025-11-14 00:54:06.637938,2
225.2,29.2,204203312887,RDCHB50,Cherry Blossom,50mL,499.0,499.0,2025-11-14 00:54:06.637938,2025-11-14 00:54:06.637938,2
226.2,29.2,204203312886,RDO50,Okada,50mL,499.0,499.0,2025-11-14 00:54:06.637938,2025-11-14 00:54:06.637938,2
227.2,29.2,204203312897,RDSOL50,Solaire,50mL,499.0,499.0,2025-11-14 00:54:06.637938,2025-11-14 00:54:06.637938,2
228.2,29.2,204203312895,RDB50,Fresh Bamboo,50mL,499.0,499.0,2025-11-14 00:54:06.637938,2025-11-14 00:54:06.637938,2
229.2,29.2,204203312899,RDWT100,White Tea,100mL,890.0,890.0,2025-11-14 00:54:06.637938,2025-11-14 00:54:06.637938,2
230.2,29.2,204203312900,RDGT100,Green Tea,100mL,890.0,890.0,2025-11-14 00:54:06.637938,2025-11-14 00:54:06.637938,2
231.2,29.2,226056945131,226056945131,Eucalyptus,50mL,499.0,499.0,2025-11-14 00:54:06.637938,2025-11-14 00:54:06.637938,2
232.2,29.2,195334285698,195334285698,Irish,100mL,890.0,890.0,2025-11-14 00:54:06.637938,2025-11-14 00:54:06.637938,2
233.2,29.2,204203312892,RDCON50,Conrad,50mL,499.0,499.0,2025-11-14 00:54:06.637938,2025-11-14 00:54:06.637938,2
234.2,29.2,226056945132,226056945132,Eucalyptus,100mL,890.0,890.0,2025-11-14 00:54:06.637938,2025-11-14 00:54:06.637938,2
235.2,29.2,226056945130,226056945130,Peppermint,100mL,890.0,890.0,2025-11-14 00:54:06.637938,2025-11-14 00:54:06.637938,2
236.2,29.2,226056945129,226056945129,Peppermint,50mL,499.0,499.0,2025-11-14 00:54:06.637938,2025-11-14 00:54:06.637938,2
237.2,29.2,204203312888,RDWT50,White Tea,50mL,499.0,499.0,2025-11-14 00:54:06.637938,2025-11-14 00:54:06.637938,2
238.2,29.2,195334285697,195334285697,Irish,50mL,499.0,499.0,2025-11-14 00:54:06.637938,2025-11-14 00:54:06.637938,2
239.2,29.2,204203312901,RDCON100,Conrad,100mL,890.0,890.0,2025-11-14 00:54:06.637938,2025-11-14 00:54:06.637938,2
240.2,29.2,204203312893,RDSH50,"Shangri, la",50mL,499.0,499.0,2025-11-14 00:54:06.637938,2025-11-14 00:54:06.637938,2
241.2,29.2,204203312891,RDGT50,Green Tea,50mL,499.0,499.0,2025-11-14 00:54:06.637938,2025-11-14 00:54:06.637938,2
242.2,29.2,204203312898,RDCHB100,Cherry Blossom,100mL,890.0,890.0,2025-11-14 00:54:06.637938,2025-11-14 00:54:06.637938,2
243.2,29.2,217630727512,217630727512,Lakeshore,50mL,499.0,499.0,2025-11-14 00:54:06.637938,2025-11-14 00:54:06.637938,2
244.2,30.2,29633640915,29633640915,"Black, 20pcs",N/A,120.0,120.0,2025-11-14 00:54:06.640080,2025-11-14 00:54:06.640080,2
245.2,30.2,306865722748,306865722748,"Brown/Natural, 5pcs",N/A,40.0,40.0,2025-11-14 00:54:06.640080,2025-11-14 00:54:06.640080,2
246.2,30.2,306865722749,306865722749,"Brown/Natural, 10pcs",N/A,80.0,80.0,2025-11-14 00:54:06.640080,2025-11-14 00:54:06.640080,2
247.2,30.2,306865722750,306865722750,"Brown/Natural, 20pcs",N/A,120.0,120.0,2025-11-14 00:54:06.640080,2025-11-14 00:54:06.640080,2
248.2,30.2,306865722751,306865722751,"Black, 5pcs",N/A,40.0,40.0,2025-11-14 00:54:06.640080,2025-11-14 00:54:06.640080,2
249.2,30.2,29633640914,29633640914,"Black, 10pcs",N/A,80.0,80.0,2025-11-14 00:54:06.640080,2025-11-14 00:54:06.640080,2
250.2,31.2,14087729456,14087729456,Base Product,N/A,649.0,649.0,2025-11-14 00:54:06.641971,2025-11-14 00:54:06.641971,2
251.2,32.2,8863231191,8863231191,Base Product,N/A,393.0,395.0,2025-11-14 00:54:06.644557,2025-11-14 00:54:06.644557,2
252.2,33.2,12706851078,12706851078,Base Product,N/A,394.0,395.0,2025-11-14 00:54:06.647501,2025-11-14 00:54:06.647501,2
253.2,34.2,40715325508,40715325508,Base Product,N/A,395.0,395.0,2025-11-14 00:54:06.650404,2025-11-14 00:54:06.650404,2
254.2,35.2,11130461258,11130461258,Base Product,N/A,350.0,350.0,2025-11-14 00:54:06.653411,2025-11-14 00:54:06.653411,2
255.2,36.2,28482713306,28482713306,Base Product,N/A,394.0,395.0,2025-11-14 00:54:06.656552,2025-11-14 00:54:06.656552,2
256.2,37.2,2994461147,2994461147,Base Product,N/A,393.0,395.0,2025-11-14 00:54:06.658437,2025-11-14 00:54:06.658437,2
257.2,38.2,24070911495,24070911495,Base Product,N/A,180.0,180.0,2025-11-14 00:54:06.660160,2025-11-14 00:54:06.660160,2
258.2,39.2,245320833001,245320833001,Lavender,N/A,1280.0,1280.0,2025-11-14 00:54:06.662100,2025-11-14 00:54:06.662100,2
259.2,39.2,245320832994,245320832994,Fresh Bamboo,N/A,1280.0,1280.0,2025-11-14 00:54:06.662100,2025-11-14 00:54:06.662100,2
260.2,39.2,245320833009,245320833009,White Tea,N/A,1280.0,1280.0,2025-11-14 00:54:06.662100,2025-11-14 00:54:06.662100,2
261.2,39.2,226548236453,226548236453,Nectarine,N/A,1280.0,1280.0,2025-11-14 00:54:06.662100,2025-11-14 00:54:06.662100,2
262.2,39.2,245320833000,245320833000,Citronella,N/A,1280.0,1280.0,2025-11-14 00:54:06.662100,2025-11-14 00:54:06.662100,2
263.2,39.2,245320832997,245320832997,Conrad,N/A,1280.0,1280.0,2025-11-14 00:54:06.662100,2025-11-14 00:54:06.662100,2
264.2,39.2,245320833006,245320833006,Cherry Blossom,N/A,1280.0,1280.0,2025-11-14 00:54:06.662100,2025-11-14 00:54:06.662100,2
265.2,39.2,226548236454,226548236454,Peninsula,N/A,1280.0,1280.0,2025-11-14 00:54:06.662100,2025-11-14 00:54:06.662100,2
266.2,39.2,245320832996,245320832996,Marriott,N/A,1280.0,1280.0,2025-11-14 00:54:06.662100,2025-11-14 00:54:06.662100,2
267.2,39.2,245320833003,245320833003,Solaire,N/A,1280.0,1280.0,2025-11-14 00:54:06.662100,2025-11-14 00:54:06.662100,2
268.2,39.2,245320833008,245320833008,Matcha Green Tea,N/A,1280.0,1280.0,2025-11-14 00:54:06.662100,2025-11-14 00:54:06.662100,2
269.2,39.2,245320833005,245320833005,Cotton Blossom,N/A,1280.0,1280.0,2025-11-14 00:54:06.662100,2025-11-14 00:54:06.662100,2
270.2,39.2,245320832999,245320832999,Eucalyptus,N/A,1280.0,1280.0,2025-11-14 00:54:06.662100,2025-11-14 00:54:06.662100,2
271.2,39.2,245320833002,245320833002,3lizabeth Ard3n (GT),N/A,1280.0,1280.0,2025-11-14 00:54:06.662100,2025-11-14 00:54:06.662100,2
272.2,39.2,245320833007,245320833007,Melon Cucumber,N/A,1280.0,1280.0,2025-11-14 00:54:06.662100,2025-11-14 00:54:06.662100,2
273.2,39.2,245320832993,245320832993,Shangrila,N/A,1280.0,1280.0,2025-11-14 00:54:06.662100,2025-11-14 00:54:06.662100,2
274.2,39.2,245320832998,245320832998,Peppermint,N/A,1280.0,1280.0,2025-11-14 00:54:06.662100,2025-11-14 00:54:06.662100,2
275.2,39.2,245320832995,245320832995,Okada,N/A,1280.0,1280.0,2025-11-14 00:54:06.662100,2025-11-14 00:54:06.662100,2
276.2,39.2,245320833004,245320833004,Fresh Linen,N/A,1280.0,1280.0,2025-11-14 00:54:06.662100,2025-11-14 00:54:06.662100,2
277.2,40.2,43458733175,43458733175,Base Product,N/A,690.0,690.0,2025-11-14 00:54:06.664095,2025-11-14 00:54:06.664095,2
278.2,41.2,22978519620,22978519620,Base Product,N/A,395.0,395.0,2025-11-14 00:54:06.665802,2025-11-14 00:54:06.665802,2
279.2,42.2,8106980080,8106980080,Base Product,N/A,394.0,395.0,2025-11-14 00:54:06.667544,2025-11-14 00:54:06.667544,2
280.2,43.2,24563211022,24563211022,Base Product,N/A,35.0,35.0,2025-11-14 00:54:06.669968,2025-11-14 00:54:06.669968,2
281.2,44.2,25170906640,25170906640,Base Product,N/A,210.0,210.0,2025-11-14 00:54:06.671814,2025-11-14 00:54:06.671814,2
282.2,45.2,257229121669,257229121669,Shangrila,250ml,295.0,295.0,2025-11-14 00:54:06.673563,2025-11-14 00:54:06.673563,2
283.2,45.2,257229121670,257229121670,Lavender,250ml,295.0,295.0,2025-11-14 00:54:06.673563,2025-11-14 00:54:06.673563,2
284.2,45.2,257229121671,257229121671,Nectarine,250ml,295.0,295.0,2025-11-14 00:54:06.673563,2025-11-14 00:54:06.673563,2
285.2,45.2,257229121672,257229121672,Cherry Blossom,250ml,295.0,295.0,2025-11-14 00:54:06.673563,2025-11-14 00:54:06.673563,2
286.2,45.2,257229121673,257229121673,White Tea,250ml,295.0,295.0,2025-11-14 00:54:06.673563,2025-11-14 00:54:06.673563,2
287.2,45.2,306538174691,306538174691,Fresh Bamboo,250ml,295.0,295.0,2025-11-14 00:54:06.673563,2025-11-14 00:54:06.673563,2
288.2,46.2,6772995515,6772995515,Base Product,N/A,395.0,395.0,2025-11-14 00:54:06.675530,2025-11-14 00:54:06.675530,2
289.2,47.2,8857702981,8857702981,Base Product,N/A,395.0,395.0,2025-11-14 00:54:06.677492,2025-11-14 00:54:06.677492,2
290.2,48.2,20272724048,20272724048,Base Product,N/A,395.0,395.0,2025-11-14 00:54:06.679221,2025-11-14 00:54:06.679221,2
291.2,49.2,7193623275,7193623275,Base Product,N/A,395.0,395.0,2025-11-14 00:54:06.681107,2025-11-14 00:54:06.681107,2
292.2,50.2,120622682496,120622682496,SOLAIRE,N/A,395.0,395.0,2025-11-14 00:54:06.683444,2025-11-14 00:54:06.683444,2
293.2,50.2,226798285570,226798285570,LAKESHORE,N/A,395.0,395.0,2025-11-14 00:54:06.683444,2025-11-14 00:54:06.683444,2
294.2,50.2,120622682500,120622682500,OKADA,N/A,394.0,395.0,2025-11-14 00:54:06.683444,2025-11-14 00:54:06.683444,2
295.2,50.2,120622682494,120622682494,BAMBOO,N/A,395.0,395.0,2025-11-14 00:54:06.683444,2025-11-14 00:54:06.683444,2
296.2,50.2,120622682498,120622682498,FRESH LINEN,N/A,395.0,395.0,2025-11-14 00:54:06.683444,2025-11-14 00:54:06.683444,2
297.2,50.2,120622682497,120622682497,PEPPERMINT,N/A,395.0,395.0,2025-11-14 00:54:06.683444,2025-11-14 00:54:06.683444,2
298.2,50.2,27889369721,27889369721,GREENTEA,N/A,395.0,395.0,2025-11-14 00:54:06.683444,2025-11-14 00:54:06.683444,2
299.2,50.2,120622682502,120622682502,SHANGRILA,N/A,395.0,395.0,2025-11-14 00:54:06.683444,2025-11-14 00:54:06.683444,2
300.2,50.2,226798285569,226798285569,NECTARINE,N/A,395.0,395.0,2025-11-14 00:54:06.683444,2025-11-14 00:54:06.683444,2
301.2,50.2,120622682503,120622682503,MARINE SQUASH,N/A,395.0,395.0,2025-11-14 00:54:06.683444,2025-11-14 00:54:06.683444,2
302.2,50.2,120622682501,120622682501,CONRAD,N/A,395.0,395.0,2025-11-14 00:54:06.683444,2025-11-14 00:54:06.683444,2
303.2,50.2,120622682505,120622682505,GRAPEFRUIT,N/A,395.0,395.0,2025-11-14 00:54:06.683444,2025-11-14 00:54:06.683444,2
304.2,50.2,120622682504,120622682504,WHITE TEA,N/A,395.0,395.0,2025-11-14 00:54:06.683444,2025-11-14 00:54:06.683444,2
305.2,50.2,120622682495,120622682495,MARRIOTT,N/A,395.0,395.0,2025-11-14 00:54:06.683444,2025-11-14 00:54:06.683444,2
306.2,50.2,120622682499,120622682499,EUCALYPTUS,N/A,395.0,395.0,2025-11-14 00:54:06.683444,2025-11-14 00:54:06.683444,2
307.2,51.2,8074718541,8074718541,Base Product,N/A,395.0,395.0,2025-11-14 00:54:06.685392,2025-11-14 00:54:06.685392,2
308.2,52.2,11020948637,11020948637,Base Product,N/A,395.0,395.0,2025-11-14 00:54:06.687305,2025-11-14 00:54:06.687305,2
309.2,53.2,10115007398,10115007398,Base Product,N/A,700.0,700.0,2025-11-14 00:54:06.689146,2025-11-14 00:54:06.689146,2
310.2,54.2,24532932414,24532932414,Base Product,N/A,380.0,380.0,2025-11-14 00:54:06.690818,2025-11-14 00:54:06.690818,2
311.2,55.2,80454474894,80454474894,"Shangri, La",1000mL (1L),393.0,395.0,2025-11-14 00:54:06.692804,2025-11-14 00:54:06.692804,2
312.2,56.2,222968780906,222968780906,Nectarine,100mL,890.0,890.0,2025-11-14 00:54:06.694787,2025-11-14 00:54:06.694787,2
313.2,56.2,204203312894,RDO100,Okada,100mL,890.0,890.0,2025-11-14 00:54:06.694787,2025-11-14 00:54:06.694787,2
314.2,56.2,222968780904,222968780904,Lakeshore,100mL,890.0,890.0,2025-11-14 00:54:06.694787,2025-11-14 00:54:06.694787,2
315.2,56.2,204203312889,RDM50,Marriott,50mL,499.0,499.0,2025-11-14 00:54:06.694787,2025-11-14 00:54:06.694787,2
316.2,56.2,204203312896,RDB100,Fresh Bamboo,100mL,890.0,890.0,2025-11-14 00:54:06.694787,2025-11-14 00:54:06.694787,2
317.2,56.2,204203312885,RDSH100,"Shangri, la",100mL,890.0,890.0,2025-11-14 00:54:06.694787,2025-11-14 00:54:06.694787,2
318.2,56.2,204203312890,RDSOL100,Solaire,100mL,890.0,890.0,2025-11-14 00:54:06.694787,2025-11-14 00:54:06.694787,2
319.2,56.2,204203312902,RDM100,Marriott,100mL,890.0,890.0,2025-11-14 00:54:06.694787,2025-11-14 00:54:06.694787,2
320.2,56.2,222968780905,222968780905,Nectarine,50mL,499.0,499.0,2025-11-14 00:54:06.694787,2025-11-14 00:54:06.694787,2
321.2,56.2,204203312887,RDCHB50,Cherry Blossom,50mL,499.0,499.0,2025-11-14 00:54:06.694787,2025-11-14 00:54:06.694787,2
322.2,56.2,204203312886,RDO50,Okada,50mL,499.0,499.0,2025-11-14 00:54:06.694787,2025-11-14 00:54:06.694787,2
323.2,56.2,204203312897,RDSOL50,Solaire,50mL,499.0,499.0,2025-11-14 00:54:06.694787,2025-11-14 00:54:06.694787,2
324.2,56.2,204203312895,RDB50,Fresh Bamboo,50mL,499.0,499.0,2025-11-14 00:54:06.694787,2025-11-14 00:54:06.694787,2
325.2,56.2,204203312899,RDWT100,White Tea,100mL,890.0,890.0,2025-11-14 00:54:06.694787,2025-11-14 00:54:06.694787,2
326.2,56.2,204203312900,RDGT100,Green Tea,100mL,890.0,890.0,2025-11-14 00:54:06.694787,2025-11-14 00:54:06.694787,2
327.2,56.2,226056945131,226056945131,Eucalyptus,50mL,499.0,499.0,2025-11-14 00:54:06.694787,2025-11-14 00:54:06.694787,2
328.2,56.2,195334285698,195334285698,Irish,100mL,890.0,890.0,2025-11-14 00:54:06.694787,2025-11-14 00:54:06.694787,2
329.2,56.2,204203312892,RDCON50,Conrad,50mL,499.0,499.0,2025-11-14 00:54:06.694787,2025-11-14 00:54:06.694787,2
330.2,56.2,226056945132,226056945132,Eucalyptus,100mL,890.0,890.0,2025-11-14 00:54:06.694787,2025-11-14 00:54:06.694787,2
331.2,56.2,226056945130,226056945130,Peppermint,100mL,890.0,890.0,2025-11-14 00:54:06.694787,2025-11-14 00:54:06.694787,2
332.2,56.2,226056945129,226056945129,Peppermint,50mL,499.0,499.0,2025-11-14 00:54:06.694787,2025-11-14 00:54:06.694787,2
333.2,56.2,204203312888,RDWT50,White Tea,50mL,499.0,499.0,2025-11-14 00:54:06.694787,2025-11-14 00:54:06.694787,2
334.2,56.2,195334285697,195334285697,Irish,50mL,499.0,499.0,2025-11-14 00:54:06.694787,2025-11-14 00:54:06.694787,2
335.2,56.2,204203312901,RDCON100,Conrad,100mL,890.0,890.0,2025-11-14 00:54:06.694787,2025-11-14 00:54:06.694787,2
336.2,56.2,204203312893,RDSH50,"Shangri, la",50mL,499.0,499.0,2025-11-14 00:54:06.694787,2025-11-14 00:54:06.694787,2
337.2,56.2,204203312891,RDGT50,Green Tea,50mL,499.0,499.0,2025-11-14 00:54:06.694787,2025-11-14 00:54:06.694787,2
338.2,56.2,204203312898,RDCHB100,Cherry Blossom,100mL,890.0,890.0,2025-11-14 00:54:06.694787,2025-11-14 00:54:06.694787,2
339.2,56.2,217630727512,217630727512,Lakeshore,50mL,499.0,499.0,2025-11-14 00:54:06.694787,2025-11-14 00:54:06.694787,2
340.2,57.2,40460773114,40460773114,Base Product,N/A,5.0,5.0,2025-11-14 00:54:06.696900,2025-11-14 00:54:06.696900,2
341.2,58.2,28604224516,28604224516,Base Product,N/A,380.0,380.0,2025-11-14 00:54:06.698853,2025-11-14 00:54:06.698853,2
342.2,59.2,24570916273,COPA.35,Base Product,N/A,130.0,130.0,2025-11-14 00:54:06.700847,2025-11-14 00:54:06.700847,2
343.2,60.2,40715325508,40715325508,Base Product,N/A,395.0,395.0,2025-11-14 00:54:06.702627,2025-11-14 00:54:06.702627,2
344.2,61.2,43458733175,43458733175,Base Product,N/A,690.0,690.0,2025-11-14 00:54:06.704439,2025-11-14 00:54:06.704439,2
345.2,62.2,227921852362,227921852362,Marriott,N/A,890.0,890.0,2025-11-14 00:54:06.706388,2025-11-14 00:54:06.706388,2
346.2,62.2,227921852363,227921852363,Okada,N/A,890.0,890.0,2025-11-14 00:54:06.706388,2025-11-14 00:54:06.706388,2
347.2,62.2,227921852364,227921852364,Green Tea,N/A,890.0,890.0,2025-11-14 00:54:06.706388,2025-11-14 00:54:06.706388,2
348.2,62.2,208608608344,208608608344,Solaire,N/A,890.0,890.0,2025-11-14 00:54:06.706388,2025-11-14 00:54:06.706388,2
349.2,62.2,227921852360,227921852360,Shangrila,N/A,890.0,890.0,2025-11-14 00:54:06.706388,2025-11-14 00:54:06.706388,2
350.2,62.2,227921852361,227921852361,Fresh Bamboo,N/A,890.0,890.0,2025-11-14 00:54:06.706388,2025-11-14 00:54:06.706388,2
351.2,63.2,24070911495,24070911495,Base Product,N/A,180.0,180.0,2025-11-14 00:54:06.708482,2025-11-14 00:54:06.708482,2
352.2,64.2,10711435960,10711435960,Base Product,N/A,393.0,395.0,2025-11-14 00:54:06.710309,2025-11-14 00:54:06.710309,2
353.2,65.2,168123761245,w180,60s (180pcs),N/A,289.0,289.0,2025-11-14 00:54:06.712102,2025-11-14 00:54:06.712102,2
354.2,65.2,168123761246,w90,30s (90pcs),N/A,210.0,210.0,2025-11-14 00:54:06.712102,2025-11-14 00:54:06.712102,2
355.2,66.2,22978519620,22978519620,Base Product,N/A,395.0,395.0,2025-11-14 00:54:06.713919,2025-11-14 00:54:06.713919,2
356.2,67.2,28482713306,28482713306,Base Product,N/A,394.0,395.0,2025-11-14 00:54:06.716155,2025-11-14 00:54:06.716155,2
357.2,68.2,2994461147,2994461147,Base Product,N/A,393.0,395.0,2025-11-14 00:54:06.718399,2025-11-14 00:54:06.718399,2
358.2,69.2,275672569892,275672569892,White Tea,100mL,890.0,890.0,2025-11-14 00:54:06.720467,2025-11-14 00:54:06.720467,2
359.2,69.2,253612495151,253612495151,Bamboo,15mL,298.0,298.0,2025-11-14 00:54:06.720467,2025-11-14 00:54:06.720467,2
360.2,69.2,253612495150,253612495150,Shangrila,100mL,890.0,890.0,2025-11-14 00:54:06.720467,2025-11-14 00:54:06.720467,2
361.2,69.2,275672569890,275672569890,Conrad,100mL,890.0,890.0,2025-11-14 00:54:06.720467,2025-11-14 00:54:06.720467,2
362.2,69.2,275672569893,275672569893,Peppermint,15mL,298.0,298.0,2025-11-14 00:54:06.720467,2025-11-14 00:54:06.720467,2
363.2,69.2,275672569896,275672569896,Eucalyptus,100mL,890.0,890.0,2025-11-14 00:54:06.720467,2025-11-14 00:54:06.720467,2
364.2,69.2,275672569895,275672569895,Eucalyptus,15mL,298.0,298.0,2025-11-14 00:54:06.720467,2025-11-14 00:54:06.720467,2
365.2,69.2,253612495153,253612495153,Okada,15mL,298.0,298.0,2025-11-14 00:54:06.720467,2025-11-14 00:54:06.720467,2
366.2,69.2,253612495160,253612495160,Matcha,100mL,890.0,890.0,2025-11-14 00:54:06.720467,2025-11-14 00:54:06.720467,2
367.2,69.2,253612495149,253612495149,Shangrila,15mL,298.0,298.0,2025-11-14 00:54:06.720467,2025-11-14 00:54:06.720467,2
368.2,69.2,253612495157,253612495157,Green Tea by EA,15mL,298.0,298.0,2025-11-14 00:54:06.720467,2025-11-14 00:54:06.720467,2
369.2,69.2,253612495155,253612495155,Marriott,15mL,298.0,298.0,2025-11-14 00:54:06.720467,2025-11-14 00:54:06.720467,2
370.2,69.2,253612495152,253612495152,Bamboo,100mL,890.0,890.0,2025-11-14 00:54:06.720467,2025-11-14 00:54:06.720467,2
371.2,69.2,275672569889,275672569889,Conrad,15mL,298.0,298.0,2025-11-14 00:54:06.720467,2025-11-14 00:54:06.720467,2
372.2,69.2,253612495156,253612495156,Marriott,100mL,890.0,890.0,2025-11-14 00:54:06.720467,2025-11-14 00:54:06.720467,2
373.2,69.2,253612495162,253612495162,Solaire,100mL,890.0,890.0,2025-11-14 00:54:06.720467,2025-11-14 00:54:06.720467,2
374.2,69.2,275672569891,275672569891,White Tea,15mL,298.0,298.0,2025-11-14 00:54:06.720467,2025-11-14 00:54:06.720467,2
375.2,69.2,253612495154,253612495154,Okada,100mL,890.0,890.0,2025-11-14 00:54:06.720467,2025-11-14 00:54:06.720467,2
376.2,69.2,275672569894,275672569894,Peppermint,100mL,890.0,890.0,2025-11-14 00:54:06.720467,2025-11-14 00:54:06.720467,2
377.2,69.2,253612495161,253612495161,Solaire,15mL,298.0,298.0,2025-11-14 00:54:06.720467,2025-11-14 00:54:06.720467,2
378.2,69.2,253612495159,253612495159,Matcha,15mL,298.0,298.0,2025-11-14 00:54:06.720467,2025-11-14 00:54:06.720467,2
379.2,69.2,253612495158,253612495158,Green Tea by EA,100mL,890.0,890.0,2025-11-14 00:54:06.720467,2025-11-14 00:54:06.720467,2
380.2,70.2,25851471279,25851471279,Base Product,N/A,450.0,450.0,2025-11-14 00:54:06.723077,2025-11-14 00:54:06.723077,2
381.2,71.2,8857702981,8857702981,Base Product,N/A,395.0,395.0,2025-11-14 00:54:06.725358,2025-11-14 00:54:06.725358,2
382.2,72.2,8863231191,8863231191,Base Product,N/A,393.0,395.0,2025-11-14 00:54:06.727182,2025-11-14 00:54:06.727182,2
383.2,73.2,9540916930,9540916930,Base Product,N/A,395.0,395.0,2025-11-14 00:54:06.729104,2025-11-14 00:54:06.729104,2
384.2,74.2,245320833001,245320833001,Lavender,N/A,1280.0,1280.0,2025-11-14 00:54:06.730983,2025-11-14 00:54:06.730983,2
385.2,74.2,245320832994,245320832994,Fresh Bamboo,N/A,1280.0,1280.0,2025-11-14 00:54:06.730983,2025-11-14 00:54:06.730983,2
386.2,74.2,245320833009,245320833009,White Tea,N/A,1280.0,1280.0,2025-11-14 00:54:06.730983,2025-11-14 00:54:06.730983,2
387.2,74.2,226548236453,226548236453,Nectarine,N/A,1280.0,1280.0,2025-11-14 00:54:06.730983,2025-11-14 00:54:06.730983,2
388.2,74.2,245320833000,245320833000,Citronella,N/A,1280.0,1280.0,2025-11-14 00:54:06.730983,2025-11-14 00:54:06.730983,2
389.2,74.2,245320832997,245320832997,Conrad,N/A,1280.0,1280.0,2025-11-14 00:54:06.730983,2025-11-14 00:54:06.730983,2
390.2,74.2,245320833006,245320833006,Cherry Blossom,N/A,1280.0,1280.0,2025-11-14 00:54:06.730983,2025-11-14 00:54:06.730983,2
391.2,74.2,226548236454,226548236454,Peninsula,N/A,1280.0,1280.0,2025-11-14 00:54:06.730983,2025-11-14 00:54:06.730983,2
392.2,74.2,245320832996,245320832996,Marriott,N/A,1280.0,1280.0,2025-11-14 00:54:06.730983,2025-11-14 00:54:06.730983,2
393.2,74.2,245320833003,245320833003,Solaire,N/A,1280.0,1280.0,2025-11-14 00:54:06.730983,2025-11-14 00:54:06.730983,2
394.2,74.2,245320833008,245320833008,Matcha Green Tea,N/A,1280.0,1280.0,2025-11-14 00:54:06.730983,2025-11-14 00:54:06.730983,2
395.2,74.2,245320833005,245320833005,Cotton Blossom,N/A,1280.0,1280.0,2025-11-14 00:54:06.730983,2025-11-14 00:54:06.730983,2
396.2,74.2,245320832999,245320832999,Eucalyptus,N/A,1280.0,1280.0,2025-11-14 00:54:06.730983,2025-11-14 00:54:06.730983,2
397.2,74.2,245320833002,245320833002,3lizabeth Ard3n (GT),N/A,1280.0,1280.0,2025-11-14 00:54:06.730983,2025-11-14 00:54:06.730983,2
398.2,74.2,245320833007,245320833007,Melon Cucumber,N/A,1280.0,1280.0,2025-11-14 00:54:06.730983,2025-11-14 00:54:06.730983,2
399.2,74.2,245320832993,245320832993,Shangrila,N/A,1280.0,1280.0,2025-11-14 00:54:06.730983,2025-11-14 00:54:06.730983,2
400.2,74.2,245320832998,245320832998,Peppermint,N/A,1280.0,1280.0,2025-11-14 00:54:06.730983,2025-11-14 00:54:06.730983,2
401.2,74.2,245320832995,245320832995,Okada,N/A,1280.0,1280.0,2025-11-14 00:54:06.730983,2025-11-14 00:54:06.730983,2
402.2,74.2,245320833004,245320833004,Fresh Linen,N/A,1280.0,1280.0,2025-11-14 00:54:06.730983,2025-11-14 00:54:06.730983,2
403.2,75.2,8106980080,8106980080,Base Product,N/A,394.0,395.0,2025-11-14 00:54:06.732846,2025-11-14 00:54:06.732846,2
404.2,76.2,9274362526,9274362526,Base Product,N/A,350.0,350.0,2025-11-14 00:54:06.734767,2025-11-14 00:54:06.734767,2
405.2,77.2,25170906640,25170906640,Base Product,N/A,210.0,210.0,2025-11-14 00:54:06.736751,2025-11-14 00:54:06.736751,2
406.2,78.2,41565317225,41565317225,Base Product,N/A,395.0,395.0,2025-11-14 00:54:06.738588,2025-11-14 00:54:06.738588,2
407.2,79.2,59913975673,59913975673,Teal,N/A,200.0,200.0,2025-11-14 00:54:06.740875,2025-11-14 00:54:06.740875,2
408.2,79.2,59913975674,59913975674,Beige,N/A,200.0,200.0,2025-11-14 00:54:06.740875,2025-11-14 00:54:06.740875,2
409.2,79.2,59913975675,59913975675,Lavender,N/A,198.0,198.0,2025-11-14 00:54:06.740875,2025-11-14 00:54:06.740875,2
410.2,80.2,12706851078,12706851078,Base Product,N/A,394.0,395.0,2025-11-14 00:54:06.743023,2025-11-14 00:54:06.743023,2
411.2,81.2,15949821605,15949821605,Base Product,N/A,394.0,395.0,2025-11-14 00:54:06.744807,2025-11-14 00:54:06.744807,2
412.2,82.2,43915446422,43915446422,Base Product,N/A,395.0,395.0,2025-11-14 00:54:06.746881,2025-11-14 00:54:06.746881,2
413.2,83.2,11130461258,11130461258,Base Product,N/A,350.0,350.0,2025-11-14 00:54:06.749245,2025-11-14 00:54:06.749245,2
414.2,84.2,38264414541,SHHD,Shangrila,N/A,180.0,180.0,2025-11-14 00:54:06.751227,2025-11-14 00:54:06.751227,2
415.2,84.2,212646073153,BGHD,Bubble Gum,N/A,180.0,180.0,2025-11-14 00:54:06.751227,2025-11-14 00:54:06.751227,2
416.2,84.2,137161751018,FLHD,Fresh Linen,N/A,180.0,180.0,2025-11-14 00:54:06.751227,2025-11-14 00:54:06.751227,2
417.2,84.2,137161751021,MCHD,Melon Cucumber,N/A,180.0,180.0,2025-11-14 00:54:06.751227,2025-11-14 00:54:06.751227,2
418.2,84.2,137161751017,CHBHD,Cherry Blossom,N/A,150.0,150.0,2025-11-14 00:54:06.751227,2025-11-14 00:54:06.751227,2
419.2,84.2,105168521089,EUCHD,Eucalyptus,N/A,180.0,180.0,2025-11-14 00:54:06.751227,2025-11-14 00:54:06.751227,2
420.2,84.2,162346171932,BRKHD,Barako,N/A,180.0,180.0,2025-11-14 00:54:06.751227,2025-11-14 00:54:06.751227,2
421.2,84.2,38264414540,BHD,Fresh Bamboo,N/A,180.0,180.0,2025-11-14 00:54:06.751227,2025-11-14 00:54:06.751227,2
422.2,84.2,175239356202,175239356202,Marriott,N/A,180.0,180.0,2025-11-14 00:54:06.751227,2025-11-14 00:54:06.751227,2
423.2,84.2,38264414542,WTHD,White Tea,N/A,180.0,180.0,2025-11-14 00:54:06.751227,2025-11-14 00:54:06.751227,2
424.2,84.2,252955612357,252955612357,Green Tea by EA,N/A,180.0,180.0,2025-11-14 00:54:06.751227,2025-11-14 00:54:06.751227,2
425.2,84.2,38264414539,OHD,Okada,N/A,180.0,180.0,2025-11-14 00:54:06.751227,2025-11-14 00:54:06.751227,2
426.2,84.2,38264414543,COFHD,Coffee,N/A,180.0,180.0,2025-11-14 00:54:06.751227,2025-11-14 00:54:06.751227,2
427.2,84.2,137161751023,CBHD,Cotton Blossom,N/A,180.0,180.0,2025-11-14 00:54:06.751227,2025-11-14 00:54:06.751227,2
428.2,84.2,137161751022,CITHD,Citronella,N/A,180.0,180.0,2025-11-14 00:54:06.751227,2025-11-14 00:54:06.751227,2
429.2,84.2,137161751019,CWHD,Cool Water,N/A,180.0,180.0,2025-11-14 00:54:06.751227,2025-11-14 00:54:06.751227,2
430.2,84.2,137161751020,LAVHD,Lavender,N/A,180.0,180.0,2025-11-14 00:54:06.751227,2025-11-14 00:54:06.751227,2
431.2,84.2,162346171933,MSQHD,Marine Squash,N/A,180.0,180.0,2025-11-14 00:54:06.751227,2025-11-14 00:54:06.751227,2
432.2,84.2,105168521088,PHD,Peppermint,N/A,179.0,179.0,2025-11-14 00:54:06.751227,2025-11-14 00:54:06.751227,2
433.2,85.2,29633640915,29633640915,"Black, 20pcs",N/A,120.0,120.0,2025-11-14 00:54:06.753699,2025-11-14 00:54:06.753699,2
434.2,85.2,306865722748,306865722748,"Brown/Natural, 5pcs",N/A,40.0,40.0,2025-11-14 00:54:06.753699,2025-11-14 00:54:06.753699,2
435.2,85.2,306865722749,306865722749,"Brown/Natural, 10pcs",N/A,80.0,80.0,2025-11-14 00:54:06.753699,2025-11-14 00:54:06.753699,2
436.2,85.2,306865722750,306865722750,"Brown/Natural, 20pcs",N/A,120.0,120.0,2025-11-14 00:54:06.753699,2025-11-14 00:54:06.753699,2
437.2,85.2,306865722751,306865722751,"Black, 5pcs",N/A,40.0,40.0,2025-11-14 00:54:06.753699,2025-11-14 00:54:06.753699,2
438.2,85.2,29633640914,29633640914,"Black, 10pcs",N/A,80.0,80.0,2025-11-14 00:54:06.753699,2025-11-14 00:54:06.753699,2
439.2,86.2,62876526619,62876526619,"Shangri, La",100mL,100.0,100.0,2025-11-14 00:54:06.756167,2025-11-14 00:54:06.756167,2
440.2,86.2,91831429207,91831429207,Bamboo,100mL,100.0,100.0,2025-11-14 00:54:06.756167,2025-11-14 00:54:06.756167,2
441.2,86.2,91831429208,91831429208,Peppermint,100mL,100.0,100.0,2025-11-14 00:54:06.756167,2025-11-14 00:54:06.756167,2
442.2,86.2,91847123130,91847123130,Okada,100mL,100.0,100.0,2025-11-14 00:54:06.756167,2025-11-14 00:54:06.756167,2
443.2,86.2,62876526617,62876526617,Marriott,100mL,100.0,100.0,2025-11-14 00:54:06.756167,2025-11-14 00:54:06.756167,2
444.2,86.2,62876526618,62876526618,Solaire,100mL,100.0,100.0,2025-11-14 00:54:06.756167,2025-11-14 00:54:06.756167,2
445.2,87.2,257229121669,257229121669,Shangrila,250ml,295.0,295.0,2025-11-14 00:54:06.758346,2025-11-14 00:54:06.758346,2
446.2,87.2,257229121670,257229121670,Lavender,250ml,295.0,295.0,2025-11-14 00:54:06.758346,2025-11-14 00:54:06.758346,2
447.2,87.2,257229121671,257229121671,Nectarine,250ml,295.0,295.0,2025-11-14 00:54:06.758346,2025-11-14 00:54:06.758346,2
448.2,87.2,257229121672,257229121672,Cherry Blossom,250ml,295.0,295.0,2025-11-14 00:54:06.758346,2025-11-14 00:54:06.758346,2
449.2,87.2,257229121673,257229121673,White Tea,250ml,295.0,295.0,2025-11-14 00:54:06.758346,2025-11-14 00:54:06.758346,2
450.2,87.2,306538174691,306538174691,Fresh Bamboo,250ml,295.0,295.0,2025-11-14 00:54:06.758346,2025-11-14 00:54:06.758346,2
451.2,88.2,24563211022,24563211022,Base Product,N/A,35.0,35.0,2025-11-14 00:54:06.760890,2025-11-14 00:54:06.760890,2
452.2,89.2,14087729456,14087729456,Base Product,N/A,649.0,649.0,2025-11-14 00:54:06.763011,2025-11-14 00:54:06.763011,2
453.2,90.2,10126443491,10126443491,Base Product,N/A,385.0,385.0,2025-11-14 00:54:06.765233,2025-11-14 00:54:06.765233,2
454.2,91.2,13808348767,13808348767,Base Product,N/A,365.0,365.0,2025-11-14 00:54:06.767283,2025-11-14 00:54:06.767283,2
455.2,92.2,24970906364,24970906364,Base Product,N/A,350.0,350.0,2025-11-14 00:54:06.769060,2025-11-14 00:54:06.769060,2
456.2,93.2,6772995515,6772995515,Base Product,N/A,395.0,395.0,2025-11-14 00:54:06.771455,2025-11-14 00:54:06.771455,2
457.2,94.2,8872137642,8872137642,Base Product,N/A,394.0,395.0,2025-11-14 00:54:06.773529,2025-11-14 00:54:06.773529,2
458.2,95.2,220234307707,220234307707,Melon Cucumber,1L with Pump,260.0,260.0,2025-11-14 00:54:06.775489,2025-11-14 00:54:06.775489,2
459.2,95.2,220234307711,220234307711,Melon Cucumber,1L Refill (No Pump),220.0,220.0,2025-11-14 00:54:06.775489,2025-11-14 00:54:06.775489,2
460.2,95.2,220234307709,220234307709,Lavender,1L Refill (No Pump),220.0,220.0,2025-11-14 00:54:06.775489,2025-11-14 00:54:06.775489,2
461.2,95.2,220234307706,220234307706,Lavender,500mL with Pump,150.0,150.0,2025-11-14 00:54:06.775489,2025-11-14 00:54:06.775489,2
462.2,95.2,220234307714,220234307714,Sweet Pea,1L Refill (No Pump),220.0,220.0,2025-11-14 00:54:06.775489,2025-11-14 00:54:06.775489,2
463.2,95.2,220234307710,220234307710,Lavender,1L with Pump,260.0,260.0,2025-11-14 00:54:06.775489,2025-11-14 00:54:06.775489,2
464.2,95.2,220234307713,220234307713,Green Apple,1L Refill (No Pump),220.0,220.0,2025-11-14 00:54:06.775489,2025-11-14 00:54:06.775489,2
465.2,95.2,220234307703,220234307703,Melon Cucumber,500mL with Pump,150.0,150.0,2025-11-14 00:54:06.775489,2025-11-14 00:54:06.775489,2
466.2,95.2,220234307700,220234307700,Green Apple,1L with Pump,260.0,260.0,2025-11-14 00:54:06.775489,2025-11-14 00:54:06.775489,2
467.2,95.2,220234307715,220234307715,Green Apple,500mL with Pump,150.0,150.0,2025-11-14 00:54:06.775489,2025-11-14 00:54:06.775489,2
468.2,95.2,220234307708,220234307708,White Tea,500mL with Pump,150.0,150.0,2025-11-14 00:54:06.775489,2025-11-14 00:54:06.775489,2
469.2,95.2,220234307705,220234307705,Lemon,500mL with Pump,150.0,150.0,2025-11-14 00:54:06.775489,2025-11-14 00:54:06.775489,2
470.2,95.2,220234307712,220234307712,Lemon,1L Refill (No Pump),220.0,220.0,2025-11-14 00:54:06.775489,2025-11-14 00:54:06.775489,2
471.2,95.2,220234307704,220234307704,Lemon,1L with Pump,260.0,260.0,2025-11-14 00:54:06.775489,2025-11-14 00:54:06.775489,2
472.2,95.2,220234307716,220234307716,White Tea,1L with Pump,260.0,260.0,2025-11-14 00:54:06.775489,2025-11-14 00:54:06.775489,2
473.2,95.2,220234307701,220234307701,White Tea,1L Refill (No Pump),220.0,220.0,2025-11-14 00:54:06.775489,2025-11-14 00:54:06.775489,2
474.2,95.2,220234307717,220234307717,Sweet Pea,1L with Pump,260.0,260.0,2025-11-14 00:54:06.775489,2025-11-14 00:54:06.775489,2
475.2,95.2,220234307702,220234307702,Sweet Pea,500mL with Pump,150.0,150.0,2025-11-14 00:54:06.775489,2025-11-14 00:54:06.775489,2
476.2,96.2,20272724048,20272724048,Base Product,N/A,395.0,395.0,2025-11-14 00:54:06.778648,2025-11-14 00:54:06.778648,2
477.2,97.2,10115007398,10115007398,Base Product,N/A,700.0,700.0,2025-11-14 00:54:06.780733,2025-11-14 00:54:06.780733,2
478.2,98.2,38264414541,SHHD,Shangrila,N/A,180.0,180.0,2025-11-14 00:54:06.782766,2025-11-14 00:54:06.782766,2
479.2,98.2,212646073153,BGHD,Bubble Gum,N/A,180.0,180.0,2025-11-14 00:54:06.782766,2025-11-14 00:54:06.782766,2
480.2,98.2,137161751018,FLHD,Fresh Linen,N/A,180.0,180.0,2025-11-14 00:54:06.782766,2025-11-14 00:54:06.782766,2
481.2,98.2,137161751021,MCHD,Melon Cucumber,N/A,180.0,180.0,2025-11-14 00:54:06.782766,2025-11-14 00:54:06.782766,2
482.2,98.2,137161751017,CHBHD,Cherry Blossom,N/A,150.0,150.0,2025-11-14 00:54:06.782766,2025-11-14 00:54:06.782766,2
483.2,98.2,105168521089,EUCHD,Eucalyptus,N/A,180.0,180.0,2025-11-14 00:54:06.782766,2025-11-14 00:54:06.782766,2
484.2,98.2,162346171932,BRKHD,Barako,N/A,180.0,180.0,2025-11-14 00:54:06.782766,2025-11-14 00:54:06.782766,2
485.2,98.2,38264414540,BHD,Fresh Bamboo,N/A,180.0,180.0,2025-11-14 00:54:06.782766,2025-11-14 00:54:06.782766,2
486.2,98.2,175239356202,175239356202,Marriott,N/A,180.0,180.0,2025-11-14 00:54:06.782766,2025-11-14 00:54:06.782766,2
487.2,98.2,38264414542,WTHD,White Tea,N/A,180.0,180.0,2025-11-14 00:54:06.782766,2025-11-14 00:54:06.782766,2
488.2,98.2,252955612357,252955612357,Green Tea by EA,N/A,180.0,180.0,2025-11-14 00:54:06.782766,2025-11-14 00:54:06.782766,2
489.2,98.2,38264414539,OHD,Okada,N/A,180.0,180.0,2025-11-14 00:54:06.782766,2025-11-14 00:54:06.782766,2
490.2,98.2,38264414543,COFHD,Coffee,N/A,180.0,180.0,2025-11-14 00:54:06.782766,2025-11-14 00:54:06.782766,2
491.2,98.2,137161751023,CBHD,Cotton Blossom,N/A,180.0,180.0,2025-11-14 00:54:06.782766,2025-11-14 00:54:06.782766,2
492.2,98.2,137161751022,CITHD,Citronella,N/A,180.0,180.0,2025-11-14 00:54:06.782766,2025-11-14 00:54:06.782766,2
493.2,98.2,137161751019,CWHD,Cool Water,N/A,180.0,180.0,2025-11-14 00:54:06.782766,2025-11-14 00:54:06.782766,2
494.2,98.2,137161751020,LAVHD,Lavender,N/A,180.0,180.0,2025-11-14 00:54:06.782766,2025-11-14 00:54:06.782766,2
495.2,98.2,162346171933,MSQHD,Marine Squash,N/A,180.0,180.0,2025-11-14 00:54:06.782766,2025-11-14 00:54:06.782766,2
496.2,98.2,105168521088,PHD,Peppermint,N/A,179.0,179.0,2025-11-14 00:54:06.782766,2025-11-14 00:54:06.782766,2
497.2,99.2,40460773114,40460773114,Base Product,N/A,5.0,5.0,2025-11-14 00:54:06.784978,2025-11-14 00:54:06.784978,2
498.2,100.2,40715325508,40715325508,Base Product,N/A,395.0,395.0,2025-11-14 00:54:06.787539,2025-11-14 00:54:06.787539,2
499.2,101.2,275672569892,275672569892,White Tea,100mL,890.0,890.0,2025-11-14 00:54:06.791100,2025-11-14 00:54:06.791100,2
500.2,101.2,253612495151,253612495151,Bamboo,15mL,298.0,298.0,2025-11-14 00:54:06.791100,2025-11-14 00:54:06.791100,2
501.2,101.2,253612495150,253612495150,Shangrila,100mL,890.0,890.0,2025-11-14 00:54:06.791100,2025-11-14 00:54:06.791100,2
502.2,101.2,275672569890,275672569890,Conrad,100mL,890.0,890.0,2025-11-14 00:54:06.791100,2025-11-14 00:54:06.791100,2
503.2,101.2,275672569893,275672569893,Peppermint,15mL,298.0,298.0,2025-11-14 00:54:06.791100,2025-11-14 00:54:06.791100,2
504.2,101.2,275672569896,275672569896,Eucalyptus,100mL,890.0,890.0,2025-11-14 00:54:06.791100,2025-11-14 00:54:06.791100,2
505.2,101.2,275672569895,275672569895,Eucalyptus,15mL,298.0,298.0,2025-11-14 00:54:06.791100,2025-11-14 00:54:06.791100,2
506.2,101.2,253612495153,253612495153,Okada,15mL,298.0,298.0,2025-11-14 00:54:06.791100,2025-11-14 00:54:06.791100,2
507.2,101.2,253612495160,253612495160,Matcha,100mL,890.0,890.0,2025-11-14 00:54:06.791100,2025-11-14 00:54:06.791100,2
508.2,101.2,253612495149,253612495149,Shangrila,15mL,298.0,298.0,2025-11-14 00:54:06.791100,2025-11-14 00:54:06.791100,2
509.2,101.2,253612495157,253612495157,Green Tea by EA,15mL,298.0,298.0,2025-11-14 00:54:06.791100,2025-11-14 00:54:06.791100,2
510.2,101.2,253612495155,253612495155,Marriott,15mL,298.0,298.0,2025-11-14 00:54:06.791100,2025-11-14 00:54:06.791100,2
511.2,101.2,253612495152,253612495152,Bamboo,100mL,890.0,890.0,2025-11-14 00:54:06.791100,2025-11-14 00:54:06.791100,2
512.2,101.2,275672569889,275672569889,Conrad,15mL,298.0,298.0,2025-11-14 00:54:06.791100,2025-11-14 00:54:06.791100,2
513.2,101.2,253612495156,253612495156,Marriott,100mL,890.0,890.0,2025-11-14 00:54:06.791100,2025-11-14 00:54:06.791100,2
514.2,101.2,253612495162,253612495162,Solaire,100mL,890.0,890.0,2025-11-14 00:54:06.791100,2025-11-14 00:54:06.791100,2
515.2,101.2,275672569891,275672569891,White Tea,15mL,298.0,298.0,2025-11-14 00:54:06.791100,2025-11-14 00:54:06.791100,2
516.2,101.2,253612495154,253612495154,Okada,100mL,890.0,890.0,2025-11-14 00:54:06.791100,2025-11-14 00:54:06.791100,2
517.2,101.2,275672569894,275672569894,Peppermint,100mL,890.0,890.0,2025-11-14 00:54:06.791100,2025-11-14 00:54:06.791100,2
518.2,101.2,253612495161,253612495161,Solaire,15mL,298.0,298.0,2025-11-14 00:54:06.791100,2025-11-14 00:54:06.791100,2
519.2,101.2,253612495159,253612495159,Matcha,15mL,298.0,298.0,2025-11-14 00:54:06.791100,2025-11-14 00:54:06.791100,2
520.2,101.2,253612495158,253612495158,Green Tea by EA,100mL,890.0,890.0,2025-11-14 00:54:06.791100,2025-11-14 00:54:06.791100,2
521.2,102.2,43915446422,43915446422,Base Product,N/A,395.0,395.0,2025-11-14 00:54:06.793437,2025-11-14 00:54:06.793437,2
522.2,103.2,257229121669,257229121669,Shangrila,250ml,295.0,295.0,2025-11-14 00:54:06.795435,2025-11-14 00:54:06.795435,2
523.2,103.2,257229121670,257229121670,Lavender,250ml,295.0,295.0,2025-11-14 00:54:06.795435,2025-11-14 00:54:06.795435,2
524.2,103.2,257229121671,257229121671,Nectarine,250ml,295.0,295.0,2025-11-14 00:54:06.795435,2025-11-14 00:54:06.795435,2
525.2,103.2,257229121672,257229121672,Cherry Blossom,250ml,295.0,295.0,2025-11-14 00:54:06.795435,2025-11-14 00:54:06.795435,2
526.2,103.2,257229121673,257229121673,White Tea,250ml,295.0,295.0,2025-11-14 00:54:06.795435,2025-11-14 00:54:06.795435,2
527.2,103.2,306538174691,306538174691,Fresh Bamboo,250ml,295.0,295.0,2025-11-14 00:54:06.795435,2025-11-14 00:54:06.795435,2
528.2,104.2,120622682496,120622682496,SOLAIRE,N/A,395.0,395.0,2025-11-14 00:54:06.797634,2025-11-14 00:54:06.797634,2
529.2,104.2,226798285570,226798285570,LAKESHORE,N/A,395.0,395.0,2025-11-14 00:54:06.797634,2025-11-14 00:54:06.797634,2
530.2,104.2,120622682500,120622682500,OKADA,N/A,394.0,395.0,2025-11-14 00:54:06.797634,2025-11-14 00:54:06.797634,2
531.2,104.2,120622682494,120622682494,BAMBOO,N/A,395.0,395.0,2025-11-14 00:54:06.797634,2025-11-14 00:54:06.797634,2
532.2,104.2,120622682498,120622682498,FRESH LINEN,N/A,395.0,395.0,2025-11-14 00:54:06.797634,2025-11-14 00:54:06.797634,2
533.2,104.2,120622682497,120622682497,PEPPERMINT,N/A,395.0,395.0,2025-11-14 00:54:06.797634,2025-11-14 00:54:06.797634,2
534.2,104.2,27889369721,27889369721,GREENTEA,N/A,395.0,395.0,2025-11-14 00:54:06.797634,2025-11-14 00:54:06.797634,2
535.2,104.2,120622682502,120622682502,SHANGRILA,N/A,395.0,395.0,2025-11-14 00:54:06.797634,2025-11-14 00:54:06.797634,2
536.2,104.2,226798285569,226798285569,NECTARINE,N/A,395.0,395.0,2025-11-14 00:54:06.797634,2025-11-14 00:54:06.797634,2
537.2,104.2,120622682503,120622682503,MARINE SQUASH,N/A,395.0,395.0,2025-11-14 00:54:06.797634,2025-11-14 00:54:06.797634,2
538.2,104.2,120622682501,120622682501,CONRAD,N/A,395.0,395.0,2025-11-14 00:54:06.797634,2025-11-14 00:54:06.797634,2
539.2,104.2,120622682505,120622682505,GRAPEFRUIT,N/A,395.0,395.0,2025-11-14 00:54:06.797634,2025-11-14 00:54:06.797634,2
540.2,104.2,120622682504,120622682504,WHITE TEA,N/A,395.0,395.0,2025-11-14 00:54:06.797634,2025-11-14 00:54:06.797634,2
541.2,104.2,120622682495,120622682495,MARRIOTT,N/A,395.0,395.0,2025-11-14 00:54:06.797634,2025-11-14 00:54:06.797634,2
542.2,104.2,120622682499,120622682499,EUCALYPTUS,N/A,395.0,395.0,2025-11-14 00:54:06.797634,2025-11-14 00:54:06.797634,2
543.2,105.2,11130461258,11130461258,Base Product,N/A,350.0,350.0,2025-11-14 00:54:06.799497,2025-11-14 00:54:06.799497,2
544.2,106.2,24970906364,24970906364,Base Product,N/A,350.0,350.0,2025-11-14 00:54:06.801560,2025-11-14 00:54:06.801560,2
545.2,107.2,8074718541,8074718541,Base Product,N/A,395.0,395.0,2025-11-14 00:54:06.803504,2025-11-14 00:54:06.803504,2
546.2,108.2,41565317225,41565317225,Base Product,N/A,395.0,395.0,2025-11-14 00:54:06.805236,2025-11-14 00:54:06.805236,2
547.2,109.2,29633640915,29633640915,"Black, 20pcs",N/A,120.0,120.0,2025-11-14 00:54:06.807081,2025-11-14 00:54:06.807081,2
548.2,109.2,306865722748,306865722748,"Brown/Natural, 5pcs",N/A,40.0,40.0,2025-11-14 00:54:06.807081,2025-11-14 00:54:06.807081,2
549.2,109.2,306865722749,306865722749,"Brown/Natural, 10pcs",N/A,80.0,80.0,2025-11-14 00:54:06.807081,2025-11-14 00:54:06.807081,2
550.2,109.2,306865722750,306865722750,"Brown/Natural, 20pcs",N/A,120.0,120.0,2025-11-14 00:54:06.807081,2025-11-14 00:54:06.807081,2
551.2,109.2,306865722751,306865722751,"Black, 5pcs",N/A,40.0,40.0,2025-11-14 00:54:06.807081,2025-11-14 00:54:06.807081,2
552.2,109.2,29633640914,29633640914,"Black, 10pcs",N/A,80.0,80.0,2025-11-14 00:54:06.807081,2025-11-14 00:54:06.807081,2
553.2,110.2,8863231191,8863231191,Base Product,N/A,393.0,395.0,2025-11-14 00:54:06.809149,2025-11-14 00:54:06.809149,2
554.2,111.2,15949821605,15949821605,Base Product,N/A,394.0,395.0,2025-11-14 00:54:06.810889,2025-11-14 00:54:06.810889,2
555.2,112.2,13808348767,13808348767,Base Product,N/A,365.0,365.0,2025-11-14 00:54:06.812593,2025-11-14 00:54:06.812593,2
556.2,113.2,80454474894,80454474894,"Shangri, La",1000mL (1L),393.0,395.0,2025-11-14 00:54:06.814622,2025-11-14 00:54:06.814622,2
557.2,114.2,8857702981,8857702981,Base Product,N/A,395.0,395.0,2025-11-14 00:54:06.816566,2025-11-14 00:54:06.816566,2
558.2,115.2,9540916930,9540916930,Base Product,N/A,395.0,395.0,2025-11-14 00:54:06.818346,2025-11-14 00:54:06.818346,2
559.2,116.2,11020948637,11020948637,Base Product,N/A,395.0,395.0,2025-11-14 00:54:06.820052,2025-11-14 00:54:06.820052,2
560.2,117.2,24563211022,24563211022,Base Product,N/A,35.0,35.0,2025-11-14 00:54:06.821719,2025-11-14 00:54:06.821719,2
561.2,118.2,28604224516,28604224516,Base Product,N/A,380.0,380.0,2025-11-14 00:54:06.823441,2025-11-14 00:54:06.823441,2
562.2,119.2,8872137642,8872137642,Base Product,N/A,394.0,395.0,2025-11-14 00:54:06.825471,2025-11-14 00:54:06.825471,2
563.2,120.2,62876526619,62876526619,"Shangri, La",100mL,100.0,100.0,2025-11-14 00:54:06.827452,2025-11-14 00:54:06.827452,2
564.2,120.2,91831429207,91831429207,Bamboo,100mL,100.0,100.0,2025-11-14 00:54:06.827452,2025-11-14 00:54:06.827452,2
565.2,120.2,91831429208,91831429208,Peppermint,100mL,100.0,100.0,2025-11-14 00:54:06.827452,2025-11-14 00:54:06.827452,2
566.2,120.2,91847123130,91847123130,Okada,100mL,100.0,100.0,2025-11-14 00:54:06.827452,2025-11-14 00:54:06.827452,2
567.2,120.2,62876526617,62876526617,Marriott,100mL,100.0,100.0,2025-11-14 00:54:06.827452,2025-11-14 00:54:06.827452,2
568.2,120.2,62876526618,62876526618,Solaire,100mL,100.0,100.0,2025-11-14 00:54:06.827452,2025-11-14 00:54:06.827452,2
569.2,121.2,10711435960,10711435960,Base Product,N/A,393.0,395.0,2025-11-14 00:54:06.829287,2025-11-14 00:54:06.829287,2
570.2,122.2,6772995515,6772995515,Base Product,N/A,395.0,395.0,2025-11-14 00:54:06.831110,2025-11-14 00:54:06.831110,2
571.2,123.2,22978519620,22978519620,Base Product,N/A,395.0,395.0,2025-11-14 00:54:06.833158,2025-11-14 00:54:06.833158,2
572.2,124.2,227921852362,227921852362,Marriott,N/A,890.0,890.0,2025-11-14 00:54:06.834941,2025-11-14 00:54:06.834941,2
573.2,124.2,227921852363,227921852363,Okada,N/A,890.0,890.0,2025-11-14 00:54:06.834941,2025-11-14 00:54:06.834941,2
574.2,124.2,227921852364,227921852364,Green Tea,N/A,890.0,890.0,2025-11-14 00:54:06.834941,2025-11-14 00:54:06.834941,2
575.2,124.2,208608608344,208608608344,Solaire,N/A,890.0,890.0,2025-11-14 00:54:06.834941,2025-11-14 00:54:06.834941,2
576.2,124.2,227921852360,227921852360,Shangrila,N/A,890.0,890.0,2025-11-14 00:54:06.834941,2025-11-14 00:54:06.834941,2
577.2,124.2,227921852361,227921852361,Fresh Bamboo,N/A,890.0,890.0,2025-11-14 00:54:06.834941,2025-11-14 00:54:06.834941,2
578.2,125.2,8106980080,8106980080,Base Product,N/A,394.0,395.0,2025-11-14 00:54:06.836701,2025-11-14 00:54:06.836701,2
579.2,126.2,168123761245,w180,60s (180pcs),N/A,289.0,289.0,2025-11-14 00:54:06.838698,2025-11-14 00:54:06.838698,2
580.2,126.2,168123761246,w90,30s (90pcs),N/A,210.0,210.0,2025-11-14 00:54:06.838698,2025-11-14 00:54:06.838698,2
581.2,127.2,28482713306,28482713306,Base Product,N/A,394.0,395.0,2025-11-14 00:54:06.840667,2025-11-14 00:54:06.840667,2
582.2,128.2,24570916273,COPA.35,Base Product,N/A,130.0,130.0,2025-11-14 00:54:06.842369,2025-11-14 00:54:06.842369,2
583.2,129.2,24070911495,24070911495,Base Product,N/A,180.0,180.0,2025-11-14 00:54:06.844292,2025-11-14 00:54:06.844292,2
584.2,130.2,20272724048,20272724048,Base Product,N/A,395.0,395.0,2025-11-14 00:54:06.846166,2025-11-14 00:54:06.846166,2
585.2,131.2,24532932414,24532932414,Base Product,N/A,380.0,380.0,2025-11-14 00:54:06.848145,2025-11-14 00:54:06.848145,2
586.2,132.2,2994461147,2994461147,Base Product,N/A,393.0,395.0,2025-11-14 00:54:06.850262,2025-11-14 00:54:06.850262,2
587.2,133.2,43458733175,43458733175,Base Product,N/A,690.0,690.0,2025-11-14 00:54:06.852280,2025-11-14 00:54:06.852280,2
588.2,134.2,10126443491,10126443491,Base Product,N/A,385.0,385.0,2025-11-14 00:54:06.854051,2025-11-14 00:54:06.854051,2
589.2,135.2,9274362526,9274362526,Base Product,N/A,350.0,350.0,2025-11-14 00:54:06.855980,2025-11-14 00:54:06.855980,2
590.2,136.2,220234307707,220234307707,Melon Cucumber,1L with Pump,260.0,260.0,2025-11-14 00:54:06.857865,2025-11-14 00:54:06.857865,2
591.2,136.2,220234307711,220234307711,Melon Cucumber,1L Refill (No Pump),220.0,220.0,2025-11-14 00:54:06.857865,2025-11-14 00:54:06.857865,2
592.2,136.2,220234307709,220234307709,Lavender,1L Refill (No Pump),220.0,220.0,2025-11-14 00:54:06.857865,2025-11-14 00:54:06.857865,2
593.2,136.2,220234307706,220234307706,Lavender,500mL with Pump,150.0,150.0,2025-11-14 00:54:06.857865,2025-11-14 00:54:06.857865,2
594.2,136.2,220234307714,220234307714,Sweet Pea,1L Refill (No Pump),220.0,220.0,2025-11-14 00:54:06.857865,2025-11-14 00:54:06.857865,2
595.2,136.2,220234307710,220234307710,Lavender,1L with Pump,260.0,260.0,2025-11-14 00:54:06.857865,2025-11-14 00:54:06.857865,2
596.2,136.2,220234307713,220234307713,Green Apple,1L Refill (No Pump),220.0,220.0,2025-11-14 00:54:06.857865,2025-11-14 00:54:06.857865,2
597.2,136.2,220234307703,220234307703,Melon Cucumber,500mL with Pump,150.0,150.0,2025-11-14 00:54:06.857865,2025-11-14 00:54:06.857865,2
598.2,136.2,220234307700,220234307700,Green Apple,1L with Pump,260.0,260.0,2025-11-14 00:54:06.857865,2025-11-14 00:54:06.857865,2
599.2,136.2,220234307715,220234307715,Green Apple,500mL with Pump,150.0,150.0,2025-11-14 00:54:06.857865,2025-11-14 00:54:06.857865,2
600.2,136.2,220234307708,220234307708,White Tea,500mL with Pump,150.0,150.0,2025-11-14 00:54:06.857865,2025-11-14 00:54:06.857865,2
601.2,136.2,220234307705,220234307705,Lemon,500mL with Pump,150.0,150.0,2025-11-14 00:54:06.857865,2025-11-14 00:54:06.857865,2
602.2,136.2,220234307712,220234307712,Lemon,1L Refill (No Pump),220.0,220.0,2025-11-14 00:54:06.857865,2025-11-14 00:54:06.857865,2
603.2,136.2,220234307704,220234307704,Lemon,1L with Pump,260.0,260.0,2025-11-14 00:54:06.857865,2025-11-14 00:54:06.857865,2
604.2,136.2,220234307716,220234307716,White Tea,1L with Pump,260.0,260.0,2025-11-14 00:54:06.857865,2025-11-14 00:54:06.857865,2
605.2,136.2,220234307701,220234307701,White Tea,1L Refill (No Pump),220.0,220.0,2025-11-14 00:54:06.857865,2025-11-14 00:54:06.857865,2
606.2,136.2,220234307717,220234307717,Sweet Pea,1L with Pump,260.0,260.0,2025-11-14 00:54:06.857865,2025-11-14 00:54:06.857865,2
607.2,136.2,220234307702,220234307702,Sweet Pea,500mL with Pump,150.0,150.0,2025-11-14 00:54:06.857865,2025-11-14 00:54:06.857865,2
608.2,137.2,245320833001,245320833001,Lavender,N/A,1280.0,1280.0,2025-11-14 00:54:06.859694,2025-11-14 00:54:06.859694,2
609.2,137.2,245320832994,245320832994,Fresh Bamboo,N/A,1280.0,1280.0,2025-11-14 00:54:06.859694,2025-11-14 00:54:06.859694,2
610.2,137.2,245320833009,245320833009,White Tea,N/A,1280.0,1280.0,2025-11-14 00:54:06.859694,2025-11-14 00:54:06.859694,2
611.2,137.2,226548236453,226548236453,Nectarine,N/A,1280.0,1280.0,2025-11-14 00:54:06.859694,2025-11-14 00:54:06.859694,2
612.2,137.2,245320833000,245320833000,Citronella,N/A,1280.0,1280.0,2025-11-14 00:54:06.859694,2025-11-14 00:54:06.859694,2
613.2,137.2,245320832997,245320832997,Conrad,N/A,1280.0,1280.0,2025-11-14 00:54:06.859694,2025-11-14 00:54:06.859694,2
614.2,137.2,245320833006,245320833006,Cherry Blossom,N/A,1280.0,1280.0,2025-11-14 00:54:06.859694,2025-11-14 00:54:06.859694,2
615.2,137.2,226548236454,226548236454,Peninsula,N/A,1280.0,1280.0,2025-11-14 00:54:06.859694,2025-11-14 00:54:06.859694,2
616.2,137.2,245320832996,245320832996,Marriott,N/A,1280.0,1280.0,2025-11-14 00:54:06.859694,2025-11-14 00:54:06.859694,2
617.2,137.2,245320833003,245320833003,Solaire,N/A,1280.0,1280.0,2025-11-14 00:54:06.859694,2025-11-14 00:54:06.859694,2
618.2,137.2,245320833008,245320833008,Matcha Green Tea,N/A,1280.0,1280.0,2025-11-14 00:54:06.859694,2025-11-14 00:54:06.859694,2
619.2,137.2,245320833005,245320833005,Cotton Blossom,N/A,1280.0,1280.0,2025-11-14 00:54:06.859694,2025-11-14 00:54:06.859694,2
620.2,137.2,245320832999,245320832999,Eucalyptus,N/A,1280.0,1280.0,2025-11-14 00:54:06.859694,2025-11-14 00:54:06.859694,2
621.2,137.2,245320833002,245320833002,3lizabeth Ard3n (GT),N/A,1280.0,1280.0,2025-11-14 00:54:06.859694,2025-11-14 00:54:06.859694,2
622.2,137.2,245320833007,245320833007,Melon Cucumber,N/A,1280.0,1280.0,2025-11-14 00:54:06.859694,2025-11-14 00:54:06.859694,2
623.2,137.2,245320832993,245320832993,Shangrila,N/A,1280.0,1280.0,2025-11-14 00:54:06.859694,2025-11-14 00:54:06.859694,2
624.2,137.2,245320832998,245320832998,Peppermint,N/A,1280.0,1280.0,2025-11-14 00:54:06.859694,2025-11-14 00:54:06.859694,2
625.2,137.2,245320832995,245320832995,Okada,N/A,1280.0,1280.0,2025-11-14 00:54:06.859694,2025-11-14 00:54:06.859694,2
626.2,137.2,245320833004,245320833004,Fresh Linen,N/A,1280.0,1280.0,2025-11-14 00:54:06.859694,2025-11-14 00:54:06.859694,2
627.2,138.2,59913975673,59913975673,Teal,N/A,200.0,200.0,2025-11-14 00:54:06.861660,2025-11-14 00:54:06.861660,2
628.2,138.2,59913975674,59913975674,Beige,N/A,200.0,200.0,2025-11-14 00:54:06.861660,2025-11-14 00:54:06.861660,2
629.2,138.2,59913975675,59913975675,Lavender,N/A,198.0,198.0,2025-11-14 00:54:06.861660,2025-11-14 00:54:06.861660,2
630.2,139.2,222968780906,222968780906,Nectarine,100mL,890.0,890.0,2025-11-14 00:54:06.864020,2025-11-14 00:54:06.864020,2
631.2,139.2,204203312894,RDO100,Okada,100mL,890.0,890.0,2025-11-14 00:54:06.864020,2025-11-14 00:54:06.864020,2
632.2,139.2,222968780904,222968780904,Lakeshore,100mL,890.0,890.0,2025-11-14 00:54:06.864020,2025-11-14 00:54:06.864020,2
633.2,139.2,204203312889,RDM50,Marriott,50mL,499.0,499.0,2025-11-14 00:54:06.864020,2025-11-14 00:54:06.864020,2
634.2,139.2,204203312896,RDB100,Fresh Bamboo,100mL,890.0,890.0,2025-11-14 00:54:06.864020,2025-11-14 00:54:06.864020,2
635.2,139.2,204203312885,RDSH100,"Shangri, la",100mL,890.0,890.0,2025-11-14 00:54:06.864020,2025-11-14 00:54:06.864020,2
636.2,139.2,204203312890,RDSOL100,Solaire,100mL,890.0,890.0,2025-11-14 00:54:06.864020,2025-11-14 00:54:06.864020,2
637.2,139.2,204203312902,RDM100,Marriott,100mL,890.0,890.0,2025-11-14 00:54:06.864020,2025-11-14 00:54:06.864020,2
638.2,139.2,222968780905,222968780905,Nectarine,50mL,499.0,499.0,2025-11-14 00:54:06.864020,2025-11-14 00:54:06.864020,2
639.2,139.2,204203312887,RDCHB50,Cherry Blossom,50mL,499.0,499.0,2025-11-14 00:54:06.864020,2025-11-14 00:54:06.864020,2
640.2,139.2,204203312886,RDO50,Okada,50mL,499.0,499.0,2025-11-14 00:54:06.864020,2025-11-14 00:54:06.864020,2
641.2,139.2,204203312897,RDSOL50,Solaire,50mL,499.0,499.0,2025-11-14 00:54:06.864020,2025-11-14 00:54:06.864020,2
642.2,139.2,204203312895,RDB50,Fresh Bamboo,50mL,499.0,499.0,2025-11-14 00:54:06.864020,2025-11-14 00:54:06.864020,2
643.2,139.2,204203312899,RDWT100,White Tea,100mL,890.0,890.0,2025-11-14 00:54:06.864020,2025-11-14 00:54:06.864020,2
644.2,139.2,204203312900,RDGT100,Green Tea,100mL,890.0,890.0,2025-11-14 00:54:06.864020,2025-11-14 00:54:06.864020,2
645.2,139.2,226056945131,226056945131,Eucalyptus,50mL,499.0,499.0,2025-11-14 00:54:06.864020,2025-11-14 00:54:06.864020,2
646.2,139.2,195334285698,195334285698,Irish,100mL,890.0,890.0,2025-11-14 00:54:06.864020,2025-11-14 00:54:06.864020,2
647.2,139.2,204203312892,RDCON50,Conrad,50mL,499.0,499.0,2025-11-14 00:54:06.864020,2025-11-14 00:54:06.864020,2
648.2,139.2,226056945132,226056945132,Eucalyptus,100mL,890.0,890.0,2025-11-14 00:54:06.864020,2025-11-14 00:54:06.864020,2
649.2,139.2,226056945130,226056945130,Peppermint,100mL,890.0,890.0,2025-11-14 00:54:06.864020,2025-11-14 00:54:06.864020,2
650.2,139.2,226056945129,226056945129,Peppermint,50mL,499.0,499.0,2025-11-14 00:54:06.864020,2025-11-14 00:54:06.864020,2
651.2,139.2,204203312888,RDWT50,White Tea,50mL,499.0,499.0,2025-11-14 00:54:06.864020,2025-11-14 00:54:06.864020,2
652.2,139.2,195334285697,195334285697,Irish,50mL,499.0,499.0,2025-11-14 00:54:06.864020,2025-11-14 00:54:06.864020,2
653.2,139.2,204203312901,RDCON100,Conrad,100mL,890.0,890.0,2025-11-14 00:54:06.864020,2025-11-14 00:54:06.864020,2
654.2,139.2,204203312893,RDSH50,"Shangri, la",50mL,499.0,499.0,2025-11-14 00:54:06.864020,2025-11-14 00:54:06.864020,2
655.2,139.2,204203312891,RDGT50,Green Tea,50mL,499.0,499.0,2025-11-14 00:54:06.864020,2025-11-14 00:54:06.864020,2
656.2,139.2,204203312898,RDCHB100,Cherry Blossom,100mL,890.0,890.0,2025-11-14 00:54:06.864020,2025-11-14 00:54:06.864020,2
657.2,139.2,217630727512,217630727512,Lakeshore,50mL,499.0,499.0,2025-11-14 00:54:06.864020,2025-11-14 00:54:06.864020,2
658.2,140.2,25170906640,25170906640,Base Product,N/A,210.0,210.0,2025-11-14 00:54:06.866116,2025-11-14 00:54:06.866116,2
659.2,141.2,14087729456,14087729456,Base Product,N/A,649.0,649.0,2025-11-14 00:54:06.868844,2025-11-14 00:54:06.868844,2
660.2,142.2,12706851078,12706851078,Base Product,N/A,394.0,395.0,2025-11-14 00:54:06.871002,2025-11-14 00:54:06.871002,2
661.2,143.2,7193623275,7193623275,Base Product,N/A,395.0,395.0,2025-11-14 00:54:06.873140,2025-11-14 00:54:06.873140,2
662.2,144.2,25851471279,25851471279,Base Product,N/A,450.0,450.0,2025-11-14 00:54:06.876198,2025-11-14 00:54:06.876198,2
663.2,145.2,275672569892,275672569892,White Tea,100mL,890.0,890.0,2025-11-14 00:54:06.878281,2025-11-14 00:54:06.878281,2
664.2,145.2,253612495151,253612495151,Bamboo,15mL,298.0,298.0,2025-11-14 00:54:06.878281,2025-11-14 00:54:06.878281,2
665.2,145.2,253612495150,253612495150,Shangrila,100mL,890.0,890.0,2025-11-14 00:54:06.878281,2025-11-14 00:54:06.878281,2
666.2,145.2,275672569890,275672569890,Conrad,100mL,890.0,890.0,2025-11-14 00:54:06.878281,2025-11-14 00:54:06.878281,2
667.2,145.2,275672569893,275672569893,Peppermint,15mL,298.0,298.0,2025-11-14 00:54:06.878281,2025-11-14 00:54:06.878281,2
668.2,145.2,275672569896,275672569896,Eucalyptus,100mL,890.0,890.0,2025-11-14 00:54:06.878281,2025-11-14 00:54:06.878281,2
669.2,145.2,275672569895,275672569895,Eucalyptus,15mL,298.0,298.0,2025-11-14 00:54:06.878281,2025-11-14 00:54:06.878281,2
670.2,145.2,253612495153,253612495153,Okada,15mL,298.0,298.0,2025-11-14 00:54:06.878281,2025-11-14 00:54:06.878281,2
671.2,145.2,253612495160,253612495160,Matcha,100mL,890.0,890.0,2025-11-14 00:54:06.878281,2025-11-14 00:54:06.878281,2
672.2,145.2,253612495149,253612495149,Shangrila,15mL,298.0,298.0,2025-11-14 00:54:06.878281,2025-11-14 00:54:06.878281,2
673.2,145.2,253612495157,253612495157,Green Tea by EA,15mL,298.0,298.0,2025-11-14 00:54:06.878281,2025-11-14 00:54:06.878281,2
674.2,145.2,253612495155,253612495155,Marriott,15mL,298.0,298.0,2025-11-14 00:54:06.878281,2025-11-14 00:54:06.878281,2
675.2,145.2,253612495152,253612495152,Bamboo,100mL,890.0,890.0,2025-11-14 00:54:06.878281,2025-11-14 00:54:06.878281,2
676.2,145.2,275672569889,275672569889,Conrad,15mL,298.0,298.0,2025-11-14 00:54:06.878281,2025-11-14 00:54:06.878281,2
677.2,145.2,253612495156,253612495156,Marriott,100mL,890.0,890.0,2025-11-14 00:54:06.878281,2025-11-14 00:54:06.878281,2
678.2,145.2,253612495162,253612495162,Solaire,100mL,890.0,890.0,2025-11-14 00:54:06.878281,2025-11-14 00:54:06.878281,2
679.2,145.2,275672569891,275672569891,White Tea,15mL,298.0,298.0,2025-11-14 00:54:06.878281,2025-11-14 00:54:06.878281,2
680.2,145.2,253612495154,253612495154,Okada,100mL,890.0,890.0,2025-11-14 00:54:06.878281,2025-11-14 00:54:06.878281,2
681.2,145.2,275672569894,275672569894,Peppermint,100mL,890.0,890.0,2025-11-14 00:54:06.878281,2025-11-14 00:54:06.878281,2
682.2,145.2,253612495161,253612495161,Solaire,15mL,298.0,298.0,2025-11-14 00:54:06.878281,2025-11-14 00:54:06.878281,2
683.2,145.2,253612495159,253612495159,Matcha,15mL,298.0,298.0,2025-11-14 00:54:06.878281,2025-11-14 00:54:06.878281,2
684.2,145.2,253612495158,253612495158,Green Tea by EA,100mL,890.0,890.0,2025-11-14 00:54:06.878281,2025-11-14 00:54:06.878281,2
685.2,146.2,59913975673,59913975673,Teal,N/A,200.0,200.0,2025-11-14 00:54:06.882058,2025-11-14 00:54:06.882058,2
686.2,146.2,59913975674,59913975674,Beige,N/A,200.0,200.0,2025-11-14 00:54:06.882058,2025-11-14 00:54:06.882058,2
687.2,146.2,59913975675,59913975675,Lavender,N/A,198.0,198.0,2025-11-14 00:54:06.882058,2025-11-14 00:54:06.882058,2
688.2,147.2,29633640915,29633640915,"Black, 20pcs",N/A,120.0,120.0,2025-11-14 00:54:06.884054,2025-11-14 00:54:06.884054,2
689.2,147.2,306865722748,306865722748,"Brown/Natural, 5pcs",N/A,40.0,40.0,2025-11-14 00:54:06.884054,2025-11-14 00:54:06.884054,2
690.2,147.2,306865722749,306865722749,"Brown/Natural, 10pcs",N/A,80.0,80.0,2025-11-14 00:54:06.884054,2025-11-14 00:54:06.884054,2
691.2,147.2,306865722750,306865722750,"Brown/Natural, 20pcs",N/A,120.0,120.0,2025-11-14 00:54:06.884054,2025-11-14 00:54:06.884054,2
692.2,147.2,306865722751,306865722751,"Black, 5pcs",N/A,40.0,40.0,2025-11-14 00:54:06.884054,2025-11-14 00:54:06.884054,2
693.2,147.2,29633640914,29633640914,"Black, 10pcs",N/A,80.0,80.0,2025-11-14 00:54:06.884054,2025-11-14 00:54:06.884054,2
694.2,148.2,43458733175,43458733175,Base Product,N/A,690.0,690.0,2025-11-14 00:54:06.886392,2025-11-14 00:54:06.886392,2
695.2,149.2,222968780906,222968780906,Nectarine,100mL,890.0,890.0,2025-11-14 00:54:06.888766,2025-11-14 00:54:06.888766,2
696.2,149.2,204203312894,RDO100,Okada,100mL,890.0,890.0,2025-11-14 00:54:06.888766,2025-11-14 00:54:06.888766,2
697.2,149.2,222968780904,222968780904,Lakeshore,100mL,890.0,890.0,2025-11-14 00:54:06.888766,2025-11-14 00:54:06.888766,2
698.2,149.2,204203312889,RDM50,Marriott,50mL,499.0,499.0,2025-11-14 00:54:06.888766,2025-11-14 00:54:06.888766,2
699.2,149.2,204203312896,RDB100,Fresh Bamboo,100mL,890.0,890.0,2025-11-14 00:54:06.888766,2025-11-14 00:54:06.888766,2
700.2,149.2,204203312885,RDSH100,"Shangri, la",100mL,890.0,890.0,2025-11-14 00:54:06.888766,2025-11-14 00:54:06.888766,2
701.2,149.2,204203312890,RDSOL100,Solaire,100mL,890.0,890.0,2025-11-14 00:54:06.888766,2025-11-14 00:54:06.888766,2
702.2,149.2,204203312902,RDM100,Marriott,100mL,890.0,890.0,2025-11-14 00:54:06.888766,2025-11-14 00:54:06.888766,2
703.2,149.2,222968780905,222968780905,Nectarine,50mL,499.0,499.0,2025-11-14 00:54:06.888766,2025-11-14 00:54:06.888766,2
704.2,149.2,204203312887,RDCHB50,Cherry Blossom,50mL,499.0,499.0,2025-11-14 00:54:06.888766,2025-11-14 00:54:06.888766,2
705.2,149.2,204203312886,RDO50,Okada,50mL,499.0,499.0,2025-11-14 00:54:06.888766,2025-11-14 00:54:06.888766,2
706.2,149.2,204203312897,RDSOL50,Solaire,50mL,499.0,499.0,2025-11-14 00:54:06.888766,2025-11-14 00:54:06.888766,2
707.2,149.2,204203312895,RDB50,Fresh Bamboo,50mL,499.0,499.0,2025-11-14 00:54:06.888766,2025-11-14 00:54:06.888766,2
708.2,149.2,204203312899,RDWT100,White Tea,100mL,890.0,890.0,2025-11-14 00:54:06.888766,2025-11-14 00:54:06.888766,2
709.2,149.2,204203312900,RDGT100,Green Tea,100mL,890.0,890.0,2025-11-14 00:54:06.888766,2025-11-14 00:54:06.888766,2
710.2,149.2,226056945131,226056945131,Eucalyptus,50mL,499.0,499.0,2025-11-14 00:54:06.888766,2025-11-14 00:54:06.888766,2
711.2,149.2,195334285698,195334285698,Irish,100mL,890.0,890.0,2025-11-14 00:54:06.888766,2025-11-14 00:54:06.888766,2
712.2,149.2,204203312892,RDCON50,Conrad,50mL,499.0,499.0,2025-11-14 00:54:06.888766,2025-11-14 00:54:06.888766,2
713.2,149.2,226056945132,226056945132,Eucalyptus,100mL,890.0,890.0,2025-11-14 00:54:06.888766,2025-11-14 00:54:06.888766,2
714.2,149.2,226056945130,226056945130,Peppermint,100mL,890.0,890.0,2025-11-14 00:54:06.888766,2025-11-14 00:54:06.888766,2
715.2,149.2,226056945129,226056945129,Peppermint,50mL,499.0,499.0,2025-11-14 00:54:06.888766,2025-11-14 00:54:06.888766,2
716.2,149.2,204203312888,RDWT50,White Tea,50mL,499.0,499.0,2025-11-14 00:54:06.888766,2025-11-14 00:54:06.888766,2
717.2,149.2,195334285697,195334285697,Irish,50mL,499.0,499.0,2025-11-14 00:54:06.888766,2025-11-14 00:54:06.888766,2
718.2,149.2,204203312901,RDCON100,Conrad,100mL,890.0,890.0,2025-11-14 00:54:06.888766,2025-11-14 00:54:06.888766,2
719.2,149.2,204203312893,RDSH50,"Shangri, la",50mL,499.0,499.0,2025-11-14 00:54:06.888766,2025-11-14 00:54:06.888766,2
720.2,149.2,204203312891,RDGT50,Green Tea,50mL,499.0,499.0,2025-11-14 00:54:06.888766,2025-11-14 00:54:06.888766,2
721.2,149.2,204203312898,RDCHB100,Cherry Blossom,100mL,890.0,890.0,2025-11-14 00:54:06.888766,2025-11-14 00:54:06.888766,2
722.2,149.2,217630727512,217630727512,Lakeshore,50mL,499.0,499.0,2025-11-14 00:54:06.888766,2025-11-14 00:54:06.888766,2
723.2,150.2,245320833001,245320833001,Lavender,N/A,1280.0,1280.0,2025-11-14 00:54:06.891133,2025-11-14 00:54:06.891133,2
724.2,150.2,245320832994,245320832994,Fresh Bamboo,N/A,1280.0,1280.0,2025-11-14 00:54:06.891133,2025-11-14 00:54:06.891133,2
725.2,150.2,245320833009,245320833009,White Tea,N/A,1280.0,1280.0,2025-11-14 00:54:06.891133,2025-11-14 00:54:06.891133,2
726.2,150.2,226548236453,226548236453,Nectarine,N/A,1280.0,1280.0,2025-11-14 00:54:06.891133,2025-11-14 00:54:06.891133,2
727.2,150.2,245320833000,245320833000,Citronella,N/A,1280.0,1280.0,2025-11-14 00:54:06.891133,2025-11-14 00:54:06.891133,2
728.2,150.2,245320832997,245320832997,Conrad,N/A,1280.0,1280.0,2025-11-14 00:54:06.891133,2025-11-14 00:54:06.891133,2
729.2,150.2,245320833006,245320833006,Cherry Blossom,N/A,1280.0,1280.0,2025-11-14 00:54:06.891133,2025-11-14 00:54:06.891133,2
730.2,150.2,226548236454,226548236454,Peninsula,N/A,1280.0,1280.0,2025-11-14 00:54:06.891133,2025-11-14 00:54:06.891133,2
731.2,150.2,245320832996,245320832996,Marriott,N/A,1280.0,1280.0,2025-11-14 00:54:06.891133,2025-11-14 00:54:06.891133,2
732.2,150.2,245320833003,245320833003,Solaire,N/A,1280.0,1280.0,2025-11-14 00:54:06.891133,2025-11-14 00:54:06.891133,2
733.2,150.2,245320833008,245320833008,Matcha Green Tea,N/A,1280.0,1280.0,2025-11-14 00:54:06.891133,2025-11-14 00:54:06.891133,2
734.2,150.2,245320833005,245320833005,Cotton Blossom,N/A,1280.0,1280.0,2025-11-14 00:54:06.891133,2025-11-14 00:54:06.891133,2
735.2,150.2,245320832999,245320832999,Eucalyptus,N/A,1280.0,1280.0,2025-11-14 00:54:06.891133,2025-11-14 00:54:06.891133,2
736.2,150.2,245320833002,245320833002,3lizabeth Ard3n (GT),N/A,1280.0,1280.0,2025-11-14 00:54:06.891133,2025-11-14 00:54:06.891133,2
737.2,150.2,245320833007,245320833007,Melon Cucumber,N/A,1280.0,1280.0,2025-11-14 00:54:06.891133,2025-11-14 00:54:06.891133,2
738.2,150.2,245320832993,245320832993,Shangrila,N/A,1280.0,1280.0,2025-11-14 00:54:06.891133,2025-11-14 00:54:06.891133,2
739.2,150.2,245320832998,245320832998,Peppermint,N/A,1280.0,1280.0,2025-11-14 00:54:06.891133,2025-11-14 00:54:06.891133,2
740.2,150.2,245320832995,245320832995,Okada,N/A,1280.0,1280.0,2025-11-14 00:54:06.891133,2025-11-14 00:54:06.891133,2
741.2,150.2,245320833004,245320833004,Fresh Linen,N/A,1280.0,1280.0,2025-11-14 00:54:06.891133,2025-11-14 00:54:06.891133,2
742.2,151.2,8872137642,8872137642,Base Product,N/A,394.0,395.0,2025-11-14 00:54:06.894468,2025-11-14 00:54:06.894468,2
743.2,152.2,62876526619,62876526619,"Shangri, La",100mL,100.0,100.0,2025-11-14 00:54:06.897324,2025-11-14 00:54:06.897324,2
744.2,152.2,91831429207,91831429207,Bamboo,100mL,100.0,100.0,2025-11-14 00:54:06.897324,2025-11-14 00:54:06.897324,2
745.2,152.2,91831429208,91831429208,Peppermint,100mL,100.0,100.0,2025-11-14 00:54:06.897324,2025-11-14 00:54:06.897324,2
746.2,152.2,91847123130,91847123130,Okada,100mL,100.0,100.0,2025-11-14 00:54:06.897324,2025-11-14 00:54:06.897324,2
747.2,152.2,62876526617,62876526617,Marriott,100mL,100.0,100.0,2025-11-14 00:54:06.897324,2025-11-14 00:54:06.897324,2
748.2,152.2,62876526618,62876526618,Solaire,100mL,100.0,100.0,2025-11-14 00:54:06.897324,2025-11-14 00:54:06.897324,2
749.2,153.2,43915446422,43915446422,Base Product,N/A,395.0,395.0,2025-11-14 00:54:06.899994,2025-11-14 00:54:06.899994,2
750.2,154.2,8857702981,8857702981,Base Product,N/A,395.0,395.0,2025-11-14 00:54:06.902178,2025-11-14 00:54:06.902178,2
751.2,155.2,24070911495,24070911495,Base Product,N/A,180.0,180.0,2025-11-14 00:54:06.904174,2025-11-14 00:54:06.904174,2
752.2,156.2,227921852362,227921852362,Marriott,N/A,890.0,890.0,2025-11-14 00:54:06.906206,2025-11-14 00:54:06.906206,2
753.2,156.2,227921852363,227921852363,Okada,N/A,890.0,890.0,2025-11-14 00:54:06.906206,2025-11-14 00:54:06.906206,2
754.2,156.2,227921852364,227921852364,Green Tea,N/A,890.0,890.0,2025-11-14 00:54:06.906206,2025-11-14 00:54:06.906206,2
755.2,156.2,208608608344,208608608344,Solaire,N/A,890.0,890.0,2025-11-14 00:54:06.906206,2025-11-14 00:54:06.906206,2
756.2,156.2,227921852360,227921852360,Shangrila,N/A,890.0,890.0,2025-11-14 00:54:06.906206,2025-11-14 00:54:06.906206,2
757.2,156.2,227921852361,227921852361,Fresh Bamboo,N/A,890.0,890.0,2025-11-14 00:54:06.906206,2025-11-14 00:54:06.906206,2
758.2,157.2,15949821605,15949821605,Base Product,N/A,394.0,395.0,2025-11-14 00:54:06.907980,2025-11-14 00:54:06.907980,2
759.2,158.2,25851471279,25851471279,Base Product,N/A,450.0,450.0,2025-11-14 00:54:06.910126,2025-11-14 00:54:06.910126,2
760.2,159.2,9274362526,9274362526,Base Product,N/A,350.0,350.0,2025-11-14 00:54:06.913396,2025-11-14 00:54:06.913396,2
761.2,160.2,38264414541,SHHD,Shangrila,N/A,180.0,180.0,2025-11-14 00:54:06.916570,2025-11-14 00:54:06.916570,2
762.2,160.2,212646073153,BGHD,Bubble Gum,N/A,180.0,180.0,2025-11-14 00:54:06.916570,2025-11-14 00:54:06.916570,2
763.2,160.2,137161751018,FLHD,Fresh Linen,N/A,180.0,180.0,2025-11-14 00:54:06.916570,2025-11-14 00:54:06.916570,2
764.2,160.2,137161751021,MCHD,Melon Cucumber,N/A,180.0,180.0,2025-11-14 00:54:06.916570,2025-11-14 00:54:06.916570,2
765.2,160.2,137161751017,CHBHD,Cherry Blossom,N/A,150.0,150.0,2025-11-14 00:54:06.916570,2025-11-14 00:54:06.916570,2
766.2,160.2,105168521089,EUCHD,Eucalyptus,N/A,180.0,180.0,2025-11-14 00:54:06.916570,2025-11-14 00:54:06.916570,2
767.2,160.2,162346171932,BRKHD,Barako,N/A,180.0,180.0,2025-11-14 00:54:06.916570,2025-11-14 00:54:06.916570,2
768.2,160.2,38264414540,BHD,Fresh Bamboo,N/A,180.0,180.0,2025-11-14 00:54:06.916570,2025-11-14 00:54:06.916570,2
769.2,160.2,175239356202,175239356202,Marriott,N/A,180.0,180.0,2025-11-14 00:54:06.916570,2025-11-14 00:54:06.916570,2
770.2,160.2,38264414542,WTHD,White Tea,N/A,180.0,180.0,2025-11-14 00:54:06.916570,2025-11-14 00:54:06.916570,2
771.2,160.2,252955612357,252955612357,Green Tea by EA,N/A,180.0,180.0,2025-11-14 00:54:06.916570,2025-11-14 00:54:06.916570,2
772.2,160.2,38264414539,OHD,Okada,N/A,180.0,180.0,2025-11-14 00:54:06.916570,2025-11-14 00:54:06.916570,2
773.2,160.2,38264414543,COFHD,Coffee,N/A,180.0,180.0,2025-11-14 00:54:06.916570,2025-11-14 00:54:06.916570,2
774.2,160.2,137161751023,CBHD,Cotton Blossom,N/A,180.0,180.0,2025-11-14 00:54:06.916570,2025-11-14 00:54:06.916570,2
775.2,160.2,137161751022,CITHD,Citronella,N/A,180.0,180.0,2025-11-14 00:54:06.916570,2025-11-14 00:54:06.916570,2
776.2,160.2,137161751019,CWHD,Cool Water,N/A,180.0,180.0,2025-11-14 00:54:06.916570,2025-11-14 00:54:06.916570,2
777.2,160.2,137161751020,LAVHD,Lavender,N/A,180.0,180.0,2025-11-14 00:54:06.916570,2025-11-14 00:54:06.916570,2
778.2,160.2,162346171933,MSQHD,Marine Squash,N/A,180.0,180.0,2025-11-14 00:54:06.916570,2025-11-14 00:54:06.916570,2
779.2,160.2,105168521088,PHD,Peppermint,N/A,179.0,179.0,2025-11-14 00:54:06.916570,2025-11-14 00:54:06.916570,2
780.2,161.2,10126443491,10126443491,Base Product,N/A,385.0,385.0,2025-11-14 00:54:06.920011,2025-11-14 00:54:06.920011,2
781.2,162.2,257229121669,257229121669,Shangrila,250ml,295.0,295.0,2025-11-14 00:54:06.923298,2025-11-14 00:54:06.923298,2
782.2,162.2,257229121670,257229121670,Lavender,250ml,295.0,295.0,2025-11-14 00:54:06.923298,2025-11-14 00:54:06.923298,2
783.2,162.2,257229121671,257229121671,Nectarine,250ml,295.0,295.0,2025-11-14 00:54:06.923298,2025-11-14 00:54:06.923298,2
784.2,162.2,257229121672,257229121672,Cherry Blossom,250ml,295.0,295.0,2025-11-14 00:54:06.923298,2025-11-14 00:54:06.923298,2
785.2,162.2,257229121673,257229121673,White Tea,250ml,295.0,295.0,2025-11-14 00:54:06.923298,2025-11-14 00:54:06.923298,2
786.2,162.2,306538174691,306538174691,Fresh Bamboo,250ml,295.0,295.0,2025-11-14 00:54:06.923298,2025-11-14 00:54:06.923298,2
787.2,163.2,14087729456,14087729456,Base Product,N/A,649.0,649.0,2025-11-14 00:54:06.925771,2025-11-14 00:54:06.925771,2
788.2,164.2,6772995515,6772995515,Base Product,N/A,395.0,395.0,2025-11-14 00:54:06.927843,2025-11-14 00:54:06.927843,2
789.2,165.2,13808348767,13808348767,Base Product,N/A,365.0,365.0,2025-11-14 00:54:06.930156,2025-11-14 00:54:06.930156,2
790.2,166.2,168123761245,w180,60s (180pcs),N/A,289.0,289.0,2025-11-14 00:54:06.932289,2025-11-14 00:54:06.932289,2
791.2,166.2,168123761246,w90,30s (90pcs),N/A,210.0,210.0,2025-11-14 00:54:06.932289,2025-11-14 00:54:06.932289,2
792.2,167.2,80454474894,80454474894,"Shangri, La",1000mL (1L),393.0,395.0,2025-11-14 00:54:06.934914,2025-11-14 00:54:06.934914,2
793.2,168.2,8074718541,8074718541,Base Product,N/A,395.0,395.0,2025-11-14 00:54:06.937565,2025-11-14 00:54:06.937565,2
794.2,169.2,22978519620,22978519620,Base Product,N/A,395.0,395.0,2025-11-14 00:54:06.941106,2025-11-14 00:54:06.941106,2
795.2,170.2,28604224516,28604224516,Base Product,N/A,380.0,380.0,2025-11-14 00:54:06.944450,2025-11-14 00:54:06.944450,2
796.2,171.2,41565317225,41565317225,Base Product,N/A,395.0,395.0,2025-11-14 00:54:06.948133,2025-11-14 00:54:06.948133,2
797.2,172.2,11130461258,11130461258,Base Product,N/A,350.0,350.0,2025-11-14 00:54:06.951211,2025-11-14 00:54:06.951211,2
798.2,173.2,8106980080,8106980080,Base Product,N/A,394.0,395.0,2025-11-14 00:54:06.954414,2025-11-14 00:54:06.954414,2
799.2,174.2,40460773114,40460773114,Base Product,N/A,5.0,5.0,2025-11-14 00:54:06.956479,2025-11-14 00:54:06.956479,2
800.2,175.2,2994461147,2994461147,Base Product,N/A,393.0,395.0,2025-11-14 00:54:06.959215,2025-11-14 00:54:06.959215,2
801.2,176.2,24570916273,COPA.35,Base Product,N/A,130.0,130.0,2025-11-14 00:54:06.961419,2025-11-14 00:54:06.961419,2
802.2,177.2,40715325508,40715325508,Base Product,N/A,395.0,395.0,2025-11-14 00:54:06.963469,2025-11-14 00:54:06.963469,2
803.2,178.2,24970906364,24970906364,Base Product,N/A,350.0,350.0,2025-11-14 00:54:06.966570,2025-11-14 00:54:06.966570,2
804.2,179.2,20272724048,20272724048,Base Product,N/A,395.0,395.0,2025-11-14 00:54:06.968892,2025-11-14 00:54:06.968892,2
805.2,180.2,220234307707,220234307707,Melon Cucumber,1L with Pump,260.0,260.0,2025-11-14 00:54:06.970934,2025-11-14 00:54:06.970934,2
806.2,180.2,220234307711,220234307711,Melon Cucumber,1L Refill (No Pump),220.0,220.0,2025-11-14 00:54:06.970934,2025-11-14 00:54:06.970934,2
807.2,180.2,220234307709,220234307709,Lavender,1L Refill (No Pump),220.0,220.0,2025-11-14 00:54:06.970934,2025-11-14 00:54:06.970934,2
808.2,180.2,220234307706,220234307706,Lavender,500mL with Pump,150.0,150.0,2025-11-14 00:54:06.970934,2025-11-14 00:54:06.970934,2
809.2,180.2,220234307714,220234307714,Sweet Pea,1L Refill (No Pump),220.0,220.0,2025-11-14 00:54:06.970934,2025-11-14 00:54:06.970934,2
810.2,180.2,220234307710,220234307710,Lavender,1L with Pump,260.0,260.0,2025-11-14 00:54:06.970934,2025-11-14 00:54:06.970934,2
811.2,180.2,220234307713,220234307713,Green Apple,1L Refill (No Pump),220.0,220.0,2025-11-14 00:54:06.970934,2025-11-14 00:54:06.970934,2
812.2,180.2,220234307703,220234307703,Melon Cucumber,500mL with Pump,150.0,150.0,2025-11-14 00:54:06.970934,2025-11-14 00:54:06.970934,2
813.2,180.2,220234307700,220234307700,Green Apple,1L with Pump,260.0,260.0,2025-11-14 00:54:06.970934,2025-11-14 00:54:06.970934,2
814.2,180.2,220234307715,220234307715,Green Apple,500mL with Pump,150.0,150.0,2025-11-14 00:54:06.970934,2025-11-14 00:54:06.970934,2
815.2,180.2,220234307708,220234307708,White Tea,500mL with Pump,150.0,150.0,2025-11-14 00:54:06.970934,2025-11-14 00:54:06.970934,2
816.2,180.2,220234307705,220234307705,Lemon,500mL with Pump,150.0,150.0,2025-11-14 00:54:06.970934,2025-11-14 00:54:06.970934,2
817.2,180.2,220234307712,220234307712,Lemon,1L Refill (No Pump),220.0,220.0,2025-11-14 00:54:06.970934,2025-11-14 00:54:06.970934,2
818.2,180.2,220234307704,220234307704,Lemon,1L with Pump,260.0,260.0,2025-11-14 00:54:06.970934,2025-11-14 00:54:06.970934,2
819.2,180.2,220234307716,220234307716,White Tea,1L with Pump,260.0,260.0,2025-11-14 00:54:06.970934,2025-11-14 00:54:06.970934,2
820.2,180.2,220234307701,220234307701,White Tea,1L Refill (No Pump),220.0,220.0,2025-11-14 00:54:06.970934,2025-11-14 00:54:06.970934,2
821.2,180.2,220234307717,220234307717,Sweet Pea,1L with Pump,260.0,260.0,2025-11-14 00:54:06.970934,2025-11-14 00:54:06.970934,2
822.2,180.2,220234307702,220234307702,Sweet Pea,500mL with Pump,150.0,150.0,2025-11-14 00:54:06.970934,2025-11-14 00:54:06.970934,2
823.2,181.2,11020948637,11020948637,Base Product,N/A,395.0,395.0,2025-11-14 00:54:06.973719,2025-11-14 00:54:06.973719,2
824.2,182.2,7193623275,7193623275,Base Product,N/A,395.0,395.0,2025-11-14 00:54:06.975578,2025-11-14 00:54:06.975578,2
825.2,183.2,10115007398,10115007398,Base Product,N/A,700.0,700.0,2025-11-14 00:54:06.977731,2025-11-14 00:54:06.977731,2
826.2,184.2,24532932414,24532932414,Base Product,N/A,380.0,380.0,2025-11-14 00:54:06.979618,2025-11-14 00:54:06.979618,2
827.2,185.2,24563211022,24563211022,Base Product,N/A,35.0,35.0,2025-11-14 00:54:06.981501,2025-11-14 00:54:06.981501,2
828.2,186.2,28482713306,28482713306,Base Product,N/A,394.0,395.0,2025-11-14 00:54:06.984010,2025-11-14 00:54:06.984010,2
829.2,187.2,12706851078,12706851078,Base Product,N/A,394.0,395.0,2025-11-14 00:54:06.985838,2025-11-14 00:54:06.985838,2
830.2,188.2,8863231191,8863231191,Base Product,N/A,393.0,395.0,2025-11-14 00:54:06.988163,2025-11-14 00:54:06.988163,2
831.2,189.2,25170906640,25170906640,Base Product,N/A,210.0,210.0,2025-11-14 00:54:06.992143,2025-11-14 00:54:06.992143,2
832.2,190.2,10711435960,10711435960,Base Product,N/A,393.0,395.0,2025-11-14 00:54:06.995277,2025-11-14 00:54:06.995277,2
833.2,191.2,9540916930,9540916930,Base Product,N/A,395.0,395.0,2025-11-14 00:54:06.997732,2025-11-14 00:54:06.997732,2
834.2,192.2,120622682496,120622682496,SOLAIRE,N/A,395.0,395.0,2025-11-14 00:54:06.999654,2025-11-14 00:54:06.999654,2
835.2,192.2,226798285570,226798285570,LAKESHORE,N/A,395.0,395.0,2025-11-14 00:54:06.999654,2025-11-14 00:54:06.999654,2
836.2,192.2,120622682500,120622682500,OKADA,N/A,394.0,395.0,2025-11-14 00:54:06.999654,2025-11-14 00:54:06.999654,2
837.2,192.2,120622682494,120622682494,BAMBOO,N/A,395.0,395.0,2025-11-14 00:54:06.999654,2025-11-14 00:54:06.999654,2
838.2,192.2,120622682498,120622682498,FRESH LINEN,N/A,395.0,395.0,2025-11-14 00:54:06.999654,2025-11-14 00:54:06.999654,2
839.2,192.2,120622682497,120622682497,PEPPERMINT,N/A,395.0,395.0,2025-11-14 00:54:06.999654,2025-11-14 00:54:06.999654,2
840.2,192.2,27889369721,27889369721,GREENTEA,N/A,395.0,395.0,2025-11-14 00:54:06.999654,2025-11-14 00:54:06.999654,2
841.2,192.2,120622682502,120622682502,SHANGRILA,N/A,395.0,395.0,2025-11-14 00:54:06.999654,2025-11-14 00:54:06.999654,2
842.2,192.2,226798285569,226798285569,NECTARINE,N/A,395.0,395.0,2025-11-14 00:54:06.999654,2025-11-14 00:54:06.999654,2
843.2,192.2,120622682503,120622682503,MARINE SQUASH,N/A,395.0,395.0,2025-11-14 00:54:06.999654,2025-11-14 00:54:06.999654,2
844.2,192.2,120622682501,120622682501,CONRAD,N/A,395.0,395.0,2025-11-14 00:54:06.999654,2025-11-14 00:54:06.999654,2
845.2,192.2,120622682505,120622682505,GRAPEFRUIT,N/A,395.0,395.0,2025-11-14 00:54:06.999654,2025-11-14 00:54:06.999654,2
846.2,192.2,120622682504,120622682504,WHITE TEA,N/A,395.0,395.0,2025-11-14 00:54:06.999654,2025-11-14 00:54:06.999654,2
847.2,192.2,120622682495,120622682495,MARRIOTT,N/A,395.0,395.0,2025-11-14 00:54:06.999654,2025-11-14 00:54:06.999654,2
848.2,192.2,120622682499,120622682499,EUCALYPTUS,N/A,395.0,395.0,2025-11-14 00:54:06.999654,2025-11-14 00:54:06.999654,2
849.2,193.2,109111643031,109111643031,Base Product,N/A,,,2025-11-14 00:54:10.156033,2025-11-14 00:54:10.156033,2
850.2,194.2,109111643032,109111643032,Base Product,N/A,,,2025-11-14 00:54:10.156033,2025-11-14 00:54:10.156033,2
851.2,195.2,13008369961,13008369961,Base Product,N/A,,,2025-11-14 00:54:10.156033,2025-11-14 00:54:10.156033,2
852.2,196.2,148793818697,148793818697,Base Product,N/A,,,2025-11-14 00:54:10.156033,2025-11-14 00:54:10.156033,2
853.2,197.2,148793818698,148793818698,Base Product,N/A,,,2025-11-14 00:54:10.156033,2025-11-14 00:54:10.156033,2
854.2,198.2,148793818699,148793818699,Base Product,N/A,,,2025-11-14 00:54:10.156033,2025-11-14 00:54:10.156033,2
855.2,199.2,148793818700,148793818700,Base Product,N/A,,,2025-11-14 00:54:10.156033,2025-11-14 00:54:10.156033,2
856.2,200.2,148793818701,148793818701,Base Product,N/A,,,2025-11-14 00:54:10.156033,2025-11-14 00:54:10.156033,2
857.2,201.2,148793818703,148793818703,Base Product,N/A,,,2025-11-14 00:54:10.156033,2025-11-14 00:54:10.156033,2
858.2,202.2,148793818704,148793818704,Base Product,N/A,,,2025-11-14 00:54:10.156033,2025-11-14 00:54:10.156033,2
859.2,203.2,148793818705,148793818705,Base Product,N/A,,,2025-11-14 00:54:10.156033,2025-11-14 00:54:10.156033,2
860.2,204.2,163564128848,163564128848,Base Product,N/A,,,2025-11-14 00:54:10.156033,2025-11-14 00:54:10.156033,2
861.2,205.2,163564128849,163564128849,Base Product,N/A,,,2025-11-14 00:54:10.156033,2025-11-14 00:54:10.156033,2
862.2,206.2,163564128850,163564128850,Base Product,N/A,,,2025-11-14 00:54:10.156033,2025-11-14 00:54:10.156033,2
863.2,207.2,163950200085,163950200085,Base Product,N/A,,,2025-11-14 00:54:10.156033,2025-11-14 00:54:10.156033,2
864.2,208.2,163950200086,163950200086,Base Product,N/A,,,2025-11-14 00:54:10.156033,2025-11-14 00:54:10.156033,2
865.2,209.2,163950200087,163950200087,Base Product,N/A,,,2025-11-14 00:54:10.156033,2025-11-14 00:54:10.156033,2
866.2,210.2,181071975609,181071975609,Base Product,N/A,,,2025-11-14 00:54:10.156033,2025-11-14 00:54:10.156033,2
867.2,211.2,181071975610,181071975610,Base Product,N/A,,,2025-11-14 00:54:10.156033,2025-11-14 00:54:10.156033,2
868.2,212.2,181071975611,181071975611,Base Product,N/A,,,2025-11-14 00:54:10.156033,2025-11-14 00:54:10.156033,2
869.2,213.2,20082813788,20082813788,Base Product,N/A,,,2025-11-14 00:54:10.156033,2025-11-14 00:54:10.156033,2
870.2,214.2,20182906848,20182906848,Base Product,N/A,,,2025-11-14 00:54:10.156033,2025-11-14 00:54:10.156033,2
871.2,215.2,20220056189,20220056189,Base Product,N/A,,,2025-11-14 00:54:10.156033,2025-11-14 00:54:10.156033,2
872.2,216.2,21720061273,21720061273,Base Product,N/A,,,2025-11-14 00:54:10.156033,2025-11-14 00:54:10.156033,2
873.2,217.2,21931161899,21931161899,Base Product,N/A,,,2025-11-14 00:54:10.156033,2025-11-14 00:54:10.156033,2
874.2,218.2,237227596809,237227596809,Base Product,N/A,,,2025-11-14 00:54:10.156033,2025-11-14 00:54:10.156033,2
875.2,219.2,237227596810,237227596810,Base Product,N/A,,,2025-11-14 00:54:10.156033,2025-11-14 00:54:10.156033,2
876.2,220.2,25120906203,25120906203,Base Product,N/A,,,2025-11-14 00:54:10.156033,2025-11-14 00:54:10.156033,2
877.2,221.2,257229121674,257229121674,Base Product,N/A,,,2025-11-14 00:54:10.156033,2025-11-14 00:54:10.156033,2
878.2,222.2,2993820452,2993820452,Base Product,N/A,,,2025-11-14 00:54:10.156033,2025-11-14 00:54:10.156033,2
879.2,223.2,32392816584,32392816584,Base Product,N/A,,,2025-11-14 00:54:10.156033,2025-11-14 00:54:10.156033,2
880.2,224.2,32392816585,32392816585,Base Product,N/A,,,2025-11-14 00:54:10.156033,2025-11-14 00:54:10.156033,2
881.2,225.2,32392816586,32392816586,Base Product,N/A,,,2025-11-14 00:54:10.156033,2025-11-14 00:54:10.156033,2
882.2,226.2,32392816587,32392816587,Base Product,N/A,,,2025-11-14 00:54:10.156033,2025-11-14 00:54:10.156033,2
883.2,227.2,34645247793,34645247793,Base Product,N/A,,,2025-11-14 00:54:10.156033,2025-11-14 00:54:10.156033,2
884.2,228.2,34645247794,34645247794,Base Product,N/A,,,2025-11-14 00:54:10.156033,2025-11-14 00:54:10.156033,2
885.2,229.2,34645247795,34645247795,Base Product,N/A,,,2025-11-14 00:54:10.156033,2025-11-14 00:54:10.156033,2
886.2,230.2,34645247796,34645247796,Base Product,N/A,,,2025-11-14 00:54:10.156033,2025-11-14 00:54:10.156033,2
887.2,231.2,34645247797,34645247797,Base Product,N/A,,,2025-11-14 00:54:10.156033,2025-11-14 00:54:10.156033,2
888.2,232.2,34645247798,34645247798,Base Product,N/A,,,2025-11-14 00:54:10.156033,2025-11-14 00:54:10.156033,2
889.2,233.2,34645247799,34645247799,Base Product,N/A,,,2025-11-14 00:54:10.156033,2025-11-14 00:54:10.156033,2
890.2,234.2,34645247800,34645247800,Base Product,N/A,,,2025-11-14 00:54:10.156033,2025-11-14 00:54:10.156033,2
891.2,235.2,34645247801,34645247801,Base Product,N/A,,,2025-11-14 00:54:10.156033,2025-11-14 00:54:10.156033,2
892.2,236.2,34645247802,34645247802,Base Product,N/A,,,2025-11-14 00:54:10.156033,2025-11-14 00:54:10.156033,2
893.2,237.2,34645247803,34645247803,Base Product,N/A,,,2025-11-14 00:54:10.156033,2025-11-14 00:54:10.156033,2
894.2,238.2,34645247804,34645247804,Base Product,N/A,,,2025-11-14 00:54:10.156033,2025-11-14 00:54:10.156033,2
895.2,239.2,3681850544,3681850544,Base Product,N/A,,,2025-11-14 00:54:10.156033,2025-11-14 00:54:10.156033,2
896.2,240.2,4172668716,4172668716,Base Product,N/A,,,2025-11-14 00:54:10.156033,2025-11-14 00:54:10.156033,2
897.2,241.2,4661610905,4661610905,Base Product,N/A,,,2025-11-14 00:54:10.156033,2025-11-14 00:54:10.156033,2
898.2,242.2,5451694941,5451694941,Base Product,N/A,,,2025-11-14 00:54:10.156033,2025-11-14 00:54:10.156033,2
899.2,243.2,57066165363,57066165363,Base Product,N/A,,,2025-11-14 00:54:10.156033,2025-11-14 00:54:10.156033,2
900.2,244.2,57066165364,57066165364,Base Product,N/A,,,2025-11-14 00:54:10.156033,2025-11-14 00:54:10.156033,2
901.2,245.2,57066165365,57066165365,Base Product,N/A,,,2025-11-14 00:54:10.156033,2025-11-14 00:54:10.156033,2
902.2,246.2,5785078730,5785078730,Base Product,N/A,,,2025-11-14 00:54:10.156033,2025-11-14 00:54:10.156033,2
903.2,247.2,7393631843,7393631843,Base Product,N/A,,,2025-11-14 00:54:10.156033,2025-11-14 00:54:10.156033,2
904.2,248.2,8025239683,8025239683,Base Product,N/A,,,2025-11-14 00:54:10.156033,2025-11-14 00:54:10.156033,2
905.2,249.2,8260694757,8260694757,Base Product,N/A,,,2025-11-14 00:54:10.156033,2025-11-14 00:54:10.156033,2
906.2,250.2,8825244143,8825244143,Base Product,N/A,,,2025-11-14 00:54:10.156033,2025-11-14 00:54:10.156033,2
907.2,251.2,90204586383,90204586383,Base Product,N/A,,,2025-11-14 00:54:10.156033,2025-11-14 00:54:10.156033,2
908.2,252.2,9056841689,9056841689,Base Product,N/A,,,2025-11-14 00:54:10.156033,2025-11-14 00:54:10.156033,2
909.1,24.1,17089061731,17089061731,Fragrance Product,100ml,1850.0,1850.0,2025-11-14 00:54:10.273733,2025-11-14 00:54:10.273733,1
910.1,25.1,17167753965,17167753965,Fragrance Product,100ml,1850.0,1850.0,2025-11-14 00:54:10.273733,2025-11-14 00:54:10.273733,1
911.1,1.1,DEFAULT_3464151195,DEFAULT_3464151195,Not Specified,Not Specified,,,2025-11-14 00:54:10.276913,2025-11-14 00:54:10.276913,1
912.1,2.1,DEFAULT_5175120341,DEFAULT_5175120341,Not Specified,Not Specified,,,2025-11-14 00:54:10.276913,2025-11-14 00:54:10.276913,1
913.1,3.1,DEFAULT_5081975434,DEFAULT_5081975434,Not Specified,Not Specified,,,2025-11-14 00:54:10.276913,2025-11-14 00:54:10.276913,1
914.1,4.1,DEFAULT_3730272243,DEFAULT_3730272243,Not Specified,Not Specified,,,2025-11-14 00:54:10.276913,2025-11-14 00:54:10.276913,1
915.1,5.1,DEFAULT_3727967121,DEFAULT_3727967121,Not Specified,Not Specified,,,2025-11-14 00:54:10.276913,2025-11-14 00:54:10.276913,1
916.1,6.1,DEFAULT_5226953157,DEFAULT_5226953157,Not Specified,Not Specified,,,2025-11-14 00:54:10.276913,2025-11-14 00:54:10.276913,1
917.1,7.1,DEFAULT_3368572353,DEFAULT_3368572353,Not Specified,Not Specified,,,2025-11-14 00:54:10.276913,2025-11-14 00:54:10.276913,1
918.1,8.1,DEFAULT_4896157465,DEFAULT_4896157465,Not Specified,Not Specified,,,2025-11-14 00:54:10.276913,2025-11-14 00:54:10.276913,1
919.1,9.1,DEFAULT_4338109406,DEFAULT_4338109406,Not Specified,Not Specified,,,2025-11-14 00:54:10.276913,2025-11-14 00:54:10.276913,1
920.1,10.1,DEFAULT_4435102730,DEFAULT_4435102730,Not Specified,Not Specified,,,2025-11-14 00:54:10.276913,2025-11-14 00:54:10.276913,1
921.1,11.1,DEFAULT_4419425595,DEFAULT_4419425595,Not Specified,Not Specified,,,2025-11-14 00:54:10.276913,2025-11-14 00:54:10.276913,1
922.1,12.1,DEFAULT_4235474277,DEFAULT_4235474277,Not Specified,Not Specified,,,2025-11-14 00:54:10.276913,2025-11-14 00:54:10.276913,1
923.1,13.1,DEFAULT_4739531372,DEFAULT_4739531372,Not Specified,Not Specified,,,2025-11-14 00:54:10.276913,2025-11-14 00:54:10.276913,1
924.1,14.1,DEFAULT_4921156480,DEFAULT_4921156480,Not Specified,Not Specified,,,2025-11-14 00:54:10.276913,2025-11-14 00:54:10.276913,1
925.1,15.1,DEFAULT_1856986844,DEFAULT_1856986844,Not Specified,Not Specified,,,2025-11-14 00:54:10.276913,2025-11-14 00:54:10.276913,1
926.1,16.1,DEFAULT_4337079607,DEFAULT_4337079607,Not Specified,Not Specified,,,2025-11-14 00:54:10.276913,2025-11-14 00:54:10.276913,1
927.1,17.1,DEFAULT_1857030628,DEFAULT_1857030628,Not Specified,Not Specified,,,2025-11-14 00:54:10.276913,2025-11-14 00:54:10.276913,1
928.1,18.1,DEFAULT_4726844228,DEFAULT_4726844228,Not Specified,Not Specified,,,2025-11-14 00:54:10.276913,2025-11-14 00:54:10.276913,1
929.1,19.1,DEFAULT_1856947959,DEFAULT_1856947959,Not Specified,Not Specified,,,2025-11-14 00:54:10.276913,2025-11-14 00:54:10.276913,1
930.1,20.1,DEFAULT_3382826683,DEFAULT_3382826683,Not Specified,Not Specified,,,2025-11-14 00:54:10.276913,2025-11-14 00:54:10.276913,1
931.1,21.1,DEFAULT_3884388412,DEFAULT_3884388412,Not Specified,Not Specified,,,2025-11-14 00:54:10.276913,2025-11-14 00:54:10.276913,1
932.1,22.1,DEFAULT_3583313195,DEFAULT_3583313195,Not Specified,Not Specified,,,2025-11-14 00:54:10.276913,2025-11-14 00:54:10.276913,1
933.1,23.1,DEFAULT_4419369844,DEFAULT_4419369844,Not Specified,Not Specified,,,2025-11-14 00:54:10.276913,2025-11-14 00:54:10.276913,1
934.2,1.2,DEFAULT_5584672956,DEFAULT_5584672956,Not Specified,Not Specified,,,2025-11-14 00:54:10.276913,2025-11-14 00:54:10.276913,2
935.2,2.2,DEFAULT_3561704640,DEFAULT_3561704640,Not Specified,Not Specified,,,2025-11-14 00:54:10.276913,2025-11-14 00:54:10.276913,2
936.2,3.2,DEFAULT_6181752848,DEFAULT_6181752848,Not Specified,Not Specified,,,2025-11-14 00:54:10.276913,2025-11-14 00:54:10.276913,2
937.2,4.2,DEFAULT_11715006538,DEFAULT_11715006538,Not Specified,Not Specified,,,2025-11-14 00:54:10.276913,2025-11-14 00:54:10.276913,2
938.2,5.2,DEFAULT_26661421920,DEFAULT_26661421920,Not Specified,Not Specified,,,2025-11-14 00:54:10.276913,2025-11-14 00:54:10.276913,2
939.2,6.2,DEFAULT_9540916930,DEFAULT_9540916930,Not Specified,Not Specified,,,2025-11-14 00:54:10.276913,2025-11-14 00:54:10.276913,2
940.2,7.2,DEFAULT_41565317225,DEFAULT_41565317225,Not Specified,Not Specified,,,2025-11-14 00:54:10.276913,2025-11-14 00:54:10.276913,2
941.2,8.2,DEFAULT_10126443491,DEFAULT_10126443491,Not Specified,Not Specified,,,2025-11-14 00:54:10.276913,2025-11-14 00:54:10.276913,2
942.2,9.2,DEFAULT_40460773114,DEFAULT_40460773114,Not Specified,Not Specified,,,2025-11-14 00:54:10.276913,2025-11-14 00:54:10.276913,2
943.2,10.2,DEFAULT_7871666518,DEFAULT_7871666518,Not Specified,Not Specified,,,2025-11-14 00:54:10.276913,2025-11-14 00:54:10.276913,2
944.2,11.2,DEFAULT_8074718541,DEFAULT_8074718541,Not Specified,Not Specified,,,2025-11-14 00:54:10.276913,2025-11-14 00:54:10.276913,2
945.2,12.2,DEFAULT_8872137642,DEFAULT_8872137642,Not Specified,Not Specified,,,2025-11-14 00:54:10.276913,2025-11-14 00:54:10.276913,2
946.2,13.2,DEFAULT_24570916273,DEFAULT_24570916273,Not Specified,Not Specified,,,2025-11-14 00:54:10.276913,2025-11-14 00:54:10.276913,2
947.2,14.2,DEFAULT_24720910252,DEFAULT_24720910252,Not Specified,Not Specified,,,2025-11-14 00:54:10.276913,2025-11-14 00:54:10.276913,2
948.2,15.2,DEFAULT_43915446422,DEFAULT_43915446422,Not Specified,Not Specified,,,2025-11-14 00:54:10.276913,2025-11-14 00:54:10.276913,2
949.2,16.2,DEFAULT_10711435960,DEFAULT_10711435960,Not Specified,Not Specified,,,2025-11-14 00:54:10.276913,2025-11-14 00:54:10.276913,2
950.2,17.2,DEFAULT_28604224516,DEFAULT_28604224516,Not Specified,Not Specified,,,2025-11-14 00:54:10.276913,2025-11-14 00:54:10.276913,2
951.2,18.2,DEFAULT_25851471279,DEFAULT_25851471279,Not Specified,Not Specified,,,2025-11-14 00:54:10.276913,2025-11-14 00:54:10.276913,2
952.2,19.2,DEFAULT_11020948637,DEFAULT_11020948637,Not Specified,Not Specified,,,2025-11-14 00:54:10.276913,2025-11-14 00:54:10.276913,2
953.2,20.2,DEFAULT_9274362526,DEFAULT_9274362526,Not Specified,Not Specified,,,2025-11-14 00:54:10.276913,2025-11-14 00:54:10.276913,2
954.2,21.2,DEFAULT_15949821605,DEFAULT_15949821605,Not Specified,Not Specified,,,2025-11-14 00:54:10.276913,2025-11-14 00:54:10.276913,2
955.2,22.2,DEFAULT_24970906364,DEFAULT_24970906364,Not Specified,Not Specified,,,2025-11-14 00:54:10.276913,2025-11-14 00:54:10.276913,2
956.2,23.2,DEFAULT_13808348767,DEFAULT_13808348767,Not Specified,Not Specified,,,2025-11-14 00:54:10.276913,2025-11-14 00:54:10.276913,2
957.2,24.2,DEFAULT_40207388532,DEFAULT_40207388532,Not Specified,Not Specified,,,2025-11-14 00:54:10.276913,2025-11-14 00:54:10.276913,2
958.2,25.2,DEFAULT_10115007398,DEFAULT_10115007398,Not Specified,Not Specified,,,2025-11-14 00:54:10.276913,2025-11-14 00:54:10.276913,2
959.2,26.2,DEFAULT_24532932414,DEFAULT_24532932414,Not Specified,Not Specified,,,2025-11-14 00:54:10.276913,2025-11-14 00:54:10.276913,2
960.2,27.2,DEFAULT_40902294452,DEFAULT_40902294452,Not Specified,Not Specified,,,2025-11-14 00:54:10.276913,2025-11-14 00:54:10.276913,2
961.2,28.2,DEFAULT_7193623275,DEFAULT_7193623275,Not Specified,Not Specified,,,2025-11-14 00:54:10.276913,2025-11-14 00:54:10.276913,2
962.2,29.2,DEFAULT_18878439578,DEFAULT_18878439578,Not Specified,Not Specified,,,2025-11-14 00:54:10.276913,2025-11-14 00:54:10.276913,2
963.2,30.2,DEFAULT_21286352012,DEFAULT_21286352012,Not Specified,Not Specified,,,2025-11-14 00:54:10.276913,2025-11-14 00:54:10.276913,2
964.2,31.2,DEFAULT_14087729456,DEFAULT_14087729456,Not Specified,Not Specified,,,2025-11-14 00:54:10.276913,2025-11-14 00:54:10.276913,2
965.2,32.2,DEFAULT_8863231191,DEFAULT_8863231191,Not Specified,Not Specified,,,2025-11-14 00:54:10.276913,2025-11-14 00:54:10.276913,2
966.2,33.2,DEFAULT_12706851078,DEFAULT_12706851078,Not Specified,Not Specified,,,2025-11-14 00:54:10.276913,2025-11-14 00:54:10.276913,2
967.2,34.2,DEFAULT_40715325508,DEFAULT_40715325508,Not Specified,Not Specified,,,2025-11-14 00:54:10.276913,2025-11-14 00:54:10.276913,2
968.2,35.2,DEFAULT_11130461258,DEFAULT_11130461258,Not Specified,Not Specified,,,2025-11-14 00:54:10.276913,2025-11-14 00:54:10.276913,2
969.2,36.2,DEFAULT_28482713306,DEFAULT_28482713306,Not Specified,Not Specified,,,2025-11-14 00:54:10.276913,2025-11-14 00:54:10.276913,2
970.2,37.2,DEFAULT_2994461147,DEFAULT_2994461147,Not Specified,Not Specified,,,2025-11-14 00:54:10.276913,2025-11-14 00:54:10.276913,2
971.2,38.2,DEFAULT_24070911495,DEFAULT_24070911495,Not Specified,Not Specified,,,2025-11-14 00:54:10.276913,2025-11-14 00:54:10.276913,2
972.2,39.2,DEFAULT_25262822617,DEFAULT_25262822617,Not Specified,Not Specified,,,2025-11-14 00:54:10.276913,2025-11-14 00:54:10.276913,2
973.2,40.2,DEFAULT_43458733175,DEFAULT_43458733175,Not Specified,Not Specified,,,2025-11-14 00:54:10.276913,2025-11-14 00:54:10.276913,2
974.2,41.2,DEFAULT_22978519620,DEFAULT_22978519620,Not Specified,Not Specified,,,2025-11-14 00:54:10.276913,2025-11-14 00:54:10.276913,2
975.2,42.2,DEFAULT_8106980080,DEFAULT_8106980080,Not Specified,Not Specified,,,2025-11-14 00:54:10.276913,2025-11-14 00:54:10.276913,2
976.2,43.2,DEFAULT_24563211022,DEFAULT_24563211022,Not Specified,Not Specified,,,2025-11-14 00:54:10.276913,2025-11-14 00:54:10.276913,2
977.2,44.2,DEFAULT_25170906640,DEFAULT_25170906640,Not Specified,Not Specified,,,2025-11-14 00:54:10.276913,2025-11-14 00:54:10.276913,2
978.2,45.2,DEFAULT_29170344623,DEFAULT_29170344623,Not Specified,Not Specified,,,2025-11-14 00:54:10.276913,2025-11-14 00:54:10.276913,2
979.2,46.2,DEFAULT_6772995515,DEFAULT_6772995515,Not Specified,Not Specified,,,2025-11-14 00:54:10.276913,2025-11-14 00:54:10.276913,2
980.2,47.2,DEFAULT_8857702981,DEFAULT_8857702981,Not Specified,Not Specified,,,2025-11-14 00:54:10.276913,2025-11-14 00:54:10.276913,2
981.2,48.2,DEFAULT_20272724048,DEFAULT_20272724048,Not Specified,Not Specified,,,2025-11-14 00:54:10.276913,2025-11-14 00:54:10.276913,2
982.2,49.2,DEFAULT_7193623275,DEFAULT_7193623275,Not Specified,Not Specified,,,2025-11-14 00:54:10.276913,2025-11-14 00:54:10.276913,2
983.2,50.2,DEFAULT_5584672956,DEFAULT_5584672956,Not Specified,Not Specified,,,2025-11-14 00:54:10.276913,2025-11-14 00:54:10.276913,2
984.2,51.2,DEFAULT_8074718541,DEFAULT_8074718541,Not Specified,Not Specified,,,2025-11-14 00:54:10.276913,2025-11-14 00:54:10.276913,2
985.2,52.2,DEFAULT_11020948637,DEFAULT_11020948637,Not Specified,Not Specified,,,2025-11-14 00:54:10.276913,2025-11-14 00:54:10.276913,2
986.2,53.2,DEFAULT_10115007398,DEFAULT_10115007398,Not Specified,Not Specified,,,2025-11-14 00:54:10.276913,2025-11-14 00:54:10.276913,2
987.2,54.2,DEFAULT_24532932414,DEFAULT_24532932414,Not Specified,Not Specified,,,2025-11-14 00:54:10.276913,2025-11-14 00:54:10.276913,2
988.2,55.2,DEFAULT_3561704640,DEFAULT_3561704640,Not Specified,Not Specified,,,2025-11-14 00:54:10.276913,2025-11-14 00:54:10.276913,2
989.2,56.2,DEFAULT_18878439578,DEFAULT_18878439578,Not Specified,Not Specified,,,2025-11-14 00:54:10.276913,2025-11-14 00:54:10.276913,2
990.2,57.2,DEFAULT_40460773114,DEFAULT_40460773114,Not Specified,Not Specified,,,2025-11-14 00:54:10.276913,2025-11-14 00:54:10.276913,2
991.2,58.2,DEFAULT_28604224516,DEFAULT_28604224516,Not Specified,Not Specified,,,2025-11-14 00:54:10.276913,2025-11-14 00:54:10.276913,2
992.2,59.2,DEFAULT_24570916273,DEFAULT_24570916273,Not Specified,Not Specified,,,2025-11-14 00:54:10.276913,2025-11-14 00:54:10.276913,2
993.2,60.2,DEFAULT_40715325508,DEFAULT_40715325508,Not Specified,Not Specified,,,2025-11-14 00:54:10.276913,2025-11-14 00:54:10.276913,2
994.2,61.2,DEFAULT_43458733175,DEFAULT_43458733175,Not Specified,Not Specified,,,2025-11-14 00:54:10.276913,2025-11-14 00:54:10.276913,2
995.2,62.2,DEFAULT_40207388532,DEFAULT_40207388532,Not Specified,Not Specified,,,2025-11-14 00:54:10.276913,2025-11-14 00:54:10.276913,2
996.2,63.2,DEFAULT_24070911495,DEFAULT_24070911495,Not Specified,Not Specified,,,2025-11-14 00:54:10.276913,2025-11-14 00:54:10.276913,2
997.2,64.2,DEFAULT_10711435960,DEFAULT_10711435960,Not Specified,Not Specified,,,2025-11-14 00:54:10.276913,2025-11-14 00:54:10.276913,2
998.2,65.2,DEFAULT_24720910252,DEFAULT_24720910252,Not Specified,Not Specified,,,2025-11-14 00:54:10.276913,2025-11-14 00:54:10.276913,2
999.2,66.2,DEFAULT_22978519620,DEFAULT_22978519620,Not Specified,Not Specified,,,2025-11-14 00:54:10.276913,2025-11-14 00:54:10.276913,2
1000.2,67.2,DEFAULT_28482713306,DEFAULT_28482713306,Not Specified,Not Specified,,,2025-11-14 00:54:10.276913,2025-11-14 00:54:10.276913,2
1001.2,68.2,DEFAULT_2994461147,DEFAULT_2994461147,Not Specified,Not Specified,,,2025-11-14 00:54:10.276913,2025-11-14 00:54:10.276913,2
1002.2,69.2,DEFAULT_26661421920,DEFAULT_26661421920,Not Specified,Not Specified,,,2025-11-14 00:54:10.276913,2025-11-14 00:54:10.276913,2
1003.2,70.2,DEFAULT_25851471279,DEFAULT_25851471279,Not Specified,Not Specified,,,2025-11-14 00:54:10.276913,2025-11-14 00:54:10.276913,2
1004.2,71.2,DEFAULT_8857702981,DEFAULT_8857702981,Not Specified,Not Specified,,,2025-11-14 00:54:10.276913,2025-11-14 00:54:10.276913,2
1005.2,72.2,DEFAULT_8863231191,DEFAULT_8863231191,Not Specified,Not Specified,,,2025-11-14 00:54:10.276913,2025-11-14 00:54:10.276913,2
1006.2,73.2,DEFAULT_9540916930,DEFAULT_9540916930,Not Specified,Not Specified,,,2025-11-14 00:54:10.276913,2025-11-14 00:54:10.276913,2
1007.2,74.2,DEFAULT_25262822617,DEFAULT_25262822617,Not Specified,Not Specified,,,2025-11-14 00:54:10.276913,2025-11-14 00:54:10.276913,2
1008.2,75.2,DEFAULT_8106980080,DEFAULT_8106980080,Not Specified,Not Specified,,,2025-11-14 00:54:10.276913,2025-11-14 00:54:10.276913,2
1009.2,76.2,DEFAULT_9274362526,DEFAULT_9274362526,Not Specified,Not Specified,,,2025-11-14 00:54:10.276913,2025-11-14 00:54:10.276913,2
1010.2,77.2,DEFAULT_25170906640,DEFAULT_25170906640,Not Specified,Not Specified,,,2025-11-14 00:54:10.276913,2025-11-14 00:54:10.276913,2
1011.2,78.2,DEFAULT_41565317225,DEFAULT_41565317225,Not Specified,Not Specified,,,2025-11-14 00:54:10.276913,2025-11-14 00:54:10.276913,2
1012.2,79.2,DEFAULT_40902294452,DEFAULT_40902294452,Not Specified,Not Specified,,,2025-11-14 00:54:10.276913,2025-11-14 00:54:10.276913,2
1013.2,80.2,DEFAULT_12706851078,DEFAULT_12706851078,Not Specified,Not Specified,,,2025-11-14 00:54:10.276913,2025-11-14 00:54:10.276913,2
1014.2,81.2,DEFAULT_15949821605,DEFAULT_15949821605,Not Specified,Not Specified,,,2025-11-14 00:54:10.276913,2025-11-14 00:54:10.276913,2
1015.2,82.2,DEFAULT_43915446422,DEFAULT_43915446422,Not Specified,Not Specified,,,2025-11-14 00:54:10.276913,2025-11-14 00:54:10.276913,2
1016.2,83.2,DEFAULT_11130461258,DEFAULT_11130461258,Not Specified,Not Specified,,,2025-11-14 00:54:10.276913,2025-11-14 00:54:10.276913,2
1017.2,84.2,DEFAULT_6181752848,DEFAULT_6181752848,Not Specified,Not Specified,,,2025-11-14 00:54:10.276913,2025-11-14 00:54:10.276913,2
1018.2,85.2,DEFAULT_21286352012,DEFAULT_21286352012,Not Specified,Not Specified,,,2025-11-14 00:54:10.276913,2025-11-14 00:54:10.276913,2
1019.2,86.2,DEFAULT_7871666518,DEFAULT_7871666518,Not Specified,Not Specified,,,2025-11-14 00:54:10.276913,2025-11-14 00:54:10.276913,2
1020.2,87.2,DEFAULT_29170344623,DEFAULT_29170344623,Not Specified,Not Specified,,,2025-11-14 00:54:10.276913,2025-11-14 00:54:10.276913,2
1021.2,88.2,DEFAULT_24563211022,DEFAULT_24563211022,Not Specified,Not Specified,,,2025-11-14 00:54:10.276913,2025-11-14 00:54:10.276913,2
1022.2,89.2,DEFAULT_14087729456,DEFAULT_14087729456,Not Specified,Not Specified,,,2025-11-14 00:54:10.276913,2025-11-14 00:54:10.276913,2
1023.2,90.2,DEFAULT_10126443491,DEFAULT_10126443491,Not Specified,Not Specified,,,2025-11-14 00:54:10.276913,2025-11-14 00:54:10.276913,2
1024.2,91.2,DEFAULT_13808348767,DEFAULT_13808348767,Not Specified,Not Specified,,,2025-11-14 00:54:10.276913,2025-11-14 00:54:10.276913,2
1025.2,92.2,DEFAULT_24970906364,DEFAULT_24970906364,Not Specified,Not Specified,,,2025-11-14 00:54:10.276913,2025-11-14 00:54:10.276913,2
1026.2,93.2,DEFAULT_6772995515,DEFAULT_6772995515,Not Specified,Not Specified,,,2025-11-14 00:54:10.276913,2025-11-14 00:54:10.276913,2
1027.2,94.2,DEFAULT_8872137642,DEFAULT_8872137642,Not Specified,Not Specified,,,2025-11-14 00:54:10.276913,2025-11-14 00:54:10.276913,2
1028.2,95.2,DEFAULT_11715006538,DEFAULT_11715006538,Not Specified,Not Specified,,,2025-11-14 00:54:10.276913,2025-11-14 00:54:10.276913,2
1029.2,96.2,DEFAULT_20272724048,DEFAULT_20272724048,Not Specified,Not Specified,,,2025-11-14 00:54:10.276913,2025-11-14 00:54:10.276913,2
1030.2,97.2,DEFAULT_10115007398,DEFAULT_10115007398,Not Specified,Not Specified,,,2025-11-14 00:54:10.276913,2025-11-14 00:54:10.276913,2
1031.2,98.2,DEFAULT_6181752848,DEFAULT_6181752848,Not Specified,Not Specified,,,2025-11-14 00:54:10.276913,2025-11-14 00:54:10.276913,2
1032.2,99.2,DEFAULT_40460773114,DEFAULT_40460773114,Not Specified,Not Specified,,,2025-11-14 00:54:10.276913,2025-11-14 00:54:10.276913,2
1033.2,100.2,DEFAULT_40715325508,DEFAULT_40715325508,Not Specified,Not Specified,,,2025-11-14 00:54:10.276913,2025-11-14 00:54:10.276913,2
1034.2,101.2,DEFAULT_26661421920,DEFAULT_26661421920,Not Specified,Not Specified,,,2025-11-14 00:54:10.276913,2025-11-14 00:54:10.276913,2
1035.2,102.2,DEFAULT_43915446422,DEFAULT_43915446422,Not Specified,Not Specified,,,2025-11-14 00:54:10.276913,2025-11-14 00:54:10.276913,2
1036.2,103.2,DEFAULT_29170344623,DEFAULT_29170344623,Not Specified,Not Specified,,,2025-11-14 00:54:10.276913,2025-11-14 00:54:10.276913,2
1037.2,104.2,DEFAULT_5584672956,DEFAULT_5584672956,Not Specified,Not Specified,,,2025-11-14 00:54:10.276913,2025-11-14 00:54:10.276913,2
1038.2,105.2,DEFAULT_11130461258,DEFAULT_11130461258,Not Specified,Not Specified,,,2025-11-14 00:54:10.276913,2025-11-14 00:54:10.276913,2
1039.2,106.2,DEFAULT_24970906364,DEFAULT_24970906364,Not Specified,Not Specified,,,2025-11-14 00:54:10.276913,2025-11-14 00:54:10.276913,2
1040.2,107.2,DEFAULT_8074718541,DEFAULT_8074718541,Not Specified,Not Specified,,,2025-11-14 00:54:10.276913,2025-11-14 00:54:10.276913,2
1041.2,108.2,DEFAULT_41565317225,DEFAULT_41565317225,Not Specified,Not Specified,,,2025-11-14 00:54:10.276913,2025-11-14 00:54:10.276913,2
1042.2,109.2,DEFAULT_21286352012,DEFAULT_21286352012,Not Specified,Not Specified,,,2025-11-14 00:54:10.276913,2025-11-14 00:54:10.276913,2
1043.2,110.2,DEFAULT_8863231191,DEFAULT_8863231191,Not Specified,Not Specified,,,2025-11-14 00:54:10.276913,2025-11-14 00:54:10.276913,2
1044.2,111.2,DEFAULT_15949821605,DEFAULT_15949821605,Not Specified,Not Specified,,,2025-11-14 00:54:10.276913,2025-11-14 00:54:10.276913,2
1045.2,112.2,DEFAULT_13808348767,DEFAULT_13808348767,Not Specified,Not Specified,,,2025-11-14 00:54:10.276913,2025-11-14 00:54:10.276913,2
1046.2,113.2,DEFAULT_3561704640,DEFAULT_3561704640,Not Specified,Not Specified,,,2025-11-14 00:54:10.276913,2025-11-14 00:54:10.276913,2
1047.2,114.2,DEFAULT_8857702981,DEFAULT_8857702981,Not Specified,Not Specified,,,2025-11-14 00:54:10.276913,2025-11-14 00:54:10.276913,2
1048.2,115.2,DEFAULT_9540916930,DEFAULT_9540916930,Not Specified,Not Specified,,,2025-11-14 00:54:10.276913,2025-11-14 00:54:10.276913,2
1049.2,116.2,DEFAULT_11020948637,DEFAULT_11020948637,Not Specified,Not Specified,,,2025-11-14 00:54:10.276913,2025-11-14 00:54:10.276913,2
1050.2,117.2,DEFAULT_24563211022,DEFAULT_24563211022,Not Specified,Not Specified,,,2025-11-14 00:54:10.276913,2025-11-14 00:54:10.276913,2
1051.2,118.2,DEFAULT_28604224516,DEFAULT_28604224516,Not Specified,Not Specified,,,2025-11-14 00:54:10.276913,2025-11-14 00:54:10.276913,2
1052.2,119.2,DEFAULT_8872137642,DEFAULT_8872137642,Not Specified,Not Specified,,,2025-11-14 00:54:10.276913,2025-11-14 00:54:10.276913,2
1053.2,120.2,DEFAULT_7871666518,DEFAULT_7871666518,Not Specified,Not Specified,,,2025-11-14 00:54:10.276913,2025-11-14 00:54:10.276913,2
1054.2,121.2,DEFAULT_10711435960,DEFAULT_10711435960,Not Specified,Not Specified,,,2025-11-14 00:54:10.276913,2025-11-14 00:54:10.276913,2
1055.2,122.2,DEFAULT_6772995515,DEFAULT_6772995515,Not Specified,Not Specified,,,2025-11-14 00:54:10.276913,2025-11-14 00:54:10.276913,2
1056.2,123.2,DEFAULT_22978519620,DEFAULT_22978519620,Not Specified,Not Specified,,,2025-11-14 00:54:10.276913,2025-11-14 00:54:10.276913,2
1057.2,124.2,DEFAULT_40207388532,DEFAULT_40207388532,Not Specified,Not Specified,,,2025-11-14 00:54:10.276913,2025-11-14 00:54:10.276913,2
1058.2,125.2,DEFAULT_8106980080,DEFAULT_8106980080,Not Specified,Not Specified,,,2025-11-14 00:54:10.276913,2025-11-14 00:54:10.276913,2
1059.2,126.2,DEFAULT_24720910252,DEFAULT_24720910252,Not Specified,Not Specified,,,2025-11-14 00:54:10.276913,2025-11-14 00:54:10.276913,2
1060.2,127.2,DEFAULT_28482713306,DEFAULT_28482713306,Not Specified,Not Specified,,,2025-11-14 00:54:10.276913,2025-11-14 00:54:10.276913,2
1061.2,128.2,DEFAULT_24570916273,DEFAULT_24570916273,Not Specified,Not Specified,,,2025-11-14 00:54:10.276913,2025-11-14 00:54:10.276913,2
1062.2,129.2,DEFAULT_24070911495,DEFAULT_24070911495,Not Specified,Not Specified,,,2025-11-14 00:54:10.276913,2025-11-14 00:54:10.276913,2
1063.2,130.2,DEFAULT_20272724048,DEFAULT_20272724048,Not Specified,Not Specified,,,2025-11-14 00:54:10.276913,2025-11-14 00:54:10.276913,2
1064.2,131.2,DEFAULT_24532932414,DEFAULT_24532932414,Not Specified,Not Specified,,,2025-11-14 00:54:10.276913,2025-11-14 00:54:10.276913,2
1065.2,132.2,DEFAULT_2994461147,DEFAULT_2994461147,Not Specified,Not Specified,,,2025-11-14 00:54:10.276913,2025-11-14 00:54:10.276913,2
1066.2,133.2,DEFAULT_43458733175,DEFAULT_43458733175,Not Specified,Not Specified,,,2025-11-14 00:54:10.276913,2025-11-14 00:54:10.276913,2
1067.2,134.2,DEFAULT_10126443491,DEFAULT_10126443491,Not Specified,Not Specified,,,2025-11-14 00:54:10.276913,2025-11-14 00:54:10.276913,2
1068.2,135.2,DEFAULT_9274362526,DEFAULT_9274362526,Not Specified,Not Specified,,,2025-11-14 00:54:10.276913,2025-11-14 00:54:10.276913,2
1069.2,136.2,DEFAULT_11715006538,DEFAULT_11715006538,Not Specified,Not Specified,,,2025-11-14 00:54:10.276913,2025-11-14 00:54:10.276913,2
1070.2,137.2,DEFAULT_25262822617,DEFAULT_25262822617,Not Specified,Not Specified,,,2025-11-14 00:54:10.276913,2025-11-14 00:54:10.276913,2
1071.2,138.2,DEFAULT_40902294452,DEFAULT_40902294452,Not Specified,Not Specified,,,2025-11-14 00:54:10.276913,2025-11-14 00:54:10.276913,2
1072.2,139.2,DEFAULT_18878439578,DEFAULT_18878439578,Not Specified,Not Specified,,,2025-11-14 00:54:10.276913,2025-11-14 00:54:10.276913,2
1073.2,140.2,DEFAULT_25170906640,DEFAULT_25170906640,Not Specified,Not Specified,,,2025-11-14 00:54:10.276913,2025-11-14 00:54:10.276913,2
1074.2,141.2,DEFAULT_14087729456,DEFAULT_14087729456,Not Specified,Not Specified,,,2025-11-14 00:54:10.276913,2025-11-14 00:54:10.276913,2
1075.2,142.2,DEFAULT_12706851078,DEFAULT_12706851078,Not Specified,Not Specified,,,2025-11-14 00:54:10.276913,2025-11-14 00:54:10.276913,2
1076.2,143.2,DEFAULT_7193623275,DEFAULT_7193623275,Not Specified,Not Specified,,,2025-11-14 00:54:10.276913,2025-11-14 00:54:10.276913,2
1077.2,144.2,DEFAULT_25851471279,DEFAULT_25851471279,Not Specified,Not Specified,,,2025-11-14 00:54:10.276913,2025-11-14 00:54:10.276913,2
1078.2,145.2,DEFAULT_26661421920,DEFAULT_26661421920,Not Specified,Not Specified,,,2025-11-14 00:54:10.276913,2025-11-14 00:54:10.276913,2
1079.2,146.2,DEFAULT_40902294452,DEFAULT_40902294452,Not Specified,Not Specified,,,2025-11-14 00:54:10.276913,2025-11-14 00:54:10.276913,2
1080.2,147.2,DEFAULT_21286352012,DEFAULT_21286352012,Not Specified,Not Specified,,,2025-11-14 00:54:10.276913,2025-11-14 00:54:10.276913,2
1081.2,148.2,DEFAULT_43458733175,DEFAULT_43458733175,Not Specified,Not Specified,,,2025-11-14 00:54:10.276913,2025-11-14 00:54:10.276913,2
1082.2,149.2,DEFAULT_18878439578,DEFAULT_18878439578,Not Specified,Not Specified,,,2025-11-14 00:54:10.276913,2025-11-14 00:54:10.276913,2
1083.2,150.2,DEFAULT_25262822617,DEFAULT_25262822617,Not Specified,Not Specified,,,2025-11-14 00:54:10.276913,2025-11-14 00:54:10.276913,2
1084.2,151.2,DEFAULT_8872137642,DEFAULT_8872137642,Not Specified,Not Specified,,,2025-11-14 00:54:10.276913,2025-11-14 00:54:10.276913,2
1085.2,152.2,DEFAULT_7871666518,DEFAULT_7871666518,Not Specified,Not Specified,,,2025-11-14 00:54:10.276913,2025-11-14 00:54:10.276913,2
1086.2,153.2,DEFAULT_43915446422,DEFAULT_43915446422,Not Specified,Not Specified,,,2025-11-14 00:54:10.276913,2025-11-14 00:54:10.276913,2
1087.2,154.2,DEFAULT_8857702981,DEFAULT_8857702981,Not Specified,Not Specified,,,2025-11-14 00:54:10.276913,2025-11-14 00:54:10.276913,2
1088.2,155.2,DEFAULT_24070911495,DEFAULT_24070911495,Not Specified,Not Specified,,,2025-11-14 00:54:10.276913,2025-11-14 00:54:10.276913,2
1089.2,156.2,DEFAULT_40207388532,DEFAULT_40207388532,Not Specified,Not Specified,,,2025-11-14 00:54:10.276913,2025-11-14 00:54:10.276913,2
1090.2,157.2,DEFAULT_15949821605,DEFAULT_15949821605,Not Specified,Not Specified,,,2025-11-14 00:54:10.276913,2025-11-14 00:54:10.276913,2
1091.2,158.2,DEFAULT_25851471279,DEFAULT_25851471279,Not Specified,Not Specified,,,2025-11-14 00:54:10.276913,2025-11-14 00:54:10.276913,2
1092.2,159.2,DEFAULT_9274362526,DEFAULT_9274362526,Not Specified,Not Specified,,,2025-11-14 00:54:10.276913,2025-11-14 00:54:10.276913,2
1093.2,160.2,DEFAULT_6181752848,DEFAULT_6181752848,Not Specified,Not Specified,,,2025-11-14 00:54:10.276913,2025-11-14 00:54:10.276913,2
1094.2,161.2,DEFAULT_10126443491,DEFAULT_10126443491,Not Specified,Not Specified,,,2025-11-14 00:54:10.276913,2025-11-14 00:54:10.276913,2
1095.2,162.2,DEFAULT_29170344623,DEFAULT_29170344623,Not Specified,Not Specified,,,2025-11-14 00:54:10.276913,2025-11-14 00:54:10.276913,2
1096.2,163.2,DEFAULT_14087729456,DEFAULT_14087729456,Not Specified,Not Specified,,,2025-11-14 00:54:10.276913,2025-11-14 00:54:10.276913,2
1097.2,164.2,DEFAULT_6772995515,DEFAULT_6772995515,Not Specified,Not Specified,,,2025-11-14 00:54:10.276913,2025-11-14 00:54:10.276913,2
1098.2,165.2,DEFAULT_13808348767,DEFAULT_13808348767,Not Specified,Not Specified,,,2025-11-14 00:54:10.276913,2025-11-14 00:54:10.276913,2
1099.2,166.2,DEFAULT_24720910252,DEFAULT_24720910252,Not Specified,Not Specified,,,2025-11-14 00:54:10.276913,2025-11-14 00:54:10.276913,2
1100.2,167.2,DEFAULT_3561704640,DEFAULT_3561704640,Not Specified,Not Specified,,,2025-11-14 00:54:10.276913,2025-11-14 00:54:10.276913,2
1101.2,168.2,DEFAULT_8074718541,DEFAULT_8074718541,Not Specified,Not Specified,,,2025-11-14 00:54:10.276913,2025-11-14 00:54:10.276913,2
1102.2,169.2,DEFAULT_22978519620,DEFAULT_22978519620,Not Specified,Not Specified,,,2025-11-14 00:54:10.276913,2025-11-14 00:54:10.276913,2
1103.2,170.2,DEFAULT_28604224516,DEFAULT_28604224516,Not Specified,Not Specified,,,2025-11-14 00:54:10.276913,2025-11-14 00:54:10.276913,2
1104.2,171.2,DEFAULT_41565317225,DEFAULT_41565317225,Not Specified,Not Specified,,,2025-11-14 00:54:10.276913,2025-11-14 00:54:10.276913,2
1105.2,172.2,DEFAULT_11130461258,DEFAULT_11130461258,Not Specified,Not Specified,,,2025-11-14 00:54:10.276913,2025-11-14 00:54:10.276913,2
1106.2,173.2,DEFAULT_8106980080,DEFAULT_8106980080,Not Specified,Not Specified,,,2025-11-14 00:54:10.276913,2025-11-14 00:54:10.276913,2
1107.2,174.2,DEFAULT_40460773114,DEFAULT_40460773114,Not Specified,Not Specified,,,2025-11-14 00:54:10.276913,2025-11-14 00:54:10.276913,2
1108.2,175.2,DEFAULT_2994461147,DEFAULT_2994461147,Not Specified,Not Specified,,,2025-11-14 00:54:10.276913,2025-11-14 00:54:10.276913,2
1109.2,176.2,DEFAULT_24570916273,DEFAULT_24570916273,Not Specified,Not Specified,,,2025-11-14 00:54:10.276913,2025-11-14 00:54:10.276913,2
1110.2,177.2,DEFAULT_40715325508,DEFAULT_40715325508,Not Specified,Not Specified,,,2025-11-14 00:54:10.276913,2025-11-14 00:54:10.276913,2
1111.2,178.2,DEFAULT_24970906364,DEFAULT_24970906364,Not Specified,Not Specified,,,2025-11-14 00:54:10.276913,2025-11-14 00:54:10.276913,2
1112.2,179.2,DEFAULT_20272724048,DEFAULT_20272724048,Not Specified,Not Specified,,,2025-11-14 00:54:10.276913,2025-11-14 00:54:10.276913,2
1113.2,180.2,DEFAULT_11715006538,DEFAULT_11715006538,Not Specified,Not Specified,,,2025-11-14 00:54:10.276913,2025-11-14 00:54:10.276913,2
1114.2,181.2,DEFAULT_11020948637,DEFAULT_11020948637,Not Specified,Not Specified,,,2025-11-14 00:54:10.276913,2025-11-14 00:54:10.276913,2
1115.2,182.2,DEFAULT_7193623275,DEFAULT_7193623275,Not Specified,Not Specified,,,2025-11-14 00:54:10.276913,2025-11-14 00:54:10.276913,2
1116.2,183.2,DEFAULT_10115007398,DEFAULT_10115007398,Not Specified,Not Specified,,,2025-11-14 00:54:10.276913,2025-11-14 00:54:10.276913,2
1117.2,184.2,DEFAULT_24532932414,DEFAULT_24532932414,Not Specified,Not Specified,,,2025-11-14 00:54:10.276913,2025-11-14 00:54:10.276913,2
1118.2,185.2,DEFAULT_24563211022,DEFAULT_24563211022,Not Specified,Not Specified,,,2025-11-14 00:54:10.276913,2025-11-14 00:54:10.276913,2
1119.2,186.2,DEFAULT_28482713306,DEFAULT_28482713306,Not Specified,Not Specified,,,2025-11-14 00:54:10.276913,2025-11-14 00:54:10.276913,2
1120.2,187.2,DEFAULT_12706851078,DEFAULT_12706851078,Not Specified,Not Specified,,,2025-11-14 00:54:10.276913,2025-11-14 00:54:10.276913,2
1121.2,188.2,DEFAULT_8863231191,DEFAULT_8863231191,Not Specified,Not Specified,,,2025-11-14 00:54:10.276913,2025-11-14 00:54:10.276913,2
1122.2,189.2,DEFAULT_25170906640,DEFAULT_25170906640,Not Specified,Not Specified,,,2025-11-14 00:54:10.276913,2025-11-14 00:54:10.276913,2
1123.2,190.2,DEFAULT_10711435960,DEFAULT_10711435960,Not Specified,Not Specified,,,2025-11-14 00:54:10.276913,2025-11-14 00:54:10.276913,2
1124.2,191.2,DEFAULT_9540916930,DEFAULT_9540916930,Not Specified,Not Specified,,,2025-11-14 00:54:10.276913,2025-11-14 00:54:10.276913,2
1125.2,192.2,DEFAULT_5584672956,DEFAULT_5584672956,Not Specified,Not Specified,,,2025-11-14 00:54:10.276913,2025-11-14 00:54:10.276913,2
1126.2,193.2,DEFAULT_109111643031,DEFAULT_109111643031,Not Specified,Not Specified,,,2025-11-14 00:54:10.276913,2025-11-14 00:54:10.276913,2
1127.2,194.2,DEFAULT_109111643032,DEFAULT_109111643032,Not Specified,Not Specified,,,2025-11-14 00:54:10.276913,2025-11-14 00:54:10.276913,2
1128.2,195.2,DEFAULT_13008369961,DEFAULT_13008369961,Not Specified,Not Specified,,,2025-11-14 00:54:10.276913,2025-11-14 00:54:10.276913,2
1129.2,196.2,DEFAULT_148793818697,DEFAULT_148793818697,Not Specified,Not Specified,,,2025-11-14 00:54:10.276913,2025-11-14 00:54:10.276913,2
1130.2,197.2,DEFAULT_148793818698,DEFAULT_148793818698,Not Specified,Not Specified,,,2025-11-14 00:54:10.276913,2025-11-14 00:54:10.276913,2
1131.2,198.2,DEFAULT_148793818699,DEFAULT_148793818699,Not Specified,Not Specified,,,2025-11-14 00:54:10.276913,2025-11-14 00:54:10.276913,2
1132.2,199.2,DEFAULT_148793818700,DEFAULT_148793818700,Not Specified,Not Specified,,,2025-11-14 00:54:10.276913,2025-11-14 00:54:10.276913,2
1133.2,200.2,DEFAULT_148793818701,DEFAULT_148793818701,Not Specified,Not Specified,,,2025-11-14 00:54:10.276913,2025-11-14 00:54:10.276913,2
1134.2,201.2,DEFAULT_148793818703,DEFAULT_148793818703,Not Specified,Not Specified,,,2025-11-14 00:54:10.276913,2025-11-14 00:54:10.276913,2
1135.2,202.2,DEFAULT_148793818704,DEFAULT_148793818704,Not Specified,Not Specified,,,2025-11-14 00:54:10.276913,2025-11-14 00:54:10.276913,2
1136.2,203.2,DEFAULT_148793818705,DEFAULT_148793818705,Not Specified,Not Specified,,,2025-11-14 00:54:10.276913,2025-11-14 00:54:10.276913,2
1137.2,204.2,DEFAULT_163564128848,DEFAULT_163564128848,Not Specified,Not Specified,,,2025-11-14 00:54:10.276913,2025-11-14 00:54:10.276913,2
1138.2,205.2,DEFAULT_163564128849,DEFAULT_163564128849,Not Specified,Not Specified,,,2025-11-14 00:54:10.276913,2025-11-14 00:54:10.276913,2
1139.2,206.2,DEFAULT_163564128850,DEFAULT_163564128850,Not Specified,Not Specified,,,2025-11-14 00:54:10.276913,2025-11-14 00:54:10.276913,2
1140.2,207.2,DEFAULT_163950200085,DEFAULT_163950200085,Not Specified,Not Specified,,,2025-11-14 00:54:10.276913,2025-11-14 00:54:10.276913,2
1141.2,208.2,DEFAULT_163950200086,DEFAULT_163950200086,Not Specified,Not Specified,,,2025-11-14 00:54:10.276913,2025-11-14 00:54:10.276913,2
1142.2,209.2,DEFAULT_163950200087,DEFAULT_163950200087,Not Specified,Not Specified,,,2025-11-14 00:54:10.276913,2025-11-14 00:54:10.276913,2
1143.2,210.2,DEFAULT_181071975609,DEFAULT_181071975609,Not Specified,Not Specified,,,2025-11-14 00:54:10.276913,2025-11-14 00:54:10.276913,2
1144.2,211.2,DEFAULT_181071975610,DEFAULT_181071975610,Not Specified,Not Specified,,,2025-11-14 00:54:10.276913,2025-11-14 00:54:10.276913,2
1145.2,212.2,DEFAULT_181071975611,DEFAULT_181071975611,Not Specified,Not Specified,,,2025-11-14 00:54:10.276913,2025-11-14 00:54:10.276913,2
1146.2,213.2,DEFAULT_20082813788,DEFAULT_20082813788,Not Specified,Not Specified,,,2025-11-14 00:54:10.276913,2025-11-14 00:54:10.276913,2
1147.2,214.2,DEFAULT_20182906848,DEFAULT_20182906848,Not Specified,Not Specified,,,2025-11-14 00:54:10.276913,2025-11-14 00:54:10.276913,2
1148.2,215.2,DEFAULT_20220056189,DEFAULT_20220056189,Not Specified,Not Specified,,,2025-11-14 00:54:10.276913,2025-11-14 00:54:10.276913,2
1149.2,216.2,DEFAULT_21720061273,DEFAULT_21720061273,Not Specified,Not Specified,,,2025-11-14 00:54:10.276913,2025-11-14 00:54:10.276913,2
1150.2,217.2,DEFAULT_21931161899,DEFAULT_21931161899,Not Specified,Not Specified,,,2025-11-14 00:54:10.276913,2025-11-14 00:54:10.276913,2
1151.2,218.2,DEFAULT_237227596809,DEFAULT_237227596809,Not Specified,Not Specified,,,2025-11-14 00:54:10.276913,2025-11-14 00:54:10.276913,2
1152.2,219.2,DEFAULT_237227596810,DEFAULT_237227596810,Not Specified,Not Specified,,,2025-11-14 00:54:10.276913,2025-11-14 00:54:10.276913,2
1153.2,220.2,DEFAULT_25120906203,DEFAULT_25120906203,Not Specified,Not Specified,,,2025-11-14 00:54:10.276913,2025-11-14 00:54:10.276913,2
1154.2,221.2,DEFAULT_257229121674,DEFAULT_257229121674,Not Specified,Not Specified,,,2025-11-14 00:54:10.276913,2025-11-14 00:54:10.276913,2
1155.2,222.2,DEFAULT_2993820452,DEFAULT_2993820452,Not Specified,Not Specified,,,2025-11-14 00:54:10.276913,2025-11-14 00:54:10.276913,2
1156.2,223.2,DEFAULT_32392816584,DEFAULT_32392816584,Not Specified,Not Specified,,,2025-11-14 00:54:10.276913,2025-11-14 00:54:10.276913,2
1157.2,224.2,DEFAULT_32392816585,DEFAULT_32392816585,Not Specified,Not Specified,,,2025-11-14 00:54:10.276913,2025-11-14 00:54:10.276913,2
1158.2,225.2,DEFAULT_32392816586,DEFAULT_32392816586,Not Specified,Not Specified,,,2025-11-14 00:54:10.276913,2025-11-14 00:54:10.276913,2
1159.2,226.2,DEFAULT_32392816587,DEFAULT_32392816587,Not Specified,Not Specified,,,2025-11-14 00:54:10.276913,2025-11-14 00:54:10.276913,2
1160.2,227.2,DEFAULT_34645247793,DEFAULT_34645247793,Not Specified,Not Specified,,,2025-11-14 00:54:10.276913,2025-11-14 00:54:10.276913,2
1161.2,228.2,DEFAULT_34645247794,DEFAULT_34645247794,Not Specified,Not Specified,,,2025-11-14 00:54:10.276913,2025-11-14 00:54:10.276913,2
1162.2,229.2,DEFAULT_34645247795,DEFAULT_34645247795,Not Specified,Not Specified,,,2025-11-14 00:54:10.276913,2025-11-14 00:54:10.276913,2
1163.2,230.2,DEFAULT_34645247796,DEFAULT_34645247796,Not Specified,Not Specified,,,2025-11-14 00:54:10.276913,2025-11-14 00:54:10.276913,2
1164.2,231.2,DEFAULT_34645247797,DEFAULT_34645247797,Not Specified,Not Specified,,,2025-11-14 00:54:10.276913,2025-11-14 00:54:10.276913,2
1165.2,232.2,DEFAULT_34645247798,DEFAULT_34645247798,Not Specified,Not Specified,,,2025-11-14 00:54:10.276913,2025-11-14 00:54:10.276913,2
1166.2,233.2,DEFAULT_34645247799,DEFAULT_34645247799,Not Specified,Not Specified,,,2025-11-14 00:54:10.276913,2025-11-14 00:54:10.276913,2
1167.2,234.2,DEFAULT_34645247800,DEFAULT_34645247800,Not Specified,Not Specified,,,2025-11-14 00:54:10.276913,2025-11-14 00:54:10.276913,2
1168.2,235.2,DEFAULT_34645247801,DEFAULT_34645247801,Not Specified,Not Specified,,,2025-11-14 00:54:10.276913,2025-11-14 00:54:10.276913,2
1169.2,236.2,DEFAULT_34645247802,DEFAULT_34645247802,Not Specified,Not Specified,,,2025-11-14 00:54:10.276913,2025-11-14 00:54:10.276913,2
1170.2,237.2,DEFAULT_34645247803,DEFAULT_34645247803,Not Specified,Not Specified,,,2025-11-14 00:54:10.276913,2025-11-14 00:54:10.276913,2
1171.2,238.2,DEFAULT_34645247804,DEFAULT_34645247804,Not Specified,Not Specified,,,2025-11-14 00:54:10.276913,2025-11-14 00:54:10.276913,2
1172.2,239.2,DEFAULT_3681850544,DEFAULT_3681850544,Not Specified,Not Specified,,,2025-11-14 00:54:10.276913,2025-11-14 00:54:10.276913,2
1173.2,240.2,DEFAULT_4172668716,DEFAULT_4172668716,Not Specified,Not Specified,,,2025-11-14 00:54:10.276913,2025-11-14 00:54:10.276913,2
1174.2,241.2,DEFAULT_4661610905,DEFAULT_4661610905,Not Specified,Not Specified,,,2025-11-14 00:54:10.276913,2025-11-14 00:54:10.276913,2
1175.2,242.2,DEFAULT_5451694941,DEFAULT_5451694941,Not Specified,Not Specified,,,2025-11-14 00:54:10.276913,2025-11-14 00:54:10.276913,2
1176.2,243.2,DEFAULT_57066165363,DEFAULT_57066165363,Not Specified,Not Specified,,,2025-11-14 00:54:10.276913,2025-11-14 00:54:10.276913,2
1177.2,244.2,DEFAULT_57066165364,DEFAULT_57066165364,Not Specified,Not Specified,,,2025-11-14 00:54:10.276913,2025-11-14 00:54:10.276913,2
1178.2,245.2,DEFAULT_57066165365,DEFAULT_57066165365,Not Specified,Not Specified,,,2025-11-14 00:54:10.276913,2025-11-14 00:54:10.276913,2
1179.2,246.2,DEFAULT_5785078730,DEFAULT_5785078730,Not Specified,Not Specified,,,2025-11-14 00:54:10.276913,2025-11-14 00:54:10.276913,2
1180.2,247.2,DEFAULT_7393631843,DEFAULT_7393631843,Not Specified,Not Specified,,,2025-11-14 00:54:10.276913,2025-11-14 00:54:10.276913,2
1181.2,248.2,DEFAULT_8025239683,DEFAULT_8025239683,Not Specified,Not Specified,,,2025-11-14 00:54:10.276913,2025-11-14 00:54:10.276913,2
1182.2,249.2,DEFAULT_8260694757,DEFAULT_8260694757,Not Specified,Not Specified,,,2025-11-14 00:54:10.276913,2025-11-14 00:54:10.276913,2
1183.2,250.2,DEFAULT_8825244143,DEFAULT_8825244143,Not Specified,Not Specified,,,2025-11-14 00:54:10.276913,2025-11-14 00:54:10.276913,2
1184.2,251.2,DEFAULT_90204586383,DEFAULT_90204586383,Not Specified,Not Specified,,,2025-11-14 00:54:10.276913,2025-11-14 00:54:10.276913,2
1185.2,252.2,DEFAULT_9056841689,DEFAULT_9056841689,Not Specified,Not Specified,,,2025-11-14 00:54:10.276913,2025-11-14 00:54:10.276913,2
1186.1,24.1,DEFAULT_17089061731,DEFAULT_17089061731,Not Specified,Not Specified,,,2025-11-14 00:54:10.276913,2025-11-14 00:54:10.276913,1
1187.1,25.1,DEFAULT_17167753965,DEFAULT_17167753965,Not Specified,Not Specified,,,2025-11-14 00:54:10.276913,2025-11-14 00:54:10.276913,1
